Date,Name,Year,Letterboxd URI,Rating,Rewatch,Tags,Watched Date
2013-03-29,Wrong Move,1975,https://boxd.it/11l11,,,tv,1984-12-07
2013-04-30,"Yesterday, Today and Tomorrow",1963,https://boxd.it/190IJ,,,tv,1984-12-09
2013-04-30,The Merry Widow,1952,https://boxd.it/190K1,,,tv,1984-12-09
2013-04-30,Carmen,1984,https://boxd.it/190KP,,,αττικόν,1984-12-11
2013-04-30,The Maltese Falcon,1941,https://boxd.it/190LX,,Yes,tv,1984-12-14
2013-04-30,Cosmic Princess,1982,https://boxd.it/190MV,,,tv,1984-12-15
2013-04-30,A Story from Chikamatsu,1954,https://boxd.it/190Ox,,,Studio,1984-12-15
2013-04-30,The Cincinnati Kid,1965,https://boxd.it/190Pb,,Yes,tv,1984-12-16
2013-04-30,Marathon Man,1976,https://boxd.it/190R7,,,τριανόν,1984-12-18
2013-04-30,Inherit the Wind,1960,https://boxd.it/190RV,,,tv,1984-12-18
2013-06-30,High Sierra,1941,https://boxd.it/1oxMp,,,tv,1984-12-21
2013-06-30,Rollerball,1975,https://boxd.it/1oxMT,,,tv,1984-12-22
2013-06-30,Ghostbusters,1984,https://boxd.it/1oxNx,,,έλλη,1984-12-25
2013-06-30,The Three Musketeers,1948,https://boxd.it/1oxP9,,,tv,1984-12-26
2013-06-30,"From All of Us, To All of You",1958,https://boxd.it/1oxPN,,,tv,1984-12-26
2013-06-30,The Red Balloon,1956,https://boxd.it/1oxQ7,,Yes,tv,1984-12-26
2013-06-30,Life Is a Bed of Roses,1983,https://boxd.it/1oxSd,,,Studio,1984-12-27
2013-06-30,To Have and Have Not,1944,https://boxd.it/1oxSn,,,tv,1984-12-28
2013-07-01,The Million Dollar Face,1981,https://boxd.it/1oy2R,,,tv,1984-12-29
2013-07-01,The Blue Bird,1976,https://boxd.it/1oy3Z,,,tv,1984-12-29
2013-07-01,Nightkill,1980,https://boxd.it/1oy4X,,,tv,1984-12-29
2013-07-01,Who Killed Santa Claus?,1941,https://boxd.it/1oy5r,,,tv,1984-12-30
2013-07-01,Tommy,1975,https://boxd.it/1oy5B,,,tv,1984-12-30
2013-07-01,The Fighting Sullivans,1944,https://boxd.it/1oy6f,,,tv,1984-12-31
2013-07-01,Gambit,1966,https://boxd.it/1oy7n,,,tv,1984-12-31
2013-07-01,The Comancheros,1961,https://boxd.it/1oy7H,,,tv,1984-12-31
2013-07-01,The Funniest Man in the World,1967,https://boxd.it/1oyaL,,,,1984-12-31
2013-07-01,"New York, New York",1977,https://boxd.it/1oycn,,,tv,1985-01-01
2013-07-01,Lady in Cement,1968,https://boxd.it/1oycR,,,tv,1985-01-01
2013-07-01,Brigadoon,1954,https://boxd.it/1oydl,,,tv,1985-01-02
2013-07-01,Monsieur Hulot's Holiday,1953,https://boxd.it/1oyet,,,tv,1985-01-03
2013-07-01,Captain January,1936,https://boxd.it/1oygf,,,tv,1985-01-05
2013-07-01,Three on a Couch,1966,https://boxd.it/1oyh3,,,tv,1985-01-05
2013-07-01,The Law and Jake Wade,1958,https://boxd.it/1oyhR,,,tv,1985-01-05
2013-07-01,Rosemary's Baby,1968,https://boxd.it/1oyi1,,,tv,1985-01-05
2013-07-01,The Sundowners,1960,https://boxd.it/1oyiZ,,,tv,1985-01-06
2013-07-01,Lucky Lady,1975,https://boxd.it/1oyjD,,,tv,1985-01-06
2013-07-01,Mon Oncle,1958,https://boxd.it/1oykB,,,tv,1985-01-08
2013-07-01,Five Evenings,1979,https://boxd.it/1oypL,,,tv,1985-01-10
2013-07-01,The Treasure of the Sierra Madre,1948,https://boxd.it/1oyqp,,,tv,1985-01-11
2013-11-03,Calamity Jane,1953,https://boxd.it/1XCpv,,,tv,1985-01-12
2013-11-03,Sands of the Kalahari,1965,https://boxd.it/1XCqX,,,tv,1985-01-12
2013-11-03,You Can't Go Home Again,1979,https://boxd.it/1XCAX,,,tv,1985-01-12
2013-11-03,Blanche,1971,https://boxd.it/1XCCf,,,tv,1985-01-12
2013-11-03,Boccaccio '70,1962,https://boxd.it/1XCCz,,,tv,1985-01-13
2013-11-03,PlayTime,1967,https://boxd.it/1XCDH,,Yes,tv,1985-01-15
2013-11-03,Late Spring,1949,https://boxd.it/1XCEl,,,tv,1985-01-18
2013-11-03,The Thin Man,1934,https://boxd.it/1XCEP,,,tv,1985-01-19
2013-11-03,Carnal Knowledge,1971,https://boxd.it/1XCIx,,,tv,1985-01-19
2013-11-03,Pat Garrett & Billy the Kid,1973,https://boxd.it/1XCUD,,,tv,1985-01-20
2013-11-03,Jour de Fête,1949,https://boxd.it/1XCUX,,,tv,1985-01-22
2013-11-03,Long Day's Journey Into Night,1962,https://boxd.it/1XCVh,,,tv,1985-01-23
2013-11-03,Andrei Rublev,1966,https://boxd.it/1XCWf,,,tv,1985-01-24
2013-11-03,The Life of Oharu,1952,https://boxd.it/1XCY1,,,tv,1985-01-25
2013-11-03,The Time Machine,1960,https://boxd.it/1XCYl,,,tv,1985-01-26
2013-11-03,Saddle the Wind,1958,https://boxd.it/1XCYP,,,tv,1985-01-26
2013-11-03,Islands in the Stream,1977,https://boxd.it/1XCZj,,,tv,1985-01-26
2013-11-03,Panic in Echo Park,1977,https://boxd.it/1XD6z,,,tv,1985-01-26
2013-11-03,The Dark at the Top of the Stairs,1960,https://boxd.it/1XD7d,,,tv,1985-01-27
2013-11-03,Leave Her to Heaven,1945,https://boxd.it/1XD7H,,,tv,1985-01-27
2013-11-03,Parade,1974,https://boxd.it/1XD81,,,tv,1985-01-29
2013-11-03,Dr. Strangelove or: How I Learned to Stop Worrying and Love the Bomb,1964,https://boxd.it/1XD8v,,,Αλκυονίδα,1985-01-31
2013-11-03,Taira Clan Saga,1955,https://boxd.it/1XDbp,,,tv,1985-02-01
2015-01-18,Taira Clan Saga,1955,https://boxd.it/4PhXH,,,tv,1985-02-01
2015-01-18,Bombshell,1933,https://boxd.it/4Pi15,,,tv,1985-02-02
2015-01-18,Edge of the City,1957,https://boxd.it/4Pkol,,,tv,1985-02-02
2015-01-18,Parole,1982,https://boxd.it/4Ppl7,,,tv,1985-02-02
2015-01-18,A Tale of Two Cities,1935,https://boxd.it/4Ppmz,,,tv,1985-02-03
2015-01-18,The Blue Max,1966,https://boxd.it/4PpoF,,,tv,1985-02-03
2015-01-18,Rondo,1966,https://boxd.it/4Ppt1,,,tv,1985-02-05
2015-01-18,Varieté,1985,https://boxd.it/4PqcP,,,Παλλάς,1985-02-07
2015-01-18,Story of a Love Affair,1950,https://boxd.it/4Pqfp,,,tv,1985-02-08
2015-01-18,Watch on the Rhine,1943,https://boxd.it/4PqhZ,,,tv,1985-02-09
2015-01-18,Backlash,1956,https://boxd.it/4PqjL,,,tv,1985-02-09
2015-01-18,Fathom,1967,https://boxd.it/4PqmZ,,,tv,1985-02-09
2015-01-18,Autumn Marathon,1979,https://boxd.it/4PqqR,,,tv,1985-02-09
2015-01-18,The Best Man,1964,https://boxd.it/4PqxN,,,tv,1985-02-10
2015-01-18,Karkalou,1984,https://boxd.it/4PqBb,,,Αλκυονίδα,1985-02-10
2015-01-18,The Natural,1984,https://boxd.it/4PqRX,,,Ιλίσια,1985-02-14
2015-01-18,The Lady Without Camelias,1953,https://boxd.it/4PqVZ,,,tv,1985-02-15
2015-01-18,Life of Brian,1979,https://boxd.it/4PqZx,,Yes,video,1985-02-16
2015-01-18,The Flame and the Arrow,1950,https://boxd.it/4Pr1N,,,tv,1985-02-17
2015-01-18,Top Secret!,1984,https://boxd.it/4Pr5v,,,Απόλλων,1985-02-17
2015-01-18,The Ghost,1982,https://boxd.it/4Pr93,,,έλλη,1985-02-19
2015-01-18,The Roman Spring of Mrs. Stone,1961,https://boxd.it/4PrcV,,,tv,1985-02-21
2015-01-18,Zabriskie Point,1970,https://boxd.it/4Pren,,,tv,1985-02-22
2015-01-18,Dear Caroline,1968,https://boxd.it/4PrmB,,,tv,1985-02-23
2015-01-18,Broadway Danny Rose,1984,https://boxd.it/4Prox,,,Αρζεντίνα,1985-02-23
2015-01-18,The Laughing Policeman,1973,https://boxd.it/4PrpZ,,,tv,1985-02-23
2015-01-19,The Idiot,1946,https://boxd.it/4QjX7,,,tv,1985-02-28
2015-01-19,The Passenger,1975,https://boxd.it/4QjYf,,,tv,1985-03-01
2015-01-19,Siege,1978,https://boxd.it/4Qk1D,,,tv,1985-03-02
2015-01-19,The Razor's Edge,1984,https://boxd.it/4Qk5v,,,έλλη,1985-03-03
2015-01-19,"Paris, Texas",1984,https://boxd.it/4Qkbt,,,Άστυ,1985-03-05
2015-01-19,Katzelmacher,1969,https://boxd.it/4QkgN,,,tv,1985-03-08
2015-01-19,A Death of Innocence,1971,https://boxd.it/4QkLV,,,tv,1985-03-10
2015-01-19,Marriage Italian Style,1964,https://boxd.it/4QkO1,,,tv,1985-03-10
2015-01-19,After the Rehearsal,1984,https://boxd.it/4QkZ9,,,έλλη,1985-03-12
2015-01-19,When the Music's Over,1983,https://boxd.it/4Qlpr,,,tv,1985-03-13
2015-01-19,True Grit,1969,https://boxd.it/4QlqT,,,tv,1985-03-14
2015-01-19,Lola,1981,https://boxd.it/4QluL,,,tv,1985-03-15
2015-01-19,The Last Hunt,1956,https://boxd.it/4QlxZ,,,tv,1985-03-17
2015-01-26,Carmen,1983,https://boxd.it/4UtUv,,,Παλλάς,1985-03-19
2015-01-26,Stalag 17,1953,https://boxd.it/4UtVD,,,tv,1985-03-21
2015-01-28,The Lady from Shanghai,1947,https://boxd.it/4W3l9,,,tv,1985-03-22
2015-01-28,The Birds and the Bees,1956,https://boxd.it/4W3mL,,,tv,1985-03-23
2015-01-28,A Woman's Decision,1975,https://boxd.it/4W3pv,,,"Studio, Στούντιο",1985-03-23
2015-01-28,Fail Safe,1964,https://boxd.it/4W3pZ,,,tv,1985-03-24
2015-01-28,Strangers When We Meet,1960,https://boxd.it/4W3qj,,,tv,1985-03-24
2015-01-28,Gagnant,1984,https://boxd.it/4W43l,,,"opera, Όπερα",1985-03-25
2015-01-28,Half a Life,1982,https://boxd.it/4W47R,,,"opera, Όπερα",1985-03-25
2015-02-08,Samurai Rebellion,1967,https://boxd.it/52GIt,,,tv,1985-03-28
2015-02-08,After the Thin Man,1936,https://boxd.it/52GLH,,,tv,1985-03-30
2015-02-08,Beverly Hills Cop,1984,https://boxd.it/52GND,,,Αθήναιον,1985-03-30
2015-02-08,Touch of Evil,1958,https://boxd.it/52GPf,,,tv,1985-04-05
2015-02-08,Two Men and a Wardrobe,1958,https://boxd.it/52GRl,,,Όπερα,1985-04-06
2015-02-08,Mexican Bus Ride,1952,https://boxd.it/52GTL,,,Όπερα,1985-04-06
2015-02-08,Maria's Lovers,1984,https://boxd.it/52HeT,,,έλλη,1985-04-09
2015-02-08,Irma la Douce,1963,https://boxd.it/52Hih,,,Τριανόν,1985-04-10
2015-02-08,Stromboli,1950,https://boxd.it/52HkR,,,tv,1985-04-16
2015-02-08,Amadeus,1984,https://boxd.it/52Hoz,,,αττικόν,1985-04-17
2015-02-15,Metropolis,1927,https://boxd.it/56YEn,,,Αλκυονίδα,1985-04-18
2015-02-15,The Sugarland Express,1974,https://boxd.it/56YFZ,,,tv,1985-04-19
2015-02-15,The Fortune Cookie,1966,https://boxd.it/56YHL,,,tv,1985-04-20
2015-02-15,Tender Is the Night,1962,https://boxd.it/56YIJ,,,tv,1985-04-20
2015-02-15,We Want the Colonels,1973,https://boxd.it/56YJ3,,,tv,1985-04-21
2015-02-15,The Postman Always Rings Twice,1981,https://boxd.it/56YLD,,,Όπερα,1985-04-23
2015-02-15,The Cure,1917,https://boxd.it/56YO3,,,tv,1985-04-25
2015-02-15,The Go-Between,1971,https://boxd.it/56YPl,,,tv,1985-04-25
2015-02-15,The 10th Victim,1965,https://boxd.it/56YSJ,,,tv,1985-04-27
2015-02-15,Twisted Nerve,1968,https://boxd.it/56YZZ,,,tv,1985-04-27
2015-02-15,Norma Rae,1979,https://boxd.it/56Z3x,,,tv,1985-05-01
2015-02-15,I Married a Witch,1942,https://boxd.it/56Z4l,,,tv,1985-05-02
2015-02-15,"A Man, a Woman and a Bank",1979,https://boxd.it/56Zkj,,,tv,1985-05-05
2015-02-15,The Scapegoat,1959,https://boxd.it/56Znn,,,tv,1985-05-07
2015-02-15,The Hot Month of August,1966,https://boxd.it/56Zqr,,,tv,1985-05-09
2015-02-15,American Hot Wax,1978,https://boxd.it/56ZC3,,,tv,1985-05-11
2015-02-15,Blithe Spirit,1945,https://boxd.it/56ZEX,,,tv,1985-05-12
2015-02-15,Casanova '70,1965,https://boxd.it/56ZFB,,,tv,1985-05-12
2015-02-15,Spellbound,1945,https://boxd.it/56ZGT,,,"Βοξ, vox",1985-05-14
2015-02-15,The Merchant of Four Seasons,1972,https://boxd.it/56ZIF,,,tv,1985-05-16
2015-02-15,The Public Enemy,1931,https://boxd.it/56ZKV,,,tv,1985-05-17
2015-02-15,Lured,1947,https://boxd.it/56ZN1,,,tv,1985-05-19
2015-02-15,The Thomas Crown Affair,1968,https://boxd.it/56ZOD,,,tv,1985-05-19
2015-02-15,Montenegro,1981,https://boxd.it/56ZTX,,,Λιλά,1985-05-23
2015-02-15,Gold Diggers of 1935,1935,https://boxd.it/56ZXv,,,tv,1985-05-24
2015-02-15,Buchanan Rides Alone,1958,https://boxd.it/56ZYj,,,tv,1985-05-25
2015-02-15,Madonna of the Seven Moons,1945,https://boxd.it/56ZZh,,,Ριβιέρα,1985-05-25
2015-02-15,Stand-In,1937,https://boxd.it/5700p,,,tv,1985-05-26
2015-02-15,Up to His Ears,1965,https://boxd.it/57013,,,tv,1985-05-26
2015-02-16,Juarez,1939,https://boxd.it/57uqx,,,tv,1985-05-31
2015-02-16,The Flight of Dragons,1982,https://boxd.it/57utB,,,tv,1985-06-01
2015-02-16,The Tin Star,1957,https://boxd.it/57uuT,,,tv,1985-06-01
2015-02-16,Stay Hungry,1976,https://boxd.it/57uBb,,,tv,1985-06-02
2015-02-16,The Longest Day,1962,https://boxd.it/57uHt,,,tv,1985-06-06
2015-02-16,Frankenstein,1931,https://boxd.it/57uJp,,,tv,1985-06-07
2015-02-16,Strike Up the Band,1940,https://boxd.it/57uLF,,,tv,1985-06-08
2015-02-16,Bite the Bullet,1975,https://boxd.it/57uOT,,,tv,1985-06-09
2015-02-16,High Society,1956,https://boxd.it/57uSV,,,tv,1985-06-11
2015-02-16,Loot,1970,https://boxd.it/57uVb,,,tv,1985-06-12
2015-02-16,One Million Years B.C.,1966,https://boxd.it/57uZx,,,tv,1985-06-15
2015-02-16,The Sterile Cuckoo,1969,https://boxd.it/57v1X,,,tv,1985-06-16
2015-02-16,"Play It Again, Sam",1972,https://boxd.it/57v35,,,tv,1985-06-16
2015-02-16,The Merchant of Venice,1980,https://boxd.it/57v6j,,,tv,1985-06-19
2015-02-16,The Good Earth,1937,https://boxd.it/57v9x,,,tv,1985-06-21
2015-02-16,The Big Mouth,1967,https://boxd.it/57vaP,,,tv,1985-06-22
2015-02-16,I Walk the Line,1970,https://boxd.it/57vch,,,tv,1985-06-22
2015-02-16,Goodbye Again,1961,https://boxd.it/57veR,,,tv,1985-06-23
2015-02-16,Death of a Bureaucrat,1966,https://boxd.it/57vpl,,,tv,1985-06-25
2015-02-16,The Lion in Winter,1968,https://boxd.it/57vrh,,,tv,1985-06-26
2015-02-16,Accident,1967,https://boxd.it/57vtH,,,tv,1985-06-27
2015-02-16,Do You Remember Dolly Bell?,1981,https://boxd.it/57vzF,,,tv,1985-06-28
2015-02-16,Do You Remember Dolly Bell?,1981,https://boxd.it/57vEv,,,tv,1985-06-28
2015-03-06,Players,1979,https://boxd.it/5hIdR,,,tv,1985-06-29
2015-03-06,Another Fine Mess,1930,https://boxd.it/5hIe1,,,tv,1985-06-29
2015-03-06,The Wise Guys,1965,https://boxd.it/5hIev,,,tv,1985-06-29
2015-03-06,The Wings of the Dove,1981,https://boxd.it/5hIeZ,,,tv,1985-06-30
2015-03-06,The Odd Couple,1968,https://boxd.it/5hIf9,,,tv,1985-06-30
2015-03-06,Man of Marble,1977,https://boxd.it/5hIgB,,,tv,1985-07-04
2015-03-15,Mathias Kneißl,1971,https://boxd.it/5m8hX,,,tv,1985-07-05
2015-03-15,Borsalino,1970,https://boxd.it/5m8qv,,,tv,1985-07-07
2015-03-15,The Marathon Family,1982,https://boxd.it/5m8B9,,,κήπος,1985-07-09
2015-03-15,Silver Streak,1976,https://boxd.it/5m8Lt,,,αττικόν χανιά,1985-07-12
2015-03-15,The Big Country,1958,https://boxd.it/5m8QX,,,tv,1985-07-14
2015-03-15,Weekend,1967,https://boxd.it/5m8Wh,,,κήπος,1985-07-16
2015-03-15,Kind Hearts and Coronets,1949,https://boxd.it/5m8Z1,,,tv,1985-07-18
2015-03-15,An Unmarried Woman,1978,https://boxd.it/5m91L,,,αττικόν χανιά,1985-07-19
2015-03-15,The Joker,1960,https://boxd.it/5m941,,,tv,1985-07-20
2015-03-15,Eternally Yours,1939,https://boxd.it/5m95t,,,tv,1985-07-20
2015-03-15,Gandhi,1982,https://boxd.it/5m9b7,,,κήπος,1985-07-20
2015-03-15,City Beneath the Sea,1971,https://boxd.it/5m9eF,,,tv,1985-07-21
2015-03-15,Diva,1981,https://boxd.it/5m9vB,,,κήπος,1985-07-23
2015-03-15,Sweet Bunch,1983,https://boxd.it/5m9Bf,,,κήπος,1985-07-25
2015-03-15,A Day at the Races,1937,https://boxd.it/5m9Fr,,,tv,1985-07-28
2015-03-15,The Day of the Jackal,1973,https://boxd.it/5m9GJ,,,tv,1985-07-28
2015-03-15,Solo Sunny,1980,https://boxd.it/5m9KL,,,κήπος,1985-07-30
2015-03-15,To Be or Not to Be,1942,https://boxd.it/5m9Q5,,,tv,1985-08-01
2015-03-16,An Ideal Husband,1947,https://boxd.it/5msbl,,,tv,1985-08-03
2015-03-16,Heroes,1977,https://boxd.it/5msct,,,tv,1985-08-03
2015-03-16,The Reluctant Debutante,1958,https://boxd.it/5msd7,,,tv,1985-08-04
2015-03-16,"Greystoke: The Legend of Tarzan, Lord of the Apes",1984,https://boxd.it/5mse5,,,Ελληνίς Χανιά,1985-08-04
2015-03-16,Varieté,1985,https://boxd.it/5mshj,,Yes,κήπος,1985-08-07
2015-03-16,Carmen,1983,https://boxd.it/5msjT,,Yes,αττικόν χανιά,1985-08-07
2015-03-16,The Bad and the Beautiful,1952,https://boxd.it/5mskR,,,tv,1985-08-09
2015-03-16,The Sandpiper,1965,https://boxd.it/5mslF,,,tv,1985-08-10
2015-03-16,Wolf Lake,1980,https://boxd.it/5msr9,,,tv,1985-08-10
2015-03-16,La Traversée de Paris,1956,https://boxd.it/5mss7,,,tv,1985-08-11
2015-03-16,The Quiller Memorandum,1966,https://boxd.it/5msvb,,,tv,1985-08-13
2015-03-16,Romeo and Juliet,1966,https://boxd.it/5msA1,,,tv,1985-08-14
2015-03-16,The Four Horsemen of the Apocalypse,1962,https://boxd.it/5msEH,,,tv,1985-08-16
2015-03-16,Young Man with a Horn,1950,https://boxd.it/5msFv,,,tv,1985-08-17
2015-03-16,10 Rillington Place,1971,https://boxd.it/5msHL,,,tv,1985-08-17
2015-03-16,Connecting Rooms,1970,https://boxd.it/5msNf,,,tv,1985-08-24
2015-03-16,The Last Sunset,1961,https://boxd.it/5msNz,,,tv,1985-08-24
2015-03-16,Without Love,1945,https://boxd.it/5msOd,,,tv,1985-08-25
2015-03-16,Yankee Doodle Dandy,1942,https://boxd.it/5msOH,,,tv,1985-08-25
2015-03-16,Coonskin,1975,https://boxd.it/5msQN,,,Μετροπόλ,1985-08-27
2015-03-16,Love Me or Leave Me,1955,https://boxd.it/5msST,,,tv,1985-08-28
2015-03-16,Heavy Metal,1981,https://boxd.it/5msVj,,,μετροπόλ,1985-08-31
2015-03-16,Hurricane Smith,1952,https://boxd.it/5msXf,,,tv,1985-09-01
2015-03-16,Roma,1972,https://boxd.it/5msYn,,,Βοξ,1985-09-02
2015-03-16,The Carey Treatment,1972,https://boxd.it/5mt0X,,,tv,1985-09-03
2015-03-16,Satyricon,1969,https://boxd.it/5mt25,,,Βοξ,1985-09-04
2015-03-16,The Servant,1963,https://boxd.it/5mt3n,,,tv,1985-09-05
2015-03-16,Windfall in Athens,1954,https://boxd.it/5mt5t,,,tv,1985-09-06
2015-03-16,Miss Julie,1951,https://boxd.it/5mt6V,,,tv,1985-09-06
2015-03-16,Fellini's Casanova,1976,https://boxd.it/5mt8d,,,Βοξ,1985-09-07
2015-03-16,The Birch Wood,1970,https://boxd.it/5mte1,,,tv,1985-09-12
2015-03-16,The Osterman Weekend,1983,https://boxd.it/5mtg7,,,,1985-09-14
2015-03-16,The Day of the Locust,1975,https://boxd.it/5mthf,,,tv,1985-09-14
2015-03-16,Dames,1934,https://boxd.it/5mtix,,,tv,1985-09-15
2015-03-16,Koyaanisqatsi,1982,https://boxd.it/5mtmf,,,αττικόν,1985-09-17
2015-03-16,The Night They Raided Minsky's,1968,https://boxd.it/5mtnn,,,tv,1985-09-18
2015-03-16,Warning Shot,1967,https://boxd.it/5mtqr,,,tv,1985-09-24
2015-03-16,Naked Childhood,1968,https://boxd.it/5mtxn,,,tv,1985-09-27
2015-03-16,Father of the Bride,1950,https://boxd.it/5mtBz,,,tv,1985-09-29
2015-03-16,Get Crazy,1983,https://boxd.it/5mtCR,,,αττικόν,1985-09-29
2015-03-16,Water,1985,https://boxd.it/5mtED,,,Απόλλων,1985-09-30
2015-03-16,The Ipcress File,1965,https://boxd.it/5mtFB,,,tv,1985-10-01
2015-03-16,A Farewell to Arms,1957,https://boxd.it/5mtGJ,,,tv,1985-10-03
2015-03-16,Giant,1956,https://boxd.it/5mtIl,,,αττικόν,1985-10-05
2015-03-16,A Star Is Born,1937,https://boxd.it/5mtIZ,,,tv,1985-10-06
2015-03-16,Priest of Love,1981,https://boxd.it/5mtK7,,,Αλκυονίδα,1985-10-06
2015-03-23,Double Indemnity,1944,https://boxd.it/5qeNj,,,tv,1985-10-11
2015-03-23,Kaos,1984,https://boxd.it/5qePJ,,,Έμπασσυ,1985-10-12
2015-03-23,Illumination,1973,https://boxd.it/5qeTL,,,tv,1985-10-12
2015-03-23,Flesh and the Devil,1926,https://boxd.it/5qeWl,,,tv,1985-10-13
2015-03-23,Liquid Sky,1982,https://boxd.it/5qeYV,,,έλλη,1985-10-13
2015-03-23,Citizen Kane,1941,https://boxd.it/5qf4p,,Yes,tv,1985-10-17
2015-03-23,Tovarich,1937,https://boxd.it/5qhZR,,,tv,1985-10-19
2015-03-23,A Man for All Seasons,1966,https://boxd.it/5qi2r,,,Άστυ,1985-10-19
2015-03-23,White Feather,1955,https://boxd.it/5qi4d,,,tv,1985-10-20
2015-03-23,The Sting,1973,https://boxd.it/5qi7V,,,Ιλίσια,1985-10-22
2015-03-23,Liquid Sky,1982,https://boxd.it/5qibD,,Yes,έλλη,1985-10-23
2015-03-23,Full Moon in Paris,1984,https://boxd.it/5qilX,,,Αλκυονίδα,1985-10-26
2015-03-23,Ziegfeld Follies,1945,https://boxd.it/5qipF,,,tv,1985-10-28
2015-03-23,F for Fake,1973,https://boxd.it/5qis5,,,Ίλιον,1985-10-28
2015-03-23,Bandolero!,1968,https://boxd.it/5qiuF,,,tv,1985-10-29
2015-03-23,Night Train,1959,https://boxd.it/5qizb,,,tv,1985-11-01
2015-03-23,Favorites of the Moon,1984,https://boxd.it/5qiCT,,,έλλη,1985-11-02
2015-03-23,San Francisco,1936,https://boxd.it/5qiG7,,,tv,1985-11-03
2015-03-23,Brazil,1985,https://boxd.it/5qiMp,,,Έμπασσυ,1985-11-10
2015-03-23,Effi Briest,1974,https://boxd.it/5qiOZ,,,tv,1985-11-14
2015-03-23,Zazie dans le Métro,1960,https://boxd.it/5qiQL,,,tv,1985-11-15
2015-03-23,The Bitter Tears of Petra von Kant,1972,https://boxd.it/5qiUj,,,tv,1985-11-16
2015-03-23,The Shop Around the Corner,1940,https://boxd.it/5qiWJ,,,tv,1985-11-17
2015-03-23,A Year of the Quiet Sun,1984,https://boxd.it/5qj0L,,,Δαναός,1985-11-18
2015-03-23,I am Blushing,1981,https://boxd.it/5qjNN,,,tv,1985-11-23
2015-03-23,The Gazebo,1959,https://boxd.it/5qjQH,,,tv,1985-11-24
2015-03-23,Angi Vera,1978,https://boxd.it/5qjWb,,,tv,1985-11-26
2015-03-23,Mania,1985,https://boxd.it/5qjZz,,,αττικόν,1985-11-29
2015-03-23,Modesty Blaise,1966,https://boxd.it/5qk2X,,,tv,1985-11-30
2015-03-23,Veronika Voss,1982,https://boxd.it/5qk4p,,,Αλκυονίδα,1985-12-01
2015-03-23,Morituri,1965,https://boxd.it/5qnyn,,,tv,1985-12-03
2015-03-23,The Wild Child,1970,https://boxd.it/5qnBV,,,tv,1985-12-05
2015-03-23,La Strada,1954,https://boxd.it/5qnFj,,,tv,1985-12-06
2015-03-23,The Ghost Goes West,1935,https://boxd.it/5qnHp,,,tv,1985-12-07
2015-03-23,Prizzi's Honor,1985,https://boxd.it/5qnKj,,,αττικόν,1985-12-07
2015-03-23,The Man from Laramie,1955,https://boxd.it/5qnN3,,,tv,1985-12-08
2015-03-23,Two for the Road,1967,https://boxd.it/5qnQh,,,tv,1985-12-12
2015-03-23,8½,1963,https://boxd.it/5qnSR,,,tv,1985-12-13
2015-03-23,The Front,1976,https://boxd.it/5qnUj,,,έλλη,1985-12-14
2015-03-23,Pat and Mike,1952,https://boxd.it/5qnWJ,,,tv,1985-12-15
2015-03-23,Solaris,1972,https://boxd.it/5qo1z,,,tv,1985-12-19
2015-03-23,Two English Girls,1971,https://boxd.it/5qo57,,,Άστυ,1985-12-21
2015-03-23,Great Expectations,1946,https://boxd.it/5qo6T,,,tv,1985-12-22
2015-03-23,Absurd Person Singular,1985,https://boxd.it/5qoBR,,,tv,1985-12-23
2015-03-23,Those Magnificent Men in Their Flying Machines or How I Flew from London to Paris in 25 Hours 11 Minutes,1965,https://boxd.it/5qoD9,,,tv,1985-12-24
2015-03-23,The Little Match Girl,1928,https://boxd.it/5qoEV,,,tv,1985-12-24
2015-03-23,My Fair Lady,1964,https://boxd.it/5qoGn,,,tv,1985-12-25
2015-03-23,That's Entertainment!,1974,https://boxd.it/5qoID,,,tv,1985-12-25
2015-03-23,The Purple Rose of Cairo,1985,https://boxd.it/5qoMb,,,Έμπασσυ,1985-12-26
2015-03-23,Gagnant,1984,https://boxd.it/5qoOB,,Yes,Έμπασσυ,1985-12-26
2015-03-23,Roma,1972,https://boxd.it/5qoPJ,,Yes,tv,1985-12-27
2013-03-29,A Private Function,1984,https://boxd.it/11kYr,,,έλλη,1985-12-28
2015-03-23,A Private Function,1984,https://boxd.it/5qoR1,,,έλλη,1985-12-28
2013-03-29,The War Lord,1965,https://boxd.it/11kZz,,,tv,1985-12-29
2015-03-23,The War Lord,1965,https://boxd.it/5qoSj,,,tv,1985-12-29
2013-03-19,The Lord of the Rings: The Fellowship of the Ring,2001,https://boxd.it/YS2Z,,,αελλώ,2001-12-20
2013-03-19,The Lord of the Rings: The Two Towers,2002,https://boxd.it/YS47,,,αελλώ,2002-12-19
2013-03-19,The Lord of the Rings: The Return of the King,2003,https://boxd.it/YS5z,,,αελλώ,2003-12-18
2013-03-19,Up,2009,https://boxd.it/YS0p,,,Ster,2009-09-18
2013-03-19,9,2009,https://boxd.it/YS0T,,,Kosmopolis,2009-09-19
2013-03-19,The Ghost Writer,2010,https://boxd.it/YRYj,,,Ster,2010-04-17
2013-03-19,Chloe,2009,https://boxd.it/YRZh,,,Ster,2010-04-17
2014-10-20,Dark Shadows,2012,https://boxd.it/45qk3,,,museum lichtspiele,2012-05-18
2013-03-04,To Rome with Love,2012,https://boxd.it/Vhm3,,,Museum Lichtspiele,2012-09-08
2013-03-04,Seeking a Friend for the End of the World,2012,https://boxd.it/Vhlz,,,Museum Lichtspiele,2012-09-28
2013-03-04,Hope Springs,2012,https://boxd.it/Vhh3,,,Museum Lichtspiele,2012-10-29
2013-03-04,The Angels' Share,2012,https://boxd.it/Vhg5,,,Museum Lichtspiele,2012-11-14
2013-03-04,Life of Pi,2012,https://boxd.it/VheN,,,Museum Lichtspiele,2013-01-12
2013-02-28,Frankenweenie,2012,https://boxd.it/UbVf,,,,2013-02-12
2013-02-28,A History of Violence,2005,https://boxd.it/UbW3,,Yes,,2013-02-14
2013-02-28,Arbitrage,2012,https://boxd.it/UbXP,,,,2013-02-23
2013-02-28,Killing Them Softly,2012,https://boxd.it/UbWH,,,,2013-02-24
2013-03-01,Following,1998,https://boxd.it/UxAN,,,,2013-02-28
2013-03-03,Hyde Park on Hudson,2012,https://boxd.it/UULT,,,Museum Lichtspiele,2013-03-02
2013-03-07,Charlie and the Chocolate Factory,2005,https://boxd.it/W1tJ,,Yes,,2013-03-05
2013-03-09,Antichrist,2009,https://boxd.it/WzjX,,,,2013-03-08
2013-03-10,Melancholia,2011,https://boxd.it/WRFd,,,,2013-03-09
2013-03-12,Gambit,2012,https://boxd.it/XkuN,,,,2013-03-11
2013-03-12,Cronos,1992,https://boxd.it/XkuX,,,,2013-03-11
2013-03-19,Attack of the Sabretooth,2005,https://boxd.it/YRW3,,,tv,2013-03-15
2013-03-19,Apollo 13,1995,https://boxd.it/YRWx,,Yes,tv,2013-03-15
2013-03-23,9 Songs,2004,https://boxd.it/ZK3d,,,,2013-03-21
2013-03-23,Snakes on a Plane,2006,https://boxd.it/ZK3R,,,,2013-03-21
2013-03-24,Margin Call,2011,https://boxd.it/107iP,,,,2013-03-23
2013-03-25,No Country for Old Men,2007,https://boxd.it/10mAf,,,,2013-03-24
2013-03-27,Parental Guidance,2012,https://boxd.it/10Qnb,,,,2013-03-26
2013-03-29,"Crazy, Stupid, Love.",2011,https://boxd.it/11kRZ,,,,2013-03-28
2013-03-30,Hitchcock,2012,https://boxd.it/11sVl,,,museum lichtspiele,2013-03-29
2013-03-30,Looper,2012,https://boxd.it/11z3l,,,,2013-03-29
2013-03-31,A Serious Man,2009,https://boxd.it/11M9B,,,,2013-03-30
2013-04-01,RED,2010,https://boxd.it/124cD,,,,2013-03-31
2013-04-19,Seven Psychopaths,2012,https://boxd.it/16ksb,,,,2013-03-31
2013-04-02,Red Lights,2012,https://boxd.it/12kKL,,,,2013-04-01
2013-04-07,David Bowie: Cracked Actor,1975,https://boxd.it/13BB9,,,tv,2013-04-05
2013-04-08,The Avengers,2012,https://boxd.it/13PuB,,,,2013-04-07
2013-04-09,The Hunger Games,2012,https://boxd.it/144p7,,,,2013-04-08
2013-04-13,Lawless,2012,https://boxd.it/14RJ1,,,,2013-04-12
2013-04-13,Three to Tango,1999,https://boxd.it/14RJv,,,,2013-04-12
2013-04-14,Art School Confidential,2006,https://boxd.it/1592T,,,,2013-04-13
2013-04-14,A Dangerous Method,2011,https://boxd.it/1593n,,,,2013-04-13
2013-04-15,Æon Flux,2005,https://boxd.it/15ngb,,,,2013-04-14
2013-04-15,Perfect Sense,2011,https://boxd.it/15pWt,,,,2013-04-14
2013-04-16,Moonrise Kingdom,2012,https://boxd.it/15K9n,,,,2013-04-15
2013-04-20,Hotel Chevalier,2007,https://boxd.it/16ve5,,,,2013-04-16
2013-04-19,Dirty Pretty Things,2002,https://boxd.it/16kl5,,,,2013-04-18
2013-04-19,Shame,2011,https://boxd.it/16s0f,,,,2013-04-18
2013-04-20,Chronicle,2012,https://boxd.it/16xIr,,,,2013-04-19
2013-04-20,Rabbit Hole,2010,https://boxd.it/16z2n,,,,2013-04-19
2013-04-20,Closer,2004,https://boxd.it/16APv,,Yes,,2013-04-19
2013-04-21,Super 8,2011,https://boxd.it/16TQn,,,,2013-04-20
2013-04-21,District 9,2009,https://boxd.it/16TR1,,,,2013-04-20
2013-04-22,Stealing Beauty,1996,https://boxd.it/175lr,,,,2013-04-21
2013-04-25,The Man from Earth,2007,https://boxd.it/17IwD,,,,2013-04-24
2013-04-27,Cloud Atlas,2012,https://boxd.it/1859d,,,,2013-04-26
2013-04-27,Thank You for Smoking,2005,https://boxd.it/18ajn,,Yes,,2013-04-26
2013-04-28,The Cabin in the Woods,2011,https://boxd.it/18j2v,,,,2013-04-27
2013-04-28,Man on a Ledge,2012,https://boxd.it/18let,,,,2013-04-27
2013-04-29,Into the Wild,2007,https://boxd.it/18BYd,,,,2013-04-28
2013-04-30,There Will Be Blood,2007,https://boxd.it/18UkV,,,,2013-04-29
2013-04-30,About Cherry,2012,https://boxd.it/18Ulf,,,,2013-04-29
2013-05-01,Donnie Darko,2001,https://boxd.it/199gz,,Yes,,2013-04-30
2013-05-02,The Ten,2007,https://boxd.it/19mFR,,,,2013-05-01
2013-05-03,Stranger Than Fiction,2006,https://boxd.it/19yPz,,,,2013-05-02
2013-05-04,Love & Other Drugs,2010,https://boxd.it/19GBl,,,,2013-05-03
2013-05-04,Little Children,2006,https://boxd.it/19J8L,,,,2013-05-03
2013-05-04,The Art of Getting By,2011,https://boxd.it/19O29,,,,2013-05-03
2013-05-04,Caché,2005,https://boxd.it/19O2N,,Yes,,2013-05-03
2013-05-05,The Spanish Prisoner,1997,https://boxd.it/19Ujb,,,,2013-05-04
2013-05-05,Beyond the Hills,2012,https://boxd.it/1a8A1,,,,2013-05-04
2013-05-06,Cashback,2006,https://boxd.it/1ajYX,,Yes,,2013-05-05
2013-05-06,State and Main,2000,https://boxd.it/1ajZh,,Yes,,2013-05-05
2013-05-06,The Room,2003,https://boxd.it/1ajZr,,,,2013-05-05
2013-05-07,Mr. Brooks,2007,https://boxd.it/1axQX,,,,2013-05-06
2013-05-07,The Lincoln Lawyer,2011,https://boxd.it/1aE3j,,,,2013-05-06
2013-05-08,Never Let Me Go,2010,https://boxd.it/1aPVV,,,,2013-05-07
2013-05-09,The Private Lives of Pippa Lee,2009,https://boxd.it/1aYap,,,,2013-05-08
2013-05-10,High Fidelity,2000,https://boxd.it/1behr,,Yes,,2013-05-09
2013-05-12,Mystic River,2003,https://boxd.it/1bFmD,,,,2013-05-10
2013-05-12,In the Loop,2009,https://boxd.it/1bFmX,,Yes,,2013-05-10
2013-05-12,Empire Records,1995,https://boxd.it/1bFnB,,Yes,,2013-05-11
2013-05-12,2:37,2006,https://boxd.it/1bMv3,,,,2013-05-11
2013-05-12,Away We Go,2009,https://boxd.it/1bMvd,,,,2013-05-11
2013-05-13,That Thing You Do!,1996,https://boxd.it/1bQfX,,,,2013-05-12
2013-05-13,Super,2010,https://boxd.it/1bZOR,,,,2013-05-12
2013-05-13,Fracture,2007,https://boxd.it/1c1pp,,Yes,,2013-05-12
2013-05-14,Point Blank,2010,https://boxd.it/1csk7,,,,2013-05-13
2013-05-14,"Welcome Back, Mr. McDonald",1997,https://boxd.it/1cskr,,,,2013-05-13
2013-05-16,The Loneliness of the Long Distance Runner,1962,https://boxd.it/1cW5L,,,,2013-05-15
2013-05-17,Martyrs,2008,https://boxd.it/1d8fD,,,,2013-05-16
2013-05-18,Supernova,2000,https://boxd.it/1doGv,,,,2013-05-17
2013-05-19,Pan's Labyrinth,2006,https://boxd.it/1dL9J,,,,2013-05-18
2013-05-19,Disturbia,2007,https://boxd.it/1dLa3,,,,2013-05-18
2013-05-20,Unthinkable,2010,https://boxd.it/1e5q1,,,,2013-05-19
2013-05-20,Mini's First Time,2006,https://boxd.it/1e5qb,,,,2013-05-19
2013-05-21,The Master,2012,https://boxd.it/1eghf,,,,2013-05-20
2013-05-21,Spider,2002,https://boxd.it/1eghz,,,,2013-05-20
2013-05-22,Love Hurts,2009,https://boxd.it/1exgj,,,,2013-05-21
2013-05-25,Tideland,2005,https://boxd.it/1fgFt,,,,2013-05-24
2013-05-29,The Painting,2011,https://boxd.it/1goiJ,,,,2013-05-28
2013-05-30,Parker,2013,https://boxd.it/1gDpl,,,,2013-05-29
2013-05-30,Hollywood Sex Wars,2011,https://boxd.it/1gDpv,,,,2013-05-29
2013-05-30,Roundhay Garden Scene,1888,https://boxd.it/1gDpF,,,,2013-05-30
2013-05-31,Elephant,2003,https://boxd.it/1gLlL,,,,2013-05-30
2013-06-01,PVC-1,2007,https://boxd.it/1h5Dl,,,,2013-05-31
2013-06-01,Under the Sun of Rome,1948,https://boxd.it/1h5E9,,,,2013-06-01
2013-06-03,Adaptation.,2002,https://boxd.it/1hvCD,,,,2013-06-02
2013-06-06,Gone Baby Gone,2007,https://boxd.it/1iqzL,,Yes,,2013-06-03
2013-06-05,Compliance,2012,https://boxd.it/1ia6D,,,,2013-06-04
2013-06-05,Playing with Love,1977,https://boxd.it/1ia6N,,,,2013-06-04
2013-06-06,"Synecdoche, New York",2008,https://boxd.it/1iqx1,,,,2013-06-05
2013-06-07,The Contender,2000,https://boxd.it/1iAHb,,,,2013-06-06
2013-06-08,Young Adult,2011,https://boxd.it/1iO2r,,,,2013-06-07
2013-06-09,Wanderlust,2012,https://boxd.it/1jcvR,,,,2013-06-08
2013-06-09,The Strangers,2008,https://boxd.it/1jcwb,,,,2013-06-08
2013-06-10,Rushmore,1998,https://boxd.it/1jjuB,,Yes,,2013-06-09
2013-06-10,Flight,2012,https://boxd.it/1jnjx,,,,2013-06-09
2013-06-11,A Prophet,2009,https://boxd.it/1jCJv,,,,2013-06-10
2013-06-11,Attenberg,2010,https://boxd.it/1jGTz,,,,2013-06-10
2013-06-13,Sleepwalk with Me,2012,https://boxd.it/1k8qv,,,,2013-06-12
2013-06-16,Argo,2012,https://boxd.it/1kR9p,,,,2013-06-13
2013-06-15,Before Sunrise,1995,https://boxd.it/1kA1t,,,,2013-06-14
2013-06-15,Before Sunset,2004,https://boxd.it/1kA1N,,,,2013-06-14
2013-06-16,Before Midnight,2013,https://boxd.it/1kKfl,,,museum lichtspiele,2013-06-15
2013-06-16,Either Way,2011,https://boxd.it/1kR95,,,,2013-06-15
2013-06-17,Grassroots,2012,https://boxd.it/1kV4t,,,,2013-06-16
2013-06-17,Waking Life,2001,https://boxd.it/1l5KT,,Yes,,2013-06-16
2013-06-17,The Hunt,2012,https://boxd.it/1l5Lx,,,,2013-06-16
2013-06-18,Wit,2001,https://boxd.it/1lusv,,,,2013-06-17
2013-06-18,Alps,2011,https://boxd.it/1lusF,,,,2013-06-17
2013-06-19,The Brown Bunny,2003,https://boxd.it/1lGED,,,,2013-06-18
2013-06-20,Can't Hardly Wait,1998,https://boxd.it/1lKOd,,Yes,,2013-06-19
2013-06-20,Get Smart,2008,https://boxd.it/1lOqz,,,,2013-06-19
2013-06-22,Jack the Giant Slayer,2013,https://boxd.it/1mm27,,,,2013-06-21
2013-06-22,Little Miss Sunshine,2006,https://boxd.it/1mm2r,,Yes,,2013-06-21
2013-06-23,Martha Marcy May Marlene,2011,https://boxd.it/1mxkB,,,,2013-06-22
2013-06-23,How Do You Know,2010,https://boxd.it/1mDZl,,,,2013-06-22
2013-06-24,Exam,2009,https://boxd.it/1mHAT,,,,2013-06-23
2013-06-24,Come and See,1985,https://boxd.it/1mHBn,,,,2013-06-23
2013-06-24,Ask the Dust,2006,https://boxd.it/1mKS7,,,,2013-06-23
2013-06-25,On the Edge,2001,https://boxd.it/1n4bd,,,,2013-06-23
2013-06-25,The Method,2005,https://boxd.it/1nf2h,,,,2013-06-24
2013-06-26,Extract,2009,https://boxd.it/1nu4R,,,,2013-06-25
2013-06-27,Tiny Furniture,2010,https://boxd.it/1nIJf,,,,2013-06-26
2013-06-28,2 Days in Paris,2007,https://boxd.it/1nRXF,,Yes,,2013-06-27
2013-06-29,2 Days in New York,2012,https://boxd.it/1obCn,,,,2013-06-28
2013-06-30,Capital,2012,https://boxd.it/1onqD,,,"Rio, FilmFestMuenchen",2013-06-29
2013-06-30,Stone,2010,https://boxd.it/1ow8X,,,,2013-06-29
2013-06-30,Rubber,2010,https://boxd.it/1ow9h,,,,2013-06-29
2013-07-01,Limitless,2011,https://boxd.it/1oIzB,,,,2013-06-30
2013-07-01,Heavenly Creatures,1994,https://boxd.it/1oIAT,,,,2013-06-30
2013-07-03,Passion,2012,https://boxd.it/1pqoH,,,,2013-07-02
2013-07-03,Signs,2002,https://boxd.it/1pqp1,,Yes,,2013-07-02
2013-07-04,Winter's Bone,2010,https://boxd.it/1pAvj,,,,2013-07-03
2013-07-26,The Way,2010,https://boxd.it/1vD2h,,,,2013-07-25
2013-08-15,Sex Traffic,2004,https://boxd.it/1BYx3,,,,2013-08-14
2013-08-17,Batman Begins,2005,https://boxd.it/1CvFz,,Yes,,2013-08-16
2013-08-18,The Dark Knight,2008,https://boxd.it/1CPF5,,Yes,,2013-08-17
2013-08-19,The Dark Knight Rises,2012,https://boxd.it/1D6rz,,,,2013-08-18
2013-08-21,Django Unchained,2012,https://boxd.it/1DG9V,,,,2013-08-20
2013-08-24,Teddy Bear,2012,https://boxd.it/1EHPv,,,,2013-08-23
2013-08-24,A Matter of Life and Death,1946,https://boxd.it/1EHPZ,,,,2013-08-23
2013-08-26,Happythankyoumoreplease,2010,https://boxd.it/1FmWd,,,,2013-08-25
2013-08-26,Liberal Arts,2012,https://boxd.it/1FmWH,,,,2013-08-25
2013-09-02,My Man Godfrey,1936,https://boxd.it/1HqD9,,Yes,,2013-09-01
2013-09-07,The Gilded Cage,2013,https://boxd.it/1IGm1,,,theatiner,2013-09-06
2013-09-08,Wild Palms,1993,https://boxd.it/1J71p,,,,2013-09-07
2013-10-12,Behind the Candelabra,2013,https://boxd.it/1RzKD,,,museum lichtspiele,2013-10-11
2013-10-13,Mood Indigo,2013,https://boxd.it/1RNJJ,,,theatiner,2013-10-12
2013-10-14,Death at a Funeral,2007,https://boxd.it/1Skkx,,,,2013-10-13
2013-10-14,Stardust,2007,https://boxd.it/1Skl1,,,,2013-10-13
2013-10-26,Brilliantlove,2010,https://boxd.it/1VdoX,,,,2013-10-22
2013-10-26,Hemel,2012,https://boxd.it/1VdpB,,,,2013-10-23
2013-10-31,Pacific Rim,2013,https://boxd.it/1WLRV,,,,2013-10-29
2013-11-04,Now You See Me,2013,https://boxd.it/1XYyT,,,,2013-11-03
2013-11-05,Safety Not Guaranteed,2012,https://boxd.it/1Yg1t,,,,2013-11-04
2013-11-05,The Bucket List,2007,https://boxd.it/1Yg1D,,,,2013-11-04
2013-11-06,World War Z,2013,https://boxd.it/1YtrT,,,,2013-11-05
2013-11-08,Population 436,2006,https://boxd.it/1YX8d,,,,2013-11-07
2013-11-08,Mental,2012,https://boxd.it/1YX9F,,,,2013-11-07
2013-11-13,RED 2,2013,https://boxd.it/20rNd,,,,2013-11-12
2013-11-14,Despicable Me,2010,https://boxd.it/20JOD,,,,2013-11-13
2013-11-15,Despicable Me 2,2013,https://boxd.it/20YYX,,,,2013-11-14
2013-12-01,Blue Jasmine,2013,https://boxd.it/25lHX,,,Museum Lichtspiele,2013-11-30
2013-12-03,Gravity,2013,https://boxd.it/25TxH,,,Cinema,2013-12-02
2013-12-15,Inside Llewyn Davis,2013,https://boxd.it/29sbR,,,Museum Lichtspiele,2013-12-14
2014-01-04,American History X,1998,https://boxd.it/2hj0L,,Yes,tv,2013-12-22
2014-01-04,Death Proof,2007,https://boxd.it/2hj1J,,Yes,tv,2013-12-22
2014-01-04,Heartbreakers,2001,https://boxd.it/2hj2d,,Yes,tv,2013-12-22
2014-01-04,This Is It,2009,https://boxd.it/2hj3b,,,tv,2013-12-24
2014-01-04,Almost Heroes,1998,https://boxd.it/2hj4j,,,tv,2013-12-24
2014-01-04,Love and Dance,2009,https://boxd.it/2hj4N,,,tv,2013-12-24
2014-01-04,Superbad,2007,https://boxd.it/2hlNv,,Yes,tv,2013-12-25
2014-01-04,Cadillac Records,2008,https://boxd.it/2hlO9,,,tv,2013-12-26
2014-01-04,Pineapple Express,2008,https://boxd.it/2hlOD,,,tv,2013-12-27
2014-01-04,Tomcats,2001,https://boxd.it/2hlOX,,Yes,tv,2013-12-27
2014-01-04,Flood,2007,https://boxd.it/2hlPr,,,tv,2013-12-28
2014-01-04,The Illusionist,2006,https://boxd.it/2hlPL,,,tv,2013-12-29
2014-01-04,Just Go with It,2011,https://boxd.it/2hlRn,,,tv,2013-12-29
2014-01-04,21,2008,https://boxd.it/2hm9V,,Yes,tv,2013-12-30
2014-01-04,Matchstick Men,2003,https://boxd.it/2hmaJ,,,tv,2013-12-30
2014-01-04,The Mummy,1999,https://boxd.it/2hmbH,,Yes,tv,2013-12-30
2014-01-04,Brüno,2009,https://boxd.it/2hmcF,,,tv,2013-12-30
2014-01-04,Miss Congeniality 2: Armed and Fabulous,2005,https://boxd.it/2hmdN,,,tv,2013-12-30
2014-01-04,George and the Dragon,2004,https://boxd.it/2hmeL,,,tv,2013-12-30
2014-01-04,Man of the Year,2002,https://boxd.it/2hmzz,,,tv,2013-12-30
2014-01-04,As Good as It Gets,1997,https://boxd.it/2hmh1,,Yes,tv,2014-01-01
2014-01-04,Poseidon,2006,https://boxd.it/2hmAR,,,tv,2014-01-01
2014-01-04,Message in a Bottle,1999,https://boxd.it/2hmBv,,Yes,tv,2014-01-01
2014-01-04,Local Color,2006,https://boxd.it/2hmCX,,,tv,2014-01-01
2014-01-04,Heartbreaker,2010,https://boxd.it/2hmEz,,,tv,2014-01-02
2014-01-04,Being Jacques Chirac,2006,https://boxd.it/2hmK3,,,tv,2014-01-02
2014-01-12,The Fast and the Furious,2001,https://boxd.it/2lkd5,,,,2014-01-11
2014-01-12,2 Fast 2 Furious,2003,https://boxd.it/2lkdp,,,,2014-01-11
2014-01-12,The Fast and the Furious: Tokyo Drift,2006,https://boxd.it/2lken,,,,2014-01-11
2014-01-12,Fast Five,2011,https://boxd.it/2lkfb,,,,2014-01-11
2014-01-12,Fast & Furious 6,2013,https://boxd.it/2lkfP,,,,2014-01-11
2014-01-12,Fast & Furious,2009,https://boxd.it/2lkh7,,,,2014-01-11
2014-01-18,Import/Export,2007,https://boxd.it/2oq6v,,,,2014-01-17
2014-01-18,Populaire,2012,https://boxd.it/2otVr,,,,2014-01-17
2014-01-18,Death at a Funeral,2007,https://boxd.it/2otW5,,Yes,,2014-01-17
2014-01-26,Only Lovers Left Alive,2013,https://boxd.it/2s3EH,,,city kino,2014-01-25
2014-02-09,Nebraska,2013,https://boxd.it/2xVmR,,,Museum Lichtspiele,2014-02-08
2014-02-11,Castello Cavalcanti,2013,https://boxd.it/2yREf,,,,2014-02-10
2014-02-21,This Is the End,2013,https://boxd.it/2CRwt,,,,2014-02-20
2014-02-21,Robot & Frank,2012,https://boxd.it/2CRwX,,,,2014-02-20
2014-02-22,The Science of Sleep,2006,https://boxd.it/2Dca9,,Yes,,2014-02-21
2014-02-22,Anatomy of Hell,2004,https://boxd.it/2DcaD,,,,2014-02-21
2014-02-23,The Great Beauty,2013,https://boxd.it/2DxCX,,,,2014-02-22
2014-02-23,On the Road,2012,https://boxd.it/2DN5l,,,,2014-02-22
2014-02-25,Chico & Rita,2010,https://boxd.it/2EDAv,,,,2014-02-24
2014-02-28,Adult World,2013,https://boxd.it/2FAAJ,,,,2014-02-27
2014-03-01,Pain & Gain,2013,https://boxd.it/2FPsv,,,,2014-02-28
2014-03-02,A Serbian Film,2010,https://boxd.it/2Gd1D,,,,2014-03-01
2014-03-02,Runner Runner,2013,https://boxd.it/2Gd2L,,,,2014-03-01
2014-03-03,The Counselor,2013,https://boxd.it/2GPQz,,,,2014-03-02
2014-03-03,About Time,2013,https://boxd.it/2GPRd,,,,2014-03-02
2014-03-04,The Company You Keep,2012,https://boxd.it/2H9Dv,,,,2014-03-03
2014-03-05,Rush,2013,https://boxd.it/2HwaV,,,,2014-03-04
2014-03-06,Saving Mr. Banks,2013,https://boxd.it/2HPKX,,,,2014-03-05
2014-03-07,Last Vegas,2013,https://boxd.it/2IhPB,,,,2014-03-06
2014-03-07,Ender's Game,2013,https://boxd.it/2IhPV,,,,2014-03-06
2014-03-08,Prisoners,2013,https://boxd.it/2IuuV,,,,2014-03-07
2014-03-08,August: Osage County,2013,https://boxd.it/2Iuvz,,,museum lichtspiele,2014-03-07
2014-03-09,Enough Said,2013,https://boxd.it/2IMZ3,,,,2014-03-08
2014-03-09,Philomena,2013,https://boxd.it/2IN01,,,museum lichtspiele,2014-03-08
2014-03-09,American Hustle,2013,https://boxd.it/2IS0F,,,,2014-03-08
2014-03-09,Barefoot,2014,https://boxd.it/2J1Nr,,,,2014-03-08
2014-03-10,Elysium,2013,https://boxd.it/2J6xN,,,,2014-03-09
2014-03-10,The Artist and the Model,2012,https://boxd.it/2Jfev,,,,2014-03-09
2014-03-10,This Is England,2006,https://boxd.it/2Jj7N,,,,2014-03-09
2014-03-10,The Station Agent,2003,https://boxd.it/2JuuD,,,,2014-03-09
2014-03-11,Code Unknown,2000,https://boxd.it/2JIEH,,,,2014-03-10
2014-03-11,Room in Rome,2010,https://boxd.it/2JIFl,,,,2014-03-10
2014-03-12,The Piano Teacher,2001,https://boxd.it/2K7WB,,,,2014-03-11
2014-03-13,Time of the Wolf,2003,https://boxd.it/2KqJL,,,,2014-03-12
2014-03-14,The Last Kiss,2006,https://boxd.it/2KXfz,,,,2014-03-13
2014-03-15,Tell No One,2006,https://boxd.it/2LiYb,,,,2014-03-14
2014-03-16,Shutter Island,2010,https://boxd.it/2LNxl,,,,2014-03-15
2014-03-17,The Assassination of Jesse James by the Coward Robert Ford,2007,https://boxd.it/2M4ov,,,,2014-03-16
2014-03-17,Bullhead,2011,https://boxd.it/2M9Fr,,,,2014-03-16
2014-03-18,Drive,2011,https://boxd.it/2MvD3,,,,2014-03-17
2014-03-18,Starlet,2012,https://boxd.it/2MvDH,,,,2014-03-17
2014-03-19,Kin-dza-dza!,1986,https://boxd.it/2MZMJ,,,,2014-03-18
2014-03-20,Heart of a Dog,1988,https://boxd.it/2Nf65,,,,2014-03-19
2014-03-20,Sex Drive,2008,https://boxd.it/2Nf6J,,,,2014-03-19
2014-03-22,In the House,2012,https://boxd.it/2O6ij,,,,2014-03-21
2014-03-22,Green Lantern,2011,https://boxd.it/2O6jh,,,,2014-03-21
2014-03-23,To the Wonder,2012,https://boxd.it/2Om5v,,,,2014-03-22
2014-03-24,Don Jon,2013,https://boxd.it/2OMqT,,,,2014-03-23
2014-03-24,Oblivion,2013,https://boxd.it/2OUrb,,,,2014-03-23
2014-03-24,True Romance,1993,https://boxd.it/2OYwp,,,,2014-03-23
2014-03-25,The Town,2010,https://boxd.it/2PlnF,,,,2014-03-24
2014-03-27,The Best Exotic Marigold Hotel,2011,https://boxd.it/2Q1DP,,,,2014-03-26
2014-03-28,Margaret,2011,https://boxd.it/2QroL,,,,2014-03-27
2014-03-29,The Kids Are All Right,2010,https://boxd.it/2QOgb,,,,2014-03-28
2014-03-30,The Grand Budapest Hotel,2014,https://boxd.it/2R1Id,,,museum lichtspiele,2014-03-29
2014-03-31,Metropia,2009,https://boxd.it/2RzUd,,,,2014-03-30
2014-04-01,Much Ado About Nothing,2012,https://boxd.it/2RWqZ,,,,2014-03-31
2014-04-01,After the Dark,2013,https://boxd.it/2RZrB,,,,2014-03-31
2014-04-02,21 & Over,2013,https://boxd.it/2SrUL,,,,2014-04-01
2014-04-03,Better Living Through Chemistry,2014,https://boxd.it/2SNu1,,,,2014-04-02
2014-04-03,The Right Kind of Wrong,2013,https://boxd.it/2SNuZ,,,,2014-04-02
2014-04-05,Ruby Sparks,2012,https://boxd.it/2Tg2F,,,,2014-04-03
2014-04-06,Her,2013,https://boxd.it/2TLfZ,,,museum lichtspiele,2014-04-05
2014-04-06,Child's Pose,2013,https://boxd.it/2TLgj,,,,2014-04-05
2014-04-07,Snowpiercer,2013,https://boxd.it/2Ug8v,,,,2014-04-06
2014-04-08,Authors Anonymous,2014,https://boxd.it/2UAAp,,,,2014-04-07
2014-04-14,28 Hotel Rooms,2012,https://boxd.it/2WERN,,,,2014-04-11
2014-04-14,Idiocracy,2006,https://boxd.it/2WETf,,,,2014-04-12
2014-04-15,Bottle Rocket,1996,https://boxd.it/2X8qn,,,,2014-04-14
2014-04-17,The Secret Life of Walter Mitty,2013,https://boxd.it/2XTr3,,,,2014-04-16
2014-04-17,Hanna,2011,https://boxd.it/2XTrx,,,,2014-04-16
2014-04-19,5 Centimeters per Second,2007,https://boxd.it/2YGkv,,,,2014-04-18
2014-04-20,A Long Way Down,2014,https://boxd.it/2Z7N5,,,museum lichtspiele,2014-04-19
2014-04-20,Stoker,2013,https://boxd.it/2Z7Nz,,,,2014-04-19
2014-04-21,Warm Bodies,2013,https://boxd.it/2Zr79,,,,2014-04-20
2014-04-21,Drinking Buddies,2013,https://boxd.it/2Zu4x,,,,2014-04-20
2014-04-22,Next Door,2005,https://boxd.it/2ZGgl,,,,2014-04-21
2014-04-22,Atonement,2007,https://boxd.it/2ZTJF,,,,2014-04-21
2014-04-24,He Was a Quiet Man,2007,https://boxd.it/30NL3,,,,2014-04-23
2014-04-25,The Hole,2001,https://boxd.it/3105T,,,,2014-04-24
2014-04-25,Privacy Settings,2013,https://boxd.it/3107b,,,,2014-04-24
2014-04-26,The Wolf of Wall Street,2013,https://boxd.it/31tZh,,,,2014-04-25
2014-04-26,Autoerotic,2011,https://boxd.it/31tZr,,,,2014-04-25
2014-04-27,The Sinking of the Laconia,2011,https://boxd.it/31T6R,,,,2014-04-26
2014-04-27,Alexander the Last,2009,https://boxd.it/31T97,,,,2014-04-26
2014-04-28,Dom Hemingway,2013,https://boxd.it/32fgT,,,,2014-04-27
2014-04-28,The Zone,2011,https://boxd.it/32fmH,,,,2014-04-27
2014-04-29,Filth,2013,https://boxd.it/32IOv,,,,2014-04-28
2014-04-29,Uncle Kent,2011,https://boxd.it/32IOP,,,,2014-04-28
2014-05-01,Thor,2011,https://boxd.it/33nyD,,,,2014-04-30
2014-05-01,Thor: The Dark World,2013,https://boxd.it/33nBH,,,,2014-04-30
2014-05-01,Art History,2011,https://boxd.it/33nFp,,,,2014-04-30
2014-05-02,Hours,2013,https://boxd.it/33Bvj,,,,2014-05-01
2014-05-02,The Big Chill,1983,https://boxd.it/33BvD,,Yes,,2014-05-01
2014-05-02,Silver Bullets,2011,https://boxd.it/33Hqp,,,,2014-05-01
2014-05-02,Caitlin Plays Herself,2011,https://boxd.it/33HqJ,,,,2014-05-01
2014-05-03,Garden State,2004,https://boxd.it/33UQZ,,,,2014-05-02
2014-05-03,Marriage Material,2012,https://boxd.it/33Wfr,,,,2014-05-02
2014-05-04,The Invisible Woman,2013,https://boxd.it/34bQn,,,,2014-05-03
2014-05-04,Enemy,2013,https://boxd.it/34tfT,,,,2014-05-03
2014-05-04,No Strings Attached,2011,https://boxd.it/34thF,,,,2014-05-03
2014-05-04,24 Exposures,2013,https://boxd.it/34thZ,,,,2014-05-03
2014-05-06,Blue Ruin,2013,https://boxd.it/35f9p,,,,2014-05-05
2014-05-06,Pure,2002,https://boxd.it/35f9J,,,,2014-05-05
2014-05-08,A Late Quartet,2012,https://boxd.it/35RSn,,,,2014-05-07
2014-05-11,Blue Is the Warmest Color,2013,https://boxd.it/36Phr,,,,2014-05-10
2014-05-12,Hesher,2010,https://boxd.it/375Az,,,,2014-05-11
2014-05-16,Pompeii,2014,https://boxd.it/38qbH,,,,2014-05-14
2014-05-16,Walk of Shame,2014,https://boxd.it/38qbR,,,,2014-05-14
2014-05-16,The Monuments Men,2014,https://boxd.it/38qc1,,,,2014-05-15
2014-05-17,The Art of the Steal,2013,https://boxd.it/38Ief,,,,2014-05-16
2014-05-18,Decoding Annie Parker,2013,https://boxd.it/38SlF,,,,2014-05-17
2014-05-18,Big Night,1996,https://boxd.it/397lZ,,,,2014-05-17
2014-05-19,3 Days to Kill,2014,https://boxd.it/39qjt,,,,2014-05-18
2014-05-20,The Spectacular Now,2013,https://boxd.it/39Icv,,,,2014-05-19
2014-05-20,The Kings of Summer,2013,https://boxd.it/39LZb,,,,2014-05-19
2014-05-21,Every Day,2010,https://boxd.it/3admr,,,,2014-05-20
2014-05-24,Empire Falls,2005,https://boxd.it/3aXot,,,,2014-05-22
2014-05-24,The Bag Man,2014,https://boxd.it/3b0it,,,,2014-05-23
2014-05-26,Moneyball,2011,https://boxd.it/3bKaF,,,,2014-05-25
2014-05-26,Short Term 12,2013,https://boxd.it/3bUkP,,,,2014-05-25
2014-05-26,Escape Plan,2013,https://boxd.it/3bUl9,,,,2014-05-25
2014-05-27,The Call,2013,https://boxd.it/3ct6D,,,,2014-05-26
2014-05-27,Not Safe for Work,2014,https://boxd.it/3ct7L,,,,2014-05-26
2014-05-30,Kid Cannabis,2014,https://boxd.it/3dcZN,,,,2014-05-28
2014-05-30,Cousin,1999,https://boxd.it/3djZv,,,,2014-05-29
2014-05-30,Brother,2000,https://boxd.it/3djZP,,,,2014-05-29
2014-05-30,Flight Over Lithuania or 510 Seconds of Silence,2000,https://boxd.it/3dk6V,,,,2014-05-29
2014-05-31,Nymphomaniac: Vol. I,2013,https://boxd.it/3dFxN,,,,2014-05-30
2014-05-31,Nymphomaniac: Vol. II,2013,https://boxd.it/3dFB1,,,,2014-05-30
2014-06-01,Vanishing on 7th Street,2010,https://boxd.it/3ekuF,,,,2014-05-31
2014-06-01,Chaos Theory,2008,https://boxd.it/3ekuP,,,,2014-05-31
2014-06-09,The Bling Ring,2013,https://boxd.it/3gZJF,,,,2014-06-08
2014-06-09,28 Days Later,2002,https://boxd.it/3hngR,,,,2014-06-08
2014-06-09,28 Weeks Later,2007,https://boxd.it/3hnhv,,,,2014-06-08
2014-06-09,Then She Found Me,2007,https://boxd.it/3hnhF,,,,2014-06-08
2014-06-10,The Machinist,2004,https://boxd.it/3hEYr,,,,2014-06-09
2014-06-10,How to Train Your Dragon,2010,https://boxd.it/3hF2X,,,,2014-06-09
2014-06-11,The Sessions,2012,https://boxd.it/3hXod,,,,2014-06-10
2014-06-12,Delivery Man,2013,https://boxd.it/3ievF,,,,2014-06-11
2014-06-14,The Letter,2012,https://boxd.it/3iMXD,,,,2014-06-13
2014-06-15,Citizen X,1995,https://boxd.it/3j1w3,,,,2014-06-14
2014-06-16,Starbuck,2011,https://boxd.it/3jvy9,,,,2014-06-15
2014-06-16,Devil's Due,2014,https://boxd.it/3jvyj,,,,2014-06-15
2014-06-17,Angst,1983,https://boxd.it/3jOnf,,,,2014-06-16
2014-06-19,"I Love You, Man",2009,https://boxd.it/3klxR,,,,2014-06-18
2014-06-21,The Grandmaster,2013,https://boxd.it/3kW1t,,,,2014-06-20
2014-06-21,The Invention of Lying,2009,https://boxd.it/3kW1N,,,,2014-06-20
2014-06-22,Sexy Beast,2000,https://boxd.it/3lgtd,,,,2014-06-21
2014-06-23,Mr. Nobody,2009,https://boxd.it/3lwFf,,,,2014-06-22
2014-06-28,The Iceman,2012,https://boxd.it/3mZSf,,,,2014-06-26
2014-06-28,The Informers,2008,https://boxd.it/3nigJ,,,,2014-06-27
2014-06-29,A Single Man,2009,https://boxd.it/3nxGn,,Yes,,2014-06-28
2014-06-29,Hot Tub Time Machine,2010,https://boxd.it/3nxHl,,,,2014-06-28
2014-06-30,Polytechnique,2009,https://boxd.it/3o3Gp,,,,2014-06-29
2014-07-03,Spring Breakers,2012,https://boxd.it/3p7CD,,,,2014-07-02
2014-07-04,Enter the Void,2009,https://boxd.it/3pvc5,,,,2014-07-03
2014-07-05,Paranoid Park,2007,https://boxd.it/3pD5L,,,,2014-07-04
2014-07-07,The Factory,2012,https://boxd.it/3qei3,,,,2014-07-05
2014-07-08,The Wackness,2008,https://boxd.it/3qNKr,,,,2014-07-06
2014-07-08,Audition,1999,https://boxd.it/3qNMH,,,,2014-07-06
2014-07-08,Visitor Q,2001,https://boxd.it/3qNS1,,,,2014-07-06
2014-07-27,Blow,2001,https://boxd.it/3ycN5,,,,2014-07-08
2014-07-12,Dune,1984,https://boxd.it/3s9E3,,Yes,,2014-07-10
2014-07-25,Page Eight,2011,https://boxd.it/3xdEh,,,,2014-07-23
2014-07-25,Turks & Caicos,2014,https://boxd.it/3xdEB,,,,2014-07-23
2014-07-25,Salting the Battlefield,2014,https://boxd.it/3xdF5,,,,2014-07-23
2014-07-26,The Girl with the Dragon Tattoo,2009,https://boxd.it/3xFEJ,,,,2014-07-25
2014-07-26,The Girl Who Played with Fire,2009,https://boxd.it/3xFFd,,,,2014-07-25
2014-07-26,The Girl Who Kicked the Hornet's Nest,2009,https://boxd.it/3xFFn,,,,2014-07-26
2014-07-28,I Knew It Was You: Rediscovering John Cazale,2009,https://boxd.it/3yeap,,,,2014-07-27
2014-08-31,The Hundred-Foot Journey,2014,https://boxd.it/3M041,,,museum lichtspiele,2014-08-30
2014-09-02,Trouble with the Curve,2012,https://boxd.it/3Nau1,,,,2014-09-01
2014-09-05,Wrong,2012,https://boxd.it/3O3RJ,,,,2014-09-04
2014-09-06,The Paperboy,2012,https://boxd.it/3OxK9,,,,2014-09-05
2014-09-08,Another Earth,2011,https://boxd.it/3P4y1,,,,2014-09-07
2014-09-08,The Island,2005,https://boxd.it/3PmeN,,,,2014-09-07
2014-09-08,Bad Teacher,2011,https://boxd.it/3Pmf7,,,,2014-09-07
2014-09-09,Berkeley in the Sixties,1990,https://boxd.it/3PSAr,,,,2014-09-08
2014-09-10,The Keep,1983,https://boxd.it/3QcKr,,,,2014-09-09
2014-09-11,Sinister,2012,https://boxd.it/3QwZ7,,,,2014-09-10
2014-09-14,All About Love,2001,https://boxd.it/3RIUv,,,,2014-09-13
2014-09-15,Matinée,2009,https://boxd.it/3RNT3,,,,2014-09-13
2014-09-15,Skin. Like. Sun.,2009,https://boxd.it/3RNTd,,,,2014-09-13
2014-09-16,The Iron Giant,1999,https://boxd.it/3Sp51,,,,2014-09-15
2014-09-20,My Blueberry Nights,2007,https://boxd.it/3TTht,,,,2014-09-18
2014-09-20,Pentimento,1979,https://boxd.it/3TTj5,,,,2014-09-18
2014-09-20,Visual Training,1969,https://boxd.it/3TTop,,,,2014-09-19
2014-09-20,Spectator,1970,https://boxd.it/3TTpH,,,,2014-09-19
2014-09-20,Sorbet '3',1968,https://boxd.it/3TTqF,,,,2014-09-19
2014-09-20,"Birds, One",1968,https://boxd.it/3TTqZ,,,,2014-09-19
2014-09-20,Blended,2014,https://boxd.it/3U25h,,,,2014-09-19
2014-09-21,A Most Wanted Man,2014,https://boxd.it/3UgV7,,,museum lichtspiele,2014-09-20
2014-09-21,To Kill a Beaver,2012,https://boxd.it/3UsM7,,,,2014-09-20
2014-09-22,How to Train Your Dragon 2,2014,https://boxd.it/3UKAj,,,,2014-09-21
2014-09-23,Coherence,2013,https://boxd.it/3ViTf,,,,2014-09-22
2014-09-24,Arena,2011,https://boxd.it/3VBPr,,,,2014-09-23
2014-09-25,The American Astronaut,2001,https://boxd.it/3VTvJ,,,,2014-09-24
2014-09-26,The Signal,2014,https://boxd.it/3Wea3,,,,2014-09-25
2014-09-26,50 First Dates,2004,https://boxd.it/3WebF,,Yes,,2014-09-25
2014-09-27,My Summer in Provence,2014,https://boxd.it/3WB6X,,,theatiner,2014-09-26
2014-09-28,Confessions of a Dangerous Mind,2002,https://boxd.it/3X0OP,,,,2014-09-27
2014-09-28,Eros,2004,https://boxd.it/3X0Pt,,,,2014-09-27
2014-09-29,Upstream Color,2013,https://boxd.it/3XrDT,,,,2014-09-28
2014-10-01,Noah,2014,https://boxd.it/3Y6IF,,,,2014-09-29
2014-10-02,Edge of Tomorrow,2014,https://boxd.it/3YqnH,,,,2014-10-01
2014-10-02,The Family,2013,https://boxd.it/3YqoZ,,,,2014-10-01
2014-10-03,The Fault in Our Stars,2014,https://boxd.it/3YJHh,,,,2014-10-02
2014-10-19,The Celebration,1998,https://boxd.it/45gEx,,,,2014-10-09
2014-10-19,The Lego Movie,2014,https://boxd.it/45gER,,,,2014-10-11
2014-10-20,Holy Motors,2012,https://boxd.it/45wCR,,,,2014-10-19
2014-10-21,Stretch,2014,https://boxd.it/4690d,,,,2014-10-20
2014-10-21,Sex Tape,2014,https://boxd.it/4690n,,,,2014-10-20
2014-10-25,Automata,2014,https://boxd.it/47x9v,,,,2014-10-24
2014-10-26,Good People,2014,https://boxd.it/482m1,,,,2014-10-25
2014-10-26,Four Lions,2010,https://boxd.it/482mP,,,,2014-10-25
2014-10-27,The Expendables,2010,https://boxd.it/48qXP,,,,2014-10-26
2014-10-27,The Expendables 2,2012,https://boxd.it/48qY9,,,,2014-10-26
2014-10-27,The Expendables 3,2014,https://boxd.it/48qYt,,,,2014-10-26
2014-11-02,"20,000 Days on Earth",2014,https://boxd.it/4b8dZ,,,,2014-11-01
2014-11-02,Boy Meets Girl,2009,https://boxd.it/4b8i1,,,,2014-11-01
2014-11-11,Fading Gigolo,2013,https://boxd.it/4eKOZ,,,city kino,2014-11-09
2014-11-30,Secretary,2002,https://boxd.it/4n8XR,,Yes,,2014-11-10
2014-11-30,Coherence,2013,https://boxd.it/4nlpX,,Yes,,2014-11-29
2014-12-01,Metéora,2012,https://boxd.it/4nB0p,,,,2014-11-30
2014-12-08,Songs from the Second Floor,2000,https://boxd.it/4qz83,,,,2014-12-06
2014-12-08,"You, the Living",2007,https://boxd.it/4r0hB,,Yes,,2014-12-07
2014-12-28,The American President,1995,https://boxd.it/4Ba4n,,Yes,tv,2014-12-13
2014-12-28,Matilda,1996,https://boxd.it/4Ba4H,,Yes,tv,2014-12-13
2014-12-28,King Kong,2005,https://boxd.it/4Ba4R,,Yes,tv,2014-12-13
2014-12-28,Radio Flyer,1992,https://boxd.it/4Ba5P,,,tv,2014-12-13
2014-12-28,The Final Destination,2009,https://boxd.it/4Ba7V,,,tv,2014-12-14
2014-12-28,After.Life,2009,https://boxd.it/4Ba9d,,,tv,2014-12-14
2014-12-28,xXx: State of the Union,2005,https://boxd.it/4Baab,,,tv,2014-12-14
2014-12-28,X-Men Origins: Wolverine,2009,https://boxd.it/4BaaF,,,tv,2014-12-15
2014-12-28,The Day After Tomorrow,2004,https://boxd.it/4BabN,,Yes,tv,2014-12-17
2014-12-28,The A-Team,2010,https://boxd.it/4Bacr,,,tv,2014-12-18
2014-12-28,How Do You Know,2010,https://boxd.it/4BacL,,Yes,tv,2014-12-18
2014-12-28,Click,2006,https://boxd.it/4Bad5,,Yes,tv,2014-12-20
2014-12-28,Milk,2008,https://boxd.it/4BadJ,,Yes,tv,2014-12-20
2014-12-28,Asterix at the Olympic Games,2008,https://boxd.it/4Bae3,,Yes,tv,2014-12-20
2014-12-28,Junior,1994,https://boxd.it/4Baen,,Yes,tv,2014-12-20
2014-12-28,The Core,2003,https://boxd.it/4BaeH,,Yes,tv,2014-12-20
2014-12-29,All I Want For Christmas,1991,https://boxd.it/4Balt,,,tv,2014-12-21
2014-12-29,Just Friends,2005,https://boxd.it/4Bam7,,Yes,tv,2014-12-21
2014-12-29,The Time Traveler's Wife,2009,https://boxd.it/4BamV,,,tv,2014-12-21
2014-12-29,The Mummy,1999,https://boxd.it/4BanJ,,Yes,tv,2014-12-21
2014-12-29,The Boondock Saints II: All Saints Day,2009,https://boxd.it/4Baod,,,tv,2014-12-21
2014-12-29,Fear,1996,https://boxd.it/4Bapb,,,tv,2014-12-21
2014-12-29,The Forbidden Kingdom,2008,https://boxd.it/4Bb5B,,,tv,2014-12-22
2014-12-29,Sleepers,1996,https://boxd.it/4Bb6z,,Yes,tv,2014-12-22
2014-12-29,Spy Game,2001,https://boxd.it/4Bb6T,,Yes,tv,2014-12-23
2014-12-29,National Lampoon's Senior Trip,1995,https://boxd.it/4Bb7R,,,tv,2014-12-24
2014-12-29,While You Were Sleeping,1995,https://boxd.it/4Bb8F,,Yes,tv,2014-12-25
2014-12-29,Christmas with the Kranks,2004,https://boxd.it/4Bb9t,,Yes,tv,2014-12-25
2014-12-29,Fred Claus,2007,https://boxd.it/4Bb9D,,,tv,2014-12-25
2014-12-29,Out of Sight,1998,https://boxd.it/4BbaV,,,tv,2014-12-25
2014-12-29,Vegas Vacation,1997,https://boxd.it/4BbbT,,,tv,2014-12-26
2014-12-29,Deck the Halls,2006,https://boxd.it/4Bbcn,,Yes,tv,2014-12-26
2014-12-29,It Could Happen to You,1994,https://boxd.it/4Bbd1,,Yes,tv,2014-12-26
2014-12-29,"Greystoke: The Legend of Tarzan, Lord of the Apes",1984,https://boxd.it/4BbdP,,Yes,tv,2014-12-26
2014-12-29,Happythankyoumoreplease,2010,https://boxd.it/4Bbh3,,Yes,tv,2014-12-27
2014-12-29,Jack and Jill,2011,https://boxd.it/4BbhH,,,tv,2014-12-27
2014-12-29,The fruit carriers of Athens,2010,https://boxd.it/4BblT,,,tv,2014-12-27
2014-12-29,The Ugly Truth,2009,https://boxd.it/4BRt1,,Yes,tv,2014-12-28
2014-12-29,American Dreamz,2006,https://boxd.it/4BRtF,,,tv,2014-12-28
2014-12-30,Wild Hogs,2007,https://boxd.it/4CvMn,,Yes,tv,2014-12-29
2014-12-30,That's My Boy,2012,https://boxd.it/4CvMR,,,tv,2014-12-29
2014-12-30,Helen of Troy,2003,https://boxd.it/4CvOj,,,tv,2014-12-29
2014-12-30,Superhero Movie,2008,https://boxd.it/4CvOD,,,tv,2014-12-29
2014-12-30,Fairfield Road,2010,https://boxd.it/4CvPr,,,tv,2014-12-29
2014-12-30,Oscar and the Lady in Pink,2009,https://boxd.it/4CvQ5,,,tv,2014-12-29
2014-12-31,Christmas in Boston,2005,https://boxd.it/4Dcdb,,,tv,2014-12-30
2014-12-31,Ghostbusters II,1989,https://boxd.it/4DceX,,Yes,tv,2014-12-30
2014-12-31,Meet Joe Black,1998,https://boxd.it/4DcfL,,Yes,tv,2014-12-30
2015-01-02,Stomp the Yard 2: Homecoming,2010,https://boxd.it/4EzJV,,,tv,2015-01-01
2015-01-02,The Prince & Me 4: The Elephant Adventure,2010,https://boxd.it/4EzLx,,,tv,2015-01-01
2015-01-02,Call Me Claus,2001,https://boxd.it/4EzMv,,,tv,2015-01-01
2015-01-02,The Christmas Hope,2009,https://boxd.it/4EzPT,,,tv,2015-01-01
2015-01-02,Jack Frost,1998,https://boxd.it/4EzRl,,Yes,tv,2015-01-01
2015-01-03,Police Story 4: First Strike,1996,https://boxd.it/4ERcb,,,tv,2015-01-02
2015-01-03,Superhero Movie,2008,https://boxd.it/4ERdt,,Yes,tv,2015-01-02
2015-01-05,Transformers: Age of Extinction,2014,https://boxd.it/4GuMJ,,,air china,2015-01-03
2015-01-05,Dawn of the Planet of the Apes,2014,https://boxd.it/4GuO1,,,air china,2015-01-03
2015-01-05,Extraterrestrial,2014,https://boxd.it/4GuOv,,,,2015-01-03
2015-01-05,Tammy,2014,https://boxd.it/4GuPj,,,,2015-01-04
2015-01-05,Killer Joe,2011,https://boxd.it/4GBfd,,,,2015-01-04
2015-01-05,Tetro,2009,https://boxd.it/4H4uh,,,,2015-01-04
2015-01-05,Fishing with John,1991,https://boxd.it/4H4yt,,,,2015-01-04
2015-01-07,Boy Meets Girl,1984,https://boxd.it/4I8hN,,,,2015-01-06
2015-01-08,The Spanish Apartment,2002,https://boxd.it/4IZsf,,,,2015-01-07
2015-01-08,Russian Dolls,2005,https://boxd.it/4IZsJ,,,,2015-01-07
2015-01-09,Chinese Puzzle,2013,https://boxd.it/4JuaB,,,,2015-01-08
2015-01-09,Sleep with Me,1994,https://boxd.it/4JxnN,,,,2015-01-08
2015-01-10,Crying Out Love in the Center of the World,2004,https://boxd.it/4K7jH,,,,2015-01-09
2015-01-10,Punch-Drunk Love,2002,https://boxd.it/4KfA7,,,,2015-01-09
2015-01-10,Foxfire,1996,https://boxd.it/4KfD1,,Yes,,2015-01-09
2015-01-11,Evolution,2001,https://boxd.it/4LmOx,,Yes,,2015-01-10
2015-01-11,Fearless,1993,https://boxd.it/4LmRr,,,,2015-01-10
2015-01-12,The Prince,2014,https://boxd.it/4LToH,,,,2015-01-11
2015-01-13,Paris,2008,https://boxd.it/4MLpf,,,,2015-01-12
2015-01-15,The Hole,1998,https://boxd.it/4NTPH,,,,2015-01-14
2015-01-15,Schizopolis,1996,https://boxd.it/4NTRt,,,,2015-01-14
2015-01-16,Venus in Fur,2013,https://boxd.it/4Oubz,,,,2015-01-15
2015-01-17,Concussion,2013,https://boxd.it/4OLtZ,,,,2015-01-16
2015-01-17,Blind,2014,https://boxd.it/4P3jt,,,,2015-01-16
2015-01-18,Days of Darkness,2007,https://boxd.it/4Pryd,,,,2015-01-17
2015-01-19,Under the Skin,2013,https://boxd.it/4QgZT,,,,2015-01-17
2015-01-19,Wrinkles,2011,https://boxd.it/4Qh1l,,,,2015-01-18
2015-01-20,The Zero Theorem,2013,https://boxd.it/4RgAV,,,,2015-01-19
2015-01-22,The Captive,2014,https://boxd.it/4Sfhl,,,,2015-01-21
2015-01-23,Camp X-Ray,2014,https://boxd.it/4SS5D,,,,2015-01-22
2015-01-24,Side by Side,2012,https://boxd.it/4TDMJ,,,,2015-01-23
2015-01-26,Whitewash,2013,https://boxd.it/4UsTB,,,,2015-01-24
2015-01-26,Kids in the Hall: Brain Candy,1996,https://boxd.it/4UsTV,,Yes,,2015-01-24
2015-01-26,Only God Forgives,2013,https://boxd.it/4Vcvb,,,,2015-01-25
2015-01-26,Event Horizon,1997,https://boxd.it/4VcvP,,,,2015-01-25
2015-01-27,Goodbye to Language,2014,https://boxd.it/4VQRr,,,,2015-01-26
2015-02-07,The Company Men,2010,https://boxd.it/51Wa1,,,,2015-02-06
2015-02-07,Date Night,2010,https://boxd.it/52dOn,,,,2015-02-06
2015-02-07,House of Tolerance,2011,https://boxd.it/52dQt,,,,2015-02-06
2015-02-08,Amour,2012,https://boxd.it/52CG9,,,,2015-02-07
2015-02-09,Lincoln,2012,https://boxd.it/53t7V,,,,2015-02-08
2015-02-11,Transcendence,2014,https://boxd.it/54OMx,,,,2015-02-10
2015-02-15,Gone Girl,2014,https://boxd.it/56BzT,,,,2015-02-14
2015-02-15,Gemma Bovery,2014,https://boxd.it/56HLL,,,,2015-02-14
2015-02-15,The Way Way Back,2013,https://boxd.it/56NCb,,,,2015-02-14
2015-02-15,In the Line of Fire,1993,https://boxd.it/56NDt,,Yes,tv,2015-02-14
2015-02-16,Birdman or (The Unexpected Virtue of Ignorance),2014,https://boxd.it/57udN,,,,2015-02-15
2015-02-20,Nightcrawler,2014,https://boxd.it/59GWT,,,,2015-02-19
2015-02-20,In Bruges,2008,https://boxd.it/59H0r,,,,2015-02-19
2015-02-21,"Two Days, One Night",2014,https://boxd.it/5ac7X,,,,2015-02-20
2015-02-22,Palo Alto,2013,https://boxd.it/5aOzZ,,,,2015-02-21
2015-02-22,Boyhood,2014,https://boxd.it/5aWL5,,,,2015-02-21
2015-02-23,The Judge,2014,https://boxd.it/5bInP,,,,2015-02-22
2015-02-24,Songs of Love and Hate,2010,https://boxd.it/5clWz,,,,2015-02-23
2015-03-02,Foxcatcher,2014,https://boxd.it/5f2mj,,,,2015-02-28
2015-03-02,Movie 43,2013,https://boxd.it/5f4Lv,,,,2015-03-01
2015-03-02,Contagion,2011,https://boxd.it/5frLt,,,,2015-03-01
2015-03-03,Your Sister's Sister,2011,https://boxd.it/5fRNF,,,,2015-03-02
2015-03-03,The Holiday,2006,https://boxd.it/5g9dP,,,,2015-03-02
2015-03-03,Daredevil,2003,https://boxd.it/5gdo3,,Yes,,2015-03-02
2015-03-07,Parkland,2013,https://boxd.it/5ibir,,,,2015-03-06
2015-03-08,Love Is Strange,2014,https://boxd.it/5itzv,,,,2015-03-07
2015-03-08,Maps to the Stars,2014,https://boxd.it/5iJEr,,,,2015-03-07
2015-03-08,Dan in Real Life,2007,https://boxd.it/5iJFf,,,,2015-03-07
2015-03-08,Ghosted,2009,https://boxd.it/5iJG3,,,tv,2015-03-07
2015-03-09,The Jacket,2005,https://boxd.it/5jkYt,,,,2015-03-08
2015-03-09,Citizenfour,2014,https://boxd.it/5jkZV,,,,2015-03-08
2015-03-10,The Imitation Game,2014,https://boxd.it/5jOQf,,,,2015-03-09
2015-03-13,Stories We Tell,2012,https://boxd.it/5lai7,,,,2015-03-12
2015-03-14,Marie Antoinette,2006,https://boxd.it/5lKix,,,,2015-03-13
2015-03-15,The Oranges,2011,https://boxd.it/5lR9d,,,,2015-03-14
2015-03-15,Anna Karenina,2012,https://boxd.it/5m5Bl,,,,2015-03-14
2015-03-15,Non-Stop,2014,https://boxd.it/5mp3N,,,,2015-03-14
2015-03-15,Force Majeure,2014,https://boxd.it/5mp47,,,,2015-03-14
2015-03-16,Third Person,2013,https://boxd.it/5mHUb,,,,2015-03-15
2015-03-17,Detachment,2011,https://boxd.it/5nnrF,,,,2015-03-16
2015-03-17,Leap Year,2010,https://boxd.it/5nyhh,,,,2015-03-16
2015-03-19,The Ides of March,2011,https://boxd.it/5oeSz,,,,2015-03-18
2015-03-19,The Go Masters,1982,https://boxd.it/5ofkt,,,,2015-03-18
2015-03-20,Interstellar,2014,https://boxd.it/5oGkZ,,,,2015-03-19
2015-03-21,Vampire Academy,2014,https://boxd.it/5phqP,,,,2015-03-20
2015-03-24,Begin Again,2013,https://boxd.it/5qTsr,,,,2015-03-23
2015-03-24,Peter's Friends,1992,https://boxd.it/5r81Z,,Yes,,2015-03-23
2015-03-26,Lucy,2014,https://boxd.it/5rN4v,,,,2015-03-24
2015-03-26,Big Hero 6,2014,https://boxd.it/5rQ7d,,,,2015-03-25
2015-03-28,The One I Love,2014,https://boxd.it/5sAsB,,,,2015-03-26
2015-03-28,+1,2013,https://boxd.it/5sI69,,,,2015-03-27
2015-03-28,Whiplash,2014,https://boxd.it/5sI9d,,,,2015-03-27
2015-03-29,The Drop,2014,https://boxd.it/5tiQd,,,,2015-03-28
2015-03-29,Frank,2014,https://boxd.it/5tiRF,,,,2015-03-28
2015-03-29,Trainspotting,1996,https://boxd.it/5tiSD,,Yes,,2015-03-28
2015-03-31,Set Fire to the Stars,2014,https://boxd.it/5ulc3,,,,2015-03-29
2015-03-31,Pasolini,2014,https://boxd.it/5uDjV,,,,2015-03-30
2015-05-09,Perfume: The Story of a Murderer,2006,https://boxd.it/5NhQB,,,tv,2015-05-02
2015-05-09,Scary Movie 2,2001,https://boxd.it/5NhRf,,Yes,tv,2015-05-02
2015-05-09,Scary Movie 4,2006,https://boxd.it/5NhRJ,,Yes,tv,2015-05-04
2015-05-17,The Trip,2010,https://boxd.it/5RgsB,,,,2015-05-16
2015-05-18,The Trip to Italy,2014,https://boxd.it/5RUFF,,,,2015-05-17
2015-06-04,Wild Things: Foursome,2010,https://boxd.it/618K3,,,tv,2015-05-28
2015-06-04,Drive,2011,https://boxd.it/618Ll,,Yes,tv,2015-05-31
2015-06-04,Anacondas: Trail of Blood,2009,https://boxd.it/618LZ,,,tv,2015-05-31
2015-06-04,Piranha 3D,2010,https://boxd.it/618MD,,,tv,2015-05-31
2015-06-04,Cemetery Junction,2010,https://boxd.it/618Pd,,,tv,2015-06-01
2015-06-04,Dark Country,2009,https://boxd.it/618QF,,,tv,2015-06-01
2015-06-04,Samba,2014,https://boxd.it/618ZR,,,air china,2015-06-03
2015-06-05,Kingsman: The Secret Service,2014,https://boxd.it/61BNZ,,,,2015-06-04
2015-06-05,Tuvalu,1999,https://boxd.it/61BRn,,,,2015-06-04
2015-06-06,Inherent Vice,2014,https://boxd.it/62373,,,,2015-06-05
2015-06-06,Star Trek Into Darkness,2013,https://boxd.it/6238F,,,,2015-06-05
2015-06-07,Wish I Was Here,2014,https://boxd.it/62qAn,,,,2015-06-06
2015-06-07,Undress Me,2012,https://boxd.it/62qE5,,,,2015-06-06
2015-06-08,American Sniper,2014,https://boxd.it/632Qt,,,,2015-06-07
2015-06-09,The World's End,2013,https://boxd.it/63Een,,,,2015-06-08
2015-06-13,The Theory of Everything,2014,https://boxd.it/65uZR,,,,2015-06-12
2015-06-13,Top Five,2014,https://boxd.it/65v1X,,,,2015-06-12
2015-06-14,The Blue Room,2014,https://boxd.it/65FrL,,,,2015-06-13
2015-06-14,Big Eyes,2014,https://boxd.it/65NL5,,,,2015-06-13
2015-06-14,We Own the Night,2007,https://boxd.it/663YJ,,,,2015-06-13
2015-06-14,Baby Shark,2005,https://boxd.it/663Zd,,,,2015-06-13
2015-06-14,I Was a Swiss Banker,2007,https://boxd.it/663ZR,,,,2015-06-13
2015-06-14,"I Love You, I Don't",1976,https://boxd.it/6640l,,Yes,,2015-06-13
2015-06-15,The Disappearance of Eleanor Rigby: Him,2013,https://boxd.it/66vyJ,,,,2015-06-14
2015-06-15,The Disappearance of Eleanor Rigby: Her,2013,https://boxd.it/66vAb,,,,2015-06-14
2015-06-15,The Disappearance of Eleanor Rigby: Them,2014,https://boxd.it/66vAF,,,,2015-06-14
2015-06-16,Frequencies,2013,https://boxd.it/66WhZ,,,,2015-06-15
2015-06-18,The Brussels Business,2012,https://boxd.it/67Jnd,,,,2015-06-17
2015-06-18,The Beat That My Heart Skipped,2005,https://boxd.it/67MZT,,,,2015-06-17
2015-06-23,While We're Young,2014,https://boxd.it/6aC3r,,,,2015-06-22
2015-07-03,The French Minister,2013,https://boxd.it/6ffkJ,,,,2015-07-02
2015-07-04,The Pursuit of Happyness,2006,https://boxd.it/6g099,,,,2015-07-03
2015-07-04,Take Shelter,2011,https://boxd.it/6g09N,,,,2015-07-03
2015-07-10,Standby,2014,https://boxd.it/6j4T7,,,,2015-07-09
2015-07-10,Danny Collins,2015,https://boxd.it/6j4Vd,,,,2015-07-09
2015-07-12,Ex Machina,2015,https://boxd.it/6kgl9,,,,2015-07-10
2015-07-14,Focus,2015,https://boxd.it/6l3w1,,,,2015-07-13
2015-07-14,Just Before I Go,2014,https://boxd.it/6lnG1,,,,2015-07-13
2015-07-14,Home,2015,https://boxd.it/6lnGv,,,,2015-07-13
2015-07-16,Pride,2014,https://boxd.it/6mbfz,,,,2015-07-15
2015-07-24,The Salt of the Earth,2014,https://boxd.it/6qymB,,,Bertha Dochouse Curzon Bloomsbury,2015-07-18
2015-07-25,The Words,2012,https://boxd.it/6ratl,,,,2015-07-24
2015-07-25,The Alphabet,1969,https://boxd.it/6rber,,,,2015-07-24
2015-07-26,The Nest,2013,https://boxd.it/6rFjL,,,,2015-07-25
2015-07-26,Camera,2000,https://boxd.it/6rFTp,,,,2015-07-25
2015-07-26,Thief,1981,https://boxd.it/6s4VF,,,,2015-07-25
2015-07-28,Roger Dodger,2002,https://boxd.it/6t5yf,,,,2015-07-27
2015-08-01,Full Frontal,2002,https://boxd.it/6v8xN,,,,2015-07-30
2015-08-01,God's Pocket,2014,https://boxd.it/6vl3h,,,,2015-07-31
2015-08-03,The Dance of Reality,2013,https://boxd.it/6wEfN,,,,2015-08-02
2015-08-04,Lorna's Silence,2008,https://boxd.it/6xduD,,,,2015-08-03
2015-08-08,Before the Winter Chill,2013,https://boxd.it/6zbyR,,,,2015-08-06
2015-08-08,To Each His Own Cinema,2007,https://boxd.it/6zgxf,,,,2015-08-07
2015-08-08,Unfriended,2014,https://boxd.it/6zgyx,,,,2015-08-07
2015-08-08,Submarine,2010,https://boxd.it/6zwQH,,,,2015-08-07
2015-08-15,Alter Egos,2012,https://boxd.it/6DJrX,,,,2015-08-08
2015-08-17,Top of the Lake,2013,https://boxd.it/6EAzv,,,,2015-08-16
2015-08-17,The DUFF,2015,https://boxd.it/6EH4f,,,,2015-08-16
2015-08-17,Hot Girls Wanted,2015,https://boxd.it/6EH61,,,,2015-08-16
2015-08-23,(500) Days of Summer,2009,https://boxd.it/6HQw9,,,,2015-08-22
2015-09-28,The Mascot,1933,https://boxd.it/71HbL,,,,2015-09-27
2015-09-28,Red Hot Riding Hood,1943,https://boxd.it/71Heb,,Yes,,2015-09-27
2015-10-19,Welcome to Me,2014,https://boxd.it/7dOKd,,,,2015-10-18
2015-10-19,Still Alice,2014,https://boxd.it/7dWRL,,,,2015-10-18
2015-10-19,Listen Up Philip,2014,https://boxd.it/7eiBZ,,,,2015-10-18
2015-10-20,Tyrannosaur,2011,https://boxd.it/7eFwD,,,,2015-10-19
2015-10-22,The Pope of Greenwich Village,1984,https://boxd.it/7fETD,,Yes,,2015-10-21
2015-10-22,Da Sweet Blood of Jesus,2014,https://boxd.it/7fKuJ,,,,2015-10-21
2015-10-23,Leviathan,2014,https://boxd.it/7gemb,,,,2015-10-22
2015-10-25,A Million Ways to Die in the West,2014,https://boxd.it/7hgOt,,,,2015-10-24
2015-10-25,The East,2013,https://boxd.it/7hGQF,,,,2015-10-24
2015-10-25,Particle Fever,2013,https://boxd.it/7hGRD,,,,2015-10-24
2015-10-26,Predestination,2014,https://boxd.it/7ibMJ,,,,2015-10-25
2015-10-26,The Double,2013,https://boxd.it/7isLt,,,,2015-10-25
2015-10-27,AD/BC: A Rock Opera,2004,https://boxd.it/7iwTV,,,,2015-10-26
2015-10-27,The Informant!,2009,https://boxd.it/7iUjR,,,,2015-10-26
2015-10-27,John Wick,2014,https://boxd.it/7j6MB,,,,2015-10-26
2015-10-28,Drive Angry,2011,https://boxd.it/7jwWn,,,,2015-10-27
2015-10-28,Late Bloomer,2004,https://boxd.it/7jHIV,,,,2015-10-28
2015-10-29,Stand Up Guys,2012,https://boxd.it/7k0nx,,,,2015-10-28
2015-10-29,Waiting...,2005,https://boxd.it/7kePl,,,,2015-10-28
2015-10-29,Le manoir du diable,1896,https://boxd.it/7kfft,,,,2015-10-29
2015-11-01,Cold Souls,2009,https://boxd.it/7m7ln,,,,2015-10-31
2015-11-02,Adam Resurrected,2008,https://boxd.it/7mKU7,,,,2015-11-01
2015-11-04,Geography Club,2013,https://boxd.it/7nZu1,,,,2015-11-03
2015-11-06,Tusk,2014,https://boxd.it/7oMHX,,,,2015-11-05
2015-11-09,Barney's Version,2010,https://boxd.it/7qJK9,,,,2015-11-08
2015-11-09,That Sinking Feeling,1979,https://boxd.it/7qJKN,,,,2015-11-08
2015-11-14,Gregory's Girl,1980,https://boxd.it/7ttrB,,,,2015-11-13
2015-11-15,Local Hero,1983,https://boxd.it/7tC1H,,,,2015-11-14
2015-11-15,Xenia,2014,https://boxd.it/7tQVT,,,,2015-11-14
2015-11-16,This Must Be the Place,2011,https://boxd.it/7uAJp,,,,2015-11-15
2015-11-26,A Most Violent Year,2014,https://boxd.it/7zzXb,,,,2015-11-16
2015-11-20,Youth,2015,https://boxd.it/7wtBx,,,,2015-11-18
2015-11-26,Bridesmaids,2011,https://boxd.it/7zAml,,,,2015-11-19
2015-11-26,Trainwreck,2015,https://boxd.it/7zAmF,,,,2015-11-19
2015-11-23,Trust Me,2013,https://boxd.it/7yf5L,,,,2015-11-22
2015-11-25,At Middleton,2013,https://boxd.it/7zh19,,,,2015-11-24
2015-11-26,The Trial,1962,https://boxd.it/7ztT3,,,,2015-11-25
2015-11-26,The Trial,1993,https://boxd.it/7ztTH,,,,2015-11-25
2015-11-26,The New Girlfriend,2014,https://boxd.it/7zI2D,,,,2015-11-25
2015-11-26,Pixels,2015,https://boxd.it/7zI3h,,,,2015-11-25
2015-11-27,Comet,2014,https://boxd.it/7Ah6b,,,,2015-11-26
2015-11-27,Silver Linings Playbook,2012,https://boxd.it/7Ah6F,,,,2015-11-26
2015-11-27,Wreck-It Ralph,2012,https://boxd.it/7Ah6Z,,,,2015-11-26
2015-11-28,Monster,2003,https://boxd.it/7At1d,,,,2015-11-27
2015-11-28,It's Such a Beautiful Day,2012,https://boxd.it/7At8X,,,,2015-11-27
2015-11-28,Frances Ha,2012,https://boxd.it/7AHBf,,,,2015-11-27
2015-11-29,Ratcatcher,1999,https://boxd.it/7B5M7,,,,2015-11-28
2015-11-29,Morvern Callar,2002,https://boxd.it/7B5N5,,,,2015-11-28
2015-11-29,We Need to Talk About Kevin,2011,https://boxd.it/7B5NT,,,,2015-11-28
2015-11-29,Swimmer,2012,https://boxd.it/7B5Rh,,,,2015-11-28
2015-11-29,Bottle Rocket,1993,https://boxd.it/7B6gh,,,,2015-11-28
2015-11-29,Cousin Ben Troop Screening,2012,https://boxd.it/7B6ol,,,,2015-11-28
2015-12-01,We'll Take Manhattan,2012,https://boxd.it/7CR8r,,,,2015-11-30
2015-12-07,Side Effects,2013,https://boxd.it/7FEUj,,,,2015-12-06
2015-12-07,It's Such a Beautiful Day,2012,https://boxd.it/7G06b,,Yes,,2015-12-06
2015-12-08,The Visitor,2007,https://boxd.it/7GJfH,,,,2015-12-07
2015-12-10,Tomorrowland,2015,https://boxd.it/7HL9D,,,,2015-12-09
2015-12-13,Inside Out,2015,https://boxd.it/7Jmd5,,,,2015-12-12
2015-12-15,Syndromes and a Century,2006,https://boxd.it/7KXFx,,,,2015-12-14
2015-12-21,Star Wars: Episode I – The Phantom Menace,1999,https://boxd.it/7OKHj,,Yes,,2015-12-19
2015-12-21,Star Wars: Episode II – Attack of the Clones,2002,https://boxd.it/7OKIL,,,,2015-12-19
2015-12-21,Star Wars: Episode III – Revenge of the Sith,2005,https://boxd.it/7OKJz,,,,2015-12-20
2015-12-21,Star Wars,1977,https://boxd.it/7OKLb,,Yes,,2015-12-20
2015-12-21,The Empire Strikes Back,1980,https://boxd.it/7OKOz,,Yes,,2015-12-20
2015-12-21,Return of the Jedi,1983,https://boxd.it/7OKQv,,Yes,,2015-12-20
2015-12-24,Beautiful Creatures,2013,https://boxd.it/7QCTP,,,,2015-12-23
2015-12-27,The Girlfriend Experience,2009,https://boxd.it/7SROJ,,Yes,,2015-12-23
2015-12-27,Haywire,2011,https://boxd.it/7T5qr,,,,2015-12-26
2015-12-27,It's a Disaster,2012,https://boxd.it/7T5rT,,,,2015-12-26
2015-12-29,Michael Clayton,2007,https://boxd.it/7UTH5,,,,2015-12-28
2015-12-30,Mortdecai,2015,https://boxd.it/7VO3V,,,,2015-12-29
2016-01-02,Woman in Gold,2015,https://boxd.it/7XRVl,,,,2015-12-30
2016-01-02,Startup.com,2001,https://boxd.it/7YydL,,,,2016-01-01
2016-01-04,Project Almanac,2015,https://boxd.it/80iWp,,,,2016-01-02
2016-01-04,Sound of My Voice,2011,https://boxd.it/81rvp,,,,2016-01-03
2016-01-04,Lovelace,2013,https://boxd.it/81rwd,,,,2016-01-03
2016-01-05,Choke,2008,https://boxd.it/8255V,,,,2016-01-04
2016-01-05,And Everything Is Going Fine,2010,https://boxd.it/8257n,,,,2016-01-04
2016-01-08,Blackhat,2015,https://boxd.it/84qhn,,,,2016-01-06
2016-01-08,Man Up,2015,https://boxd.it/84xcT,,,,2016-01-07
2016-01-10,Chappie,2015,https://boxd.it/86HC7,,,,2016-01-09
2016-01-10,Fantastic Planet,1973,https://boxd.it/86HCB,,Yes,,2016-01-09
2016-01-12,Thumbsucker,2005,https://boxd.it/88prz,,,,2016-01-11
2016-01-13,Beginners,2010,https://boxd.it/89atH,,,,2016-01-12
2016-01-14,Animal Kingdom,2010,https://boxd.it/89yDB,,,,2016-01-13
2016-01-16,In a World...,2013,https://boxd.it/8aZd3,,,,2016-01-14
2016-01-16,Burnt,2015,https://boxd.it/8bksj,,,,2016-01-15
2016-01-21,A Sweet Sickness,1968,https://boxd.it/8fEQt,,,,2016-01-16
2016-01-21,The Bothersome Man,2006,https://boxd.it/8fNUJ,,,,2016-01-20
2016-01-23,"Salò, or the 120 Days of Sodom",1975,https://boxd.it/8h1wt,,Yes,,2016-01-21
2016-01-23,Fallen Heroes,2007,https://boxd.it/8h1wX,,,,2016-01-21
2016-01-23,Behind Closed Doors,2014,https://boxd.it/8h1xV,,,,2016-01-21
2016-01-23,A Good Old Fashioned Orgy,2011,https://boxd.it/8h1Mr,,,,2016-01-22
2016-01-23,Ashby,2015,https://boxd.it/8hr2z,,,,2016-01-22
2016-01-23,What Happens in Vegas,2008,https://boxd.it/8hr41,,,,2016-01-22
2016-01-23,Fifty Shades of Grey,2015,https://boxd.it/8hr5j,,,,2016-01-22
2016-01-24,Bizarre,2015,https://boxd.it/8hNAN,,,,2016-01-23
2016-01-24,I Stand Alone,1998,https://boxd.it/8idwn,,,,2016-01-23
2016-01-24,Destricted,2006,https://boxd.it/8idBH,,,,2016-01-23
2016-01-24,Love,2015,https://boxd.it/8idCZ,,,,2016-01-23
2016-01-25,Ma mère,2004,https://boxd.it/8iRPz,,,,2016-01-24
2016-01-27,The Thirteenth Floor,1999,https://boxd.it/8lasD,,,,2016-01-26
2016-02-09,The Revenant,2015,https://boxd.it/8vKlD,,,Mathäser,2016-02-08
2016-02-15,Labyrinth,1986,https://boxd.it/8zRZN,,,,2016-02-13
2016-02-15,Frozen,2010,https://boxd.it/8AOVb,,,,2016-02-14
2016-02-21,Stations of the Cross,2014,https://boxd.it/8EoO7,,,,2016-02-19
2016-02-21,The Intern,2015,https://boxd.it/8F8RB,,,,2016-02-20
2016-02-22,Our Brand Is Crisis,2015,https://boxd.it/8FPWf,,,,2016-02-21
2016-02-24,Steve Jobs,2015,https://boxd.it/8HE0t,,,,2016-02-23
2016-02-26,Rock the Kasbah,2015,https://boxd.it/8IRRd,,,,2016-02-25
2016-02-28,The Lobster,2015,https://boxd.it/8KTzz,,,,2016-02-27
2016-02-28,X+Y,2014,https://boxd.it/8KTA3,,,,2016-02-27
2016-02-29,Nashville,1975,https://boxd.it/8LA8V,,,,2016-02-28
2016-03-05,Shaolin Soccer,2001,https://boxd.it/8Ph6J,,,,2016-03-02
2016-03-06,"Jeanne Dielman, 23, quai du Commerce, 1080 Bruxelles",1975,https://boxd.it/8Q4kP,,,,2016-03-05
2016-03-06,The Little Death,2014,https://boxd.it/8Q4ox,,,,2016-03-05
2016-03-07,Homesick,2015,https://boxd.it/8Qyqj,,,,2016-03-06
2016-03-07,Shirley: Visions of Reality,2013,https://boxd.it/8QIMJ,,,,2016-03-06
2016-03-07,La Jetée,1962,https://boxd.it/8QIP9,,,,2016-03-06
2016-03-08,Hunger,2008,https://boxd.it/8RKEf,,,,2016-03-07
2016-03-11,Homeland,2010,https://boxd.it/8TzTn,,,,2016-03-09
2016-03-11,A Blast,2014,https://boxd.it/8TzUb,,,,2016-03-10
2016-03-12,Me and Earl and the Dying Girl,2015,https://boxd.it/8TYYn,,,,2016-03-11
2016-03-12,Amour Fou,2014,https://boxd.it/8TYZ1,,,,2016-03-11
2016-03-13,Anything for Her,2008,https://boxd.it/8UlZN,,,,2016-03-12
2016-03-17,Strings,2004,https://boxd.it/8YhY5,,,,2016-03-16
2016-03-30,unReal,2015,https://boxd.it/99onH,,,,2016-03-28
2016-03-31,The Big Short,2015,https://boxd.it/99Lj9,,,,2016-03-30
2016-03-31,The Lady in the Van,2015,https://boxd.it/99RnV,,,,2016-03-30
2016-04-02,The Last of Robin Hood,2013,https://boxd.it/9cmql,,,,2016-04-01
2016-04-02,Love Me,2014,https://boxd.it/9cmrN,,,,2016-04-01
2016-04-19,Free the Nipple,2014,https://boxd.it/9p6Sp,,,,2016-04-01
2016-04-10,The Honey Pot,1967,https://boxd.it/9iSeX,,,,2016-04-08
2016-04-10,Kill Your Friends,2015,https://boxd.it/9iSfL,,,,2016-04-09
2016-04-19,Mary Poppins,1964,https://boxd.it/9p6T3,,Yes,,2016-04-16
2016-04-19,Commando,1985,https://boxd.it/9p6Tx,,Yes,,2016-04-16
2016-04-19,That's My Boy,2012,https://boxd.it/9p6VD,,Yes,,2016-04-16
2016-04-19,Devil,2010,https://boxd.it/9p6Xf,,,tv,2016-04-16
2016-04-19,Playing for Keeps,2012,https://boxd.it/9p6ZF,,,tv,2016-04-17
2016-04-19,The Bone Collector,1999,https://boxd.it/9p6ZZ,,Yes,tv,2016-04-17
2016-04-23,Sexual Chronicles of a French Family,2012,https://boxd.it/9rZnZ,,,tv,2016-04-22
2016-04-23,Haramiste,2015,https://boxd.it/9rZqf,,,tv,2016-04-22
2016-04-26,Roald Dahl's Esio Trot,2015,https://boxd.it/9tWMV,,,,2016-04-24
2016-04-26,Roméo et Juliette,2014,https://boxd.it/9tWST,,,tv,2016-04-24
2016-04-26,Ant-Man,2015,https://boxd.it/9tWTx,,,,2016-04-25
2016-04-26,Tangerine,2015,https://boxd.it/9uocL,,,,2016-04-25
2016-04-29,My Old Lady,2014,https://boxd.it/9whYH,,,,2016-04-28
2016-05-23,Home Sweet Home,2013,https://boxd.it/9PoML,,,tv,2016-05-13
2016-05-23,The Cabin in the Woods,2011,https://boxd.it/9PoPv,,Yes,,2016-05-20
2016-05-23,Friday Night Lights,2004,https://boxd.it/9PoQt,,,tv,2016-05-20
2016-05-24,Deadpool,2016,https://boxd.it/9QjLb,,,,2016-05-23
2016-05-26,Salmon Fishing in the Yemen,2011,https://boxd.it/9RCs5,,,,2016-05-25
2016-05-26,Snowmageddon,2011,https://boxd.it/9RCt3,,,,2016-05-25
2016-05-27,He Never Died,2015,https://boxd.it/9SzCt,,,,2016-05-26
2016-05-27,Zootopia,2016,https://boxd.it/9SzCN,,,,2016-05-26
2016-05-28,Collapse,2009,https://boxd.it/9Tiqx,,,,2016-05-27
2016-05-30,The Conspirator,2010,https://boxd.it/9UeFZ,,,,2016-05-28
2016-05-30,"Hail, Caesar!",2016,https://boxd.it/9UDb1,,,,2016-05-29
2016-06-04,The Wicker Man,1973,https://boxd.it/9YjaF,,,,2016-06-03
2016-06-05,Anomalisa,2015,https://boxd.it/9Z4Rh,,,,2016-06-04
2016-06-07,The Sum of Us,1994,https://boxd.it/a10YR,,,,2016-06-05
2016-06-07,Cold in July,2014,https://boxd.it/a10ZF,,,,2016-06-06
2016-06-14,Experimenter,2015,https://boxd.it/a5nhT,,,,2016-06-12
2016-06-14,The Other Woman,2014,https://boxd.it/a5nix,,,,2016-06-12
2016-06-16,Kill Your Darlings,2013,https://boxd.it/a6AV5,,,,2016-06-14
2016-06-16,Touched with Fire,2015,https://boxd.it/a6OiB,,,,2016-06-15
2016-06-16,Gamer,2009,https://boxd.it/a6OjJ,,,,2016-06-15
2016-06-24,Down Terrace,2009,https://boxd.it/acC8B,,,,2016-06-23
2016-06-25,Get a Job,2016,https://boxd.it/adczD,,,,2016-06-24
2016-06-28,Reality,2014,https://boxd.it/aftXh,,,,2016-06-26
2016-06-28,Show Me a Hero,2015,https://boxd.it/aftY5,,,,2016-06-26
2016-07-02,Alex of Venice,2014,https://boxd.it/aiZXJ,,,,2016-07-01
2016-07-02,Soviet Toys,1924,https://boxd.it/aiZYR,,,youtube,2016-07-02
2016-07-02,The Oven,2014,https://boxd.it/aj0w5,,,,2016-07-02
2016-07-12,The Next Three Days,2010,https://boxd.it/arlYZ,,,,2016-07-11
2016-07-12,Human Nature,2001,https://boxd.it/arm0L,,,,2016-07-11
2016-07-14,Demolition,2015,https://boxd.it/asJTr,,,,2016-07-13
2016-07-14,The Walk,2015,https://boxd.it/asJU5,,,,2016-07-13
2016-07-15,Contagion,2011,https://boxd.it/atmpZ,,Yes,,2016-07-14
2016-07-16,Batman v Superman: Dawn of Justice,2016,https://boxd.it/auiTN,,,,2016-07-15
2016-07-16,Batman v Superman: Dawn of Justice,2016,https://boxd.it/auiXb,,,,2016-07-15
2016-07-17,The Green Hornet,2011,https://boxd.it/av9sv,,,,2016-07-16
2016-07-18,Allegiant,2016,https://boxd.it/aw9rf,,,,2016-07-17
2016-07-18,Blue in the Face,1995,https://boxd.it/aw9yZ,,Yes,,2016-07-17
2016-07-19,The Brothers Bloom,2008,https://boxd.it/awQuB,,,,2016-07-18
2016-07-21,Brick,2005,https://boxd.it/axLOj,,,,2016-07-19
2016-07-21,American Ultra,2015,https://boxd.it/ay7jH,,,,2016-07-20
2016-07-22,Elvis & Nixon,2016,https://boxd.it/ayNYd,,,,2016-07-21
2016-07-23,The Hateful Eight,2015,https://boxd.it/azfod,,,,2016-07-22
2016-07-24,True Story,2015,https://boxd.it/aAgIF,,,,2016-07-23
2016-07-25,Spotlight,2015,https://boxd.it/aAPXF,,,,2016-07-24
2016-07-26,Girl on the Escalator,2016,https://boxd.it/aBsgb,,,youtube,2016-07-25
2016-07-26,Safe,1995,https://boxd.it/aBWzR,,,,2016-07-25
2016-07-27,Hard Candy,2005,https://boxd.it/aCHvR,,,,2016-07-26
2016-07-27,They Came Together,2014,https://boxd.it/aCHwF,,,,2016-07-26
2016-07-28,Star Wars: The Force Awakens,2015,https://boxd.it/aD7PD,,,,2016-07-27
2016-07-28,Freeheld,2015,https://boxd.it/aD7QB,,,,2016-07-27
2016-07-29,Before I Go to Sleep,2014,https://boxd.it/aDE75,,,,2016-07-28
2016-07-29,The Change-Up,2011,https://boxd.it/aDRil,,,,2016-07-28
2016-07-30,Accidental Love,2015,https://boxd.it/aEpzP,,,,2016-07-29
2016-07-30,Unknown,2011,https://boxd.it/aEtOp,,,,2016-07-29
2016-08-03,The Mascot,2015,https://boxd.it/aIlPn,,,youtube,2016-08-03
2016-08-03,Home,2016,https://boxd.it/aIlWN,,,,2016-08-03
2016-08-03,The Library Book,2015,https://boxd.it/aIm1X,,,youtube,2016-08-03
2016-08-04,Boredom,2015,https://boxd.it/aIwF9,,,youtube,2016-08-03
2016-08-04,The Gift,2014,https://boxd.it/aIxg5,,,youtube,2016-08-03
2016-08-04,The Mundane Goddess,2014,https://boxd.it/aIxmR,,,youtube,2016-08-03
2016-08-04,Jump!,2014,https://boxd.it/aIxIN,,,youtube,2016-08-03
2016-08-04,The Canyons,2013,https://boxd.it/aIDh9,,,,2016-08-03
2016-08-04,Eye in the Sky,2015,https://boxd.it/aIL1N,,,,2016-08-03
2016-08-06,Adventureland,2009,https://boxd.it/aK5tp,,,,2016-08-05
2016-08-21,Thank You for Calling,2015,https://boxd.it/aVtRx,,,air china,2016-08-06
2016-08-21,Kiss Kiss Bang Bang,2005,https://boxd.it/aVtTt,,Yes,tv,2016-08-06
2016-08-21,Being Julia,2004,https://boxd.it/aVtVp,,,tv,2016-08-06
2016-08-21,Jonah Hex,2010,https://boxd.it/aVtXv,,,tv,2016-08-06
2016-08-21,Going the Distance,2010,https://boxd.it/aVu0p,,,tv,2016-08-07
2016-08-21,Girl in Progress,2012,https://boxd.it/aVu1x,,,tv,2016-08-07
2016-08-21,The Stepford Wives,2004,https://boxd.it/aVu3t,,Yes,tv,2016-08-07
2016-08-21,The Thomas Crown Affair,1999,https://boxd.it/aVu4V,,Yes,tv,2016-08-07
2016-08-21,Patriot Games,1992,https://boxd.it/aVu6H,,Yes,tv,2016-08-07
2016-08-21,Delivery Man,2013,https://boxd.it/aVu7Z,,Yes,tv,2016-08-07
2016-08-21,Scarface,1983,https://boxd.it/aVu9h,,Yes,tv,2016-08-07
2016-08-21,Splice,2009,https://boxd.it/aVubn,,,tv,2016-08-07
2016-08-21,Maximum Risk,1996,https://boxd.it/aVucl,,,tv,2016-08-07
2016-08-21,Unlawful Entry,1992,https://boxd.it/aVudN,,Yes,tv,2016-08-07
2016-08-21,Dark Tide,2012,https://boxd.it/aVueL,,,tv,2016-08-08
2016-08-21,Argo,2012,https://boxd.it/aVufz,,Yes,tv,2016-08-09
2016-08-21,Break Point,2014,https://boxd.it/aVuij,,,air china,2016-08-20
2016-08-21,Walking Distance,2015,https://boxd.it/aVujV,,,air china,2016-08-20
2016-08-25,Jennifer's Body,2009,https://boxd.it/aYSsN,,,,2016-08-24
2016-08-25,Money Monster,2016,https://boxd.it/aYZcR,,,,2016-08-24
2016-08-27,Lazer Team,2015,https://boxd.it/b0bdT,,,,2016-08-25
2016-08-27,50/50,2011,https://boxd.it/b0JGv,,,,2016-08-26
2016-08-28,Now You See Me 2,2016,https://boxd.it/b1DNd,,,,2016-08-27
2016-08-28,Brief Interviews with Hideous Men,2009,https://boxd.it/b1DOb,,,,2016-08-27
2016-08-29,Jack Reacher,2012,https://boxd.it/b2bQl,,,,2016-08-28
2016-08-29,Equilibrium,2002,https://boxd.it/b2bSL,,,,2016-08-28
2016-08-29,Public Enemies,2009,https://boxd.it/b2rO1,,,,2016-08-28
2016-08-30,Bad Lieutenant,1992,https://boxd.it/b3D05,,Yes,,2016-08-29
2016-08-30,Bad Lieutenant: Port of Call – New Orleans,2009,https://boxd.it/b3D21,,Yes,,2016-08-29
2016-09-01,Kaboom,2010,https://boxd.it/b4WRf,,,,2016-08-30
2016-09-03,We Bought a Zoo,2011,https://boxd.it/b6MKn,,,,2016-09-02
2016-09-12,Mud,2012,https://boxd.it/beWVV,,,,2016-09-11
2016-09-12,Maggie's Plan,2015,https://boxd.it/beWWT,,,,2016-09-11
2016-09-13,Trumbo,2015,https://boxd.it/bfLQd,,,,2016-09-12
2016-09-14,High-Rise,2015,https://boxd.it/bgaYL,,,,2016-09-13
2016-09-15,Black Mass,2015,https://boxd.it/bgUIz,,,,2016-09-14
2016-09-16,The American,2010,https://boxd.it/bhmwh,,,,2016-09-15
2016-09-16,Sicario,2015,https://boxd.it/bhUzT,,,,2016-09-15
2016-09-16,Everybody Wants Some!!,2016,https://boxd.it/bhUH9,,,,2016-09-15
2016-09-17,The Rum Diary,2011,https://boxd.it/binQT,,,,2016-09-16
2016-09-17,Bernie,2011,https://boxd.it/binSb,,,,2016-09-16
2016-09-20,Dough,2015,https://boxd.it/bl96N,,,,2016-09-19
2016-09-20,It Follows,2014,https://boxd.it/bl97h,,,,2016-09-19
2016-09-23,White Bird in a Blizzard,2014,https://boxd.it/bn9cZ,,,,2016-09-22
2016-10-24,Taking Lives,2004,https://boxd.it/bNusV,,,,2016-10-01
2016-10-16,Cliffhanger,1993,https://boxd.it/bGyU1,,,tv,2016-10-03
2016-10-24,Our Kind of Traitor,2016,https://boxd.it/bNufx,,,,2016-10-07
2016-10-16,The Alamo,1960,https://boxd.it/bGyWr,,Yes,tv,2016-10-08
2016-10-16,Paranoia,2013,https://boxd.it/bGyXJ,,,tv,2016-10-09
2016-10-16,Parker,2013,https://boxd.it/bGyZl,,Yes,tv,2016-10-09
2016-10-16,Safe,2012,https://boxd.it/bGz25,,,tv,2016-10-09
2016-10-17,Curmudgeons,2016,https://boxd.it/bHENn,,,vimeo,2016-10-16
2016-10-17,Love,2011,https://boxd.it/bIj65,,,,2016-10-16
2016-10-17,My Dinner with Andre,1981,https://boxd.it/bIj7H,,Yes,,2016-10-16
2016-10-22,Adoration,2008,https://boxd.it/bMigL,,,,2016-10-21
2016-10-23,Fantastic Mr. Fox,2009,https://boxd.it/bNhSL,,,,2016-10-22
2016-10-24,Daybreakers,2009,https://boxd.it/bNRub,,,,2016-10-23
2016-10-24,The Human Contract,2008,https://boxd.it/bOkGP,,,,2016-10-23
2016-10-24,A Bigger Splash,2015,https://boxd.it/bOkHX,,,,2016-10-23
2016-10-25,Out of the Furnace,2013,https://boxd.it/bORXJ,,,,2016-10-24
2016-10-26,Blue Like Jazz,2012,https://boxd.it/bPTLH,,,,2016-10-25
2016-10-28,Café Society,2016,https://boxd.it/bR7wj,,,,2016-10-27
2016-10-28,Playing by Heart,1998,https://boxd.it/bR7xr,,Yes,,2016-10-27
2016-10-29,Jerry Maguire,1996,https://boxd.it/bRNup,,,,2016-10-28
2016-10-29,Constantine,2005,https://boxd.it/bRNvn,,Yes,,2016-10-28
2016-10-30,"10,000 Saints",2015,https://boxd.it/bSgKr,,,,2016-10-29
2016-10-30,Captain Fantastic,2016,https://boxd.it/bSOtT,,,,2016-10-29
2016-10-30,To Each His Own Cinema,2007,https://boxd.it/bSQer,,,youtube,2016-10-29
2016-11-01,A Harlot's Progress,2006,https://boxd.it/bUO7d,,,,2016-10-31
2016-11-01,Admission,2013,https://boxd.it/bVd7H,,,,2016-10-31
2016-11-04,Clouds of Sils Maria,2014,https://boxd.it/bXeTL,,,,2016-11-01
2016-11-04,The Neon Demon,2016,https://boxd.it/bXeUT,,,,2016-11-02
2016-11-04,Valhalla Rising,2009,https://boxd.it/bXeVn,,,,2016-11-02
2016-11-07,Love Is the Devil: Study for a Portrait of Francis Bacon,1998,https://boxd.it/c05e1,,,,2016-11-06
2016-11-07,Calvary,2014,https://boxd.it/c0xWZ,,,,2016-11-06
2016-11-08,Manitou's Shoe,2001,https://boxd.it/c1jQ1,,,,2016-11-07
2016-11-10,Janis: Little Girl Blue,2015,https://boxd.it/c2fHV,,,,2016-11-08
2016-11-13,45 Years,2015,https://boxd.it/c4Agb,,,,2016-11-12
2016-11-14,The Secret Life of Pets,2016,https://boxd.it/c5aXZ,,,,2016-11-12
2016-11-14,The Secret Life of Pets,2016,https://boxd.it/c5dRP,,Yes,,2016-11-13
2016-11-14,War Dogs,2016,https://boxd.it/c5Q5P,,,,2016-11-13
2016-11-17,The Other Guys,2010,https://boxd.it/c8rzB,,,,2016-11-16
2016-11-17,Young Adam,2003,https://boxd.it/c8rzL,,Yes,,2016-11-16
2016-11-19,Anchorman: The Legend of Ron Burgundy,2004,https://boxd.it/c9qkR,,Yes,,2016-11-17
2016-11-19,Anchorman 2: The Legend Continues,2013,https://boxd.it/c9qnV,,,,2016-11-17
2016-11-19,Eisenstein in Guanajuato,2015,https://boxd.it/c9ysT,,,,2016-11-18
2016-11-20,Pitch Black Heist,2011,https://boxd.it/ca8Kf,,,youtube,2016-11-19
2016-11-20,Goldfish,2008,https://boxd.it/ca91l,,,youtube,2016-11-19
2016-11-20,Carol,2015,https://boxd.it/caHPz,,,,2016-11-19
2016-11-21,God's Not Dead,2014,https://boxd.it/cbydN,,,,2016-11-20
2016-11-21,God's Not Dead 2,2016,https://boxd.it/cbyiX,,,,2016-11-20
2016-11-22,Listen to Me Marlon,2015,https://boxd.it/ccObZ,,,,2016-11-21
2016-11-25,Already Tomorrow in Hong Kong,2015,https://boxd.it/ceNfl,,,,2016-11-23
2016-11-26,Pawn Sacrifice,2014,https://boxd.it/cgsdH,,,,2016-11-25
2016-11-26,Muriel's Wedding,1994,https://boxd.it/cgseZ,,,,2016-11-25
2016-11-27,Paterson,2016,https://boxd.it/cgWUB,,,atelier,2016-11-26
2016-11-27,Burning Man,2011,https://boxd.it/chu0R,,,,2016-11-26
2016-11-28,Kubo and the Two Strings,2016,https://boxd.it/cigk1,,,,2016-11-27
2016-11-29,The Little Prince,2015,https://boxd.it/ciPSH,,,,2016-11-28
2016-12-02,Parts Per Billion,2014,https://boxd.it/clupb,,,,2016-11-28
2016-12-02,The Hard Word,2002,https://boxd.it/cluq9,,,,2016-11-30
2016-12-02,Joy,2015,https://boxd.it/clPgz,,,,2016-12-01
2016-12-02,Bronson,2008,https://boxd.it/clPhn,,,,2016-12-01
2016-12-03,Starter for 10,2006,https://boxd.it/cmGEJ,,,,2016-12-02
2016-12-03,Confirmation,2016,https://boxd.it/cmGJz,,,,2016-12-02
2016-12-04,The Confirmation,2016,https://boxd.it/cn3ZZ,,,,2016-12-03
2016-12-04,Heart of a Dog,2015,https://boxd.it/cnh31,,,,2016-12-03
2016-12-05,The Diary of a Teenage Girl,2015,https://boxd.it/coJm3,,,,2016-12-04
2016-12-05,Leap Year,2010,https://boxd.it/coJqT,,Yes,,2016-12-04
2016-12-06,Lockout,2012,https://boxd.it/cpzDl,,,,2016-12-05
2016-12-06,Breathe In,2013,https://boxd.it/cpzKV,,,,2016-12-05
2016-12-10,The International,2009,https://boxd.it/ct7W3,,,,2016-12-09
2016-12-11,Chi-Raq,2015,https://boxd.it/ctEL3,,,,2016-12-10
2016-12-11,Sully,2016,https://boxd.it/ctObT,,,,2016-12-10
2016-12-12,Words and Pictures,2013,https://boxd.it/cuhKt,,,,2016-12-10
2016-12-14,Genius,2016,https://boxd.it/cxakJ,,,,2016-12-13
2016-12-16,Stoker,2013,https://boxd.it/cyn3X,,Yes,,2016-12-15
2016-12-17,Jersey Boys,2014,https://boxd.it/czrk1,,,,2016-12-16
2016-12-18,Hereafter,2010,https://boxd.it/cAJkv,,,,2016-12-17
2016-12-18,I Am Bolt,2016,https://boxd.it/cAJqt,,,,2016-12-17
2016-12-24,Self/less,2015,https://boxd.it/cGXeX,,,,2016-12-19
2016-12-24,The Gift,2015,https://boxd.it/cGXnl,,,,2016-12-22
2016-12-24,Shadow Dancer,2012,https://boxd.it/cGXph,,,,2016-12-22
2016-12-25,Hysteria,2011,https://boxd.it/cHAdz,,,,2016-12-23
2016-12-26,Knight of Cups,2015,https://boxd.it/cIQlh,,,,2016-12-25
2016-12-26,Man on Fire,2004,https://boxd.it/cJniZ,,Yes,,2016-12-25
2016-12-27,Blood Ties,2013,https://boxd.it/cL6R3,,,,2016-12-26
2016-12-27,Identity Thief,2013,https://boxd.it/cL6UV,,,,2016-12-26
2016-12-28,Crimson Peak,2015,https://boxd.it/cLMWJ,,,,2016-12-27
2016-12-28,Geometry,1987,https://boxd.it/cLNw3,,,youtube,2016-12-27
2016-12-29,Disconnect,2012,https://boxd.it/cNOlJ,,,,2016-12-28
2017-01-03,The Program,2015,https://boxd.it/cUsSZ,,,,2017-01-01
2017-01-03,Eddie the Eagle,2015,https://boxd.it/cUsUB,,,,2017-01-01
2017-01-03,The Rover,2014,https://boxd.it/cV0sV,,,,2017-01-02
2017-01-03,Dirty Grandpa,2016,https://boxd.it/cV0vv,,,,2017-01-02
2017-01-04,The Hit,1984,https://boxd.it/cWrmd,,,,2017-01-03
2017-01-05,Lay the Favorite,2012,https://boxd.it/cYkXZ,,,,2017-01-04
2017-01-05,Horrible Bosses 2,2014,https://boxd.it/cYkYt,,,,2017-01-04
2017-01-06,Girl on the Escalator,2016,https://boxd.it/cZ0bN,,Yes,,2017-01-05
2017-01-06,The Fall,2006,https://boxd.it/cZdaD,,,,2017-01-05
2017-01-06,Immortals,2011,https://boxd.it/cZY4d,,,,2017-01-05
2017-01-08,This Is Where I Leave You,2014,https://boxd.it/d1tZL,,,,2017-01-06
2017-01-08,Jodorowsky's Dune,2013,https://boxd.it/d2coF,,,,2017-01-07
2017-01-08,Black Mirror: White Christmas,2014,https://boxd.it/d36eh,,,,2017-01-07
2017-01-12,Snowden,2016,https://boxd.it/d8pGf,,,,2017-01-09
2017-01-11,David Brent: Life on the Road,2016,https://boxd.it/d6R0d,,,,2017-01-10
2017-01-12,The Accountant,2016,https://boxd.it/d8oKb,,,,2017-01-11
2017-01-17,Very Bad Things,1998,https://boxd.it/deQ53,,,,2017-01-15
2017-01-17,Smokin' Aces,2006,https://boxd.it/deQax,,,,2017-01-15
2017-01-17,The Hollars,2016,https://boxd.it/dg2yj,,,,2017-01-16
2017-01-20,True Crime,1999,https://boxd.it/diEGp,,,,2017-01-18
2017-01-22,Queen of the Desert,2015,https://boxd.it/dmARB,,,,2017-01-21
2017-01-22,Baked in Brooklyn,2016,https://boxd.it/dmAZb,,,,2017-01-21
2017-03-01,Personal Shopper,2016,https://boxd.it/eVb7x,,,lufthansa,2017-02-11
2017-03-01,Inferno,2016,https://boxd.it/eVb9j,,,lufthansa,2017-02-11
2017-03-01,Jack Reacher: Never Go Back,2016,https://boxd.it/eVbbf,,,lufthansa,2017-02-11
2017-03-01,Miss Peregrine's Home for Peculiar Children,2016,https://boxd.it/eVbcR,,,lufthansa,2017-02-11
2017-03-01,Swiss Army Man,2016,https://boxd.it/eVbet,,,lufthansa,2017-02-11
2017-03-01,Doctor Strange,2016,https://boxd.it/eVbg5,,,lufthansa,2017-02-11
2017-03-01,The Girl on the Train,2016,https://boxd.it/eVbh3,,,lufthansa,2017-02-11
2017-03-01,Mr. Right,2015,https://boxd.it/eVblT,,,tv,2017-02-13
2017-03-01,Now You See Me 2,2016,https://boxd.it/eVboj,,Yes,tv,2017-02-20
2017-03-01,Keanu,2016,https://boxd.it/eVbpB,,,tv,2017-02-20
2017-03-01,Shanghai Noon,2000,https://boxd.it/eVbrR,,,tv,2017-02-20
2017-03-02,Super Troopers,2001,https://boxd.it/eY9S3,,,tv,2017-02-23
2017-03-01,Transformers: Dark of the Moon,2011,https://boxd.it/eVbtD,,,tv,2017-02-24
2017-03-01,Funny Games,2007,https://boxd.it/eVbwR,,,tv,2017-02-24
2017-03-01,Scary Movie 4,2006,https://boxd.it/eVqKz,,Yes,tv,2017-02-24
2017-03-01,Singles,1992,https://boxd.it/eVqM1,,Yes,tv,2017-02-24
2017-03-01,"Definitely, Maybe",2008,https://boxd.it/eVqVx,,,tv,2017-02-24
2017-03-01,The Core,2003,https://boxd.it/eVr4f,,Yes,tv,2017-02-24
2017-03-01,Sisters,2015,https://boxd.it/eVrbb,,,tv,2017-02-24
2017-03-01,Beautiful Creatures,2013,https://boxd.it/eVrpx,,Yes,tv,2017-02-24
2017-03-01,Scary Movie 5,2013,https://boxd.it/eVspX,,,tv,2017-02-25
2017-03-01,The Aviator,2004,https://boxd.it/eVsqV,,,tv,2017-02-25
2017-03-01,Mike and Dave Need Wedding Dates,2016,https://boxd.it/eVssd,,,tv,2017-02-25
2017-03-01,Masterminds,2016,https://boxd.it/eVtpz,,,lufthansa,2017-02-26
2017-03-01,The African Doctor,2016,https://boxd.it/eVtqR,,,lufthansa,2017-02-26
2017-03-01,9 Month Stretch,2013,https://boxd.it/eVtsD,,,lufthansa,2017-02-26
2017-03-01,Keeping Up with the Joneses,2016,https://boxd.it/eVttV,,,lufthansa,2017-02-26
2017-03-01,Saint Amour,2016,https://boxd.it/eVtvn,,,lufthansa,2017-02-26
2017-03-01,Julieta,2016,https://boxd.it/eVtwP,,,lufthansa,2017-02-26
2017-03-03,Deepwater Horizon,2016,https://boxd.it/f2JHX,,,,2017-03-02
2017-03-04,ParaNorman,2012,https://boxd.it/f48xl,,,,2017-03-03
2017-03-05,Jolene,2008,https://boxd.it/f7Rpx,,,,2017-03-04
2017-03-05,Palace Beach Hotel,2014,https://boxd.it/f7Rwj,,,tv,2017-03-04
2017-03-06,Seth's Dominion,2014,https://boxd.it/f9N2D,,,,2017-03-05
2017-03-06,We Shattered The Clouds,2017,https://boxd.it/f9NHh,,,youtube,2017-03-05
2017-03-09,The Longest Week,2014,https://boxd.it/fhg0b,,,,2017-03-08
2017-03-14,For the Love of Spock,2016,https://boxd.it/ftnH1,,,,2017-03-13
2017-03-14,Something Borrowed,2011,https://boxd.it/ftnHF,,,,2017-03-13
2017-03-16,Operation Avalanche,2016,https://boxd.it/fxNiz,,,,2017-03-15
2017-03-16,Lo and Behold: Reveries of the Connected World,2016,https://boxd.it/fxNjn,,,,2017-03-15
2017-03-17,Promised Land,2012,https://boxd.it/fzhWV,,,,2017-03-16
2017-03-17,Lone Survivor,2013,https://boxd.it/fzhXz,,,,2017-03-16
2017-03-17,Lo and Behold: Reveries of the Connected World,2016,https://boxd.it/fzhZl,,Yes,,2017-03-16
2017-03-18,Arrival,2016,https://boxd.it/fBfFx,,,,2017-03-17
2017-03-19,Passengers,2016,https://boxd.it/fD5J9,,,,2017-03-18
2017-03-19,The Escort,2015,https://boxd.it/fD5K7,,,,2017-03-18
2017-03-20,13 Hours: The Secret Soldiers of Benghazi,2016,https://boxd.it/fDLIH,,,,2017-03-19
2017-03-20,Backgammon,2015,https://boxd.it/fDLJl,,,,2017-03-19
2017-03-20,Holidays,2016,https://boxd.it/fG2UJ,,,,2017-03-19
2017-03-21,Aloha,2015,https://boxd.it/fHizJ,,,,2017-03-20
2017-03-21,Moana,2016,https://boxd.it/fHAEn,,,,2017-03-20
2017-03-23,Asthma,2014,https://boxd.it/fLr7x,,,,2017-03-22
2017-03-24,In the Basement,2014,https://boxd.it/fML9v,,,,2017-03-23
2017-03-24,American Honey,2016,https://boxd.it/fN83F,,,,2017-03-23
2017-03-31,Culloden,1964,https://boxd.it/fZJPv,,,youtube,2017-03-30
2017-04-07,The Girl with All the Gifts,2016,https://boxd.it/gdphr,,,,2017-04-05
2017-04-11,Christine,2016,https://boxd.it/gmHWv,,,,2017-04-10
2017-04-13,Clown Service,2015,https://boxd.it/gp2Up,,,vimeo,2017-04-12
2017-04-14,American Pastoral,2016,https://boxd.it/gry7j,,,,2017-04-13
2017-04-15,Flavio,1964,https://boxd.it/gs3hp,,,,2017-04-14
2017-04-15,La La Land,2016,https://boxd.it/gsI3X,,,,2017-04-14
2017-04-16,Gimme Danger,2016,https://boxd.it/gv8Bv,,,,2017-04-15
2017-04-17,Suicide Squad,2016,https://boxd.it/gxaAj,,,,2017-04-16
2017-04-17,Sing,2016,https://boxd.it/gxaEF,,,,2017-04-16
2017-04-18,Holding the Man,2015,https://boxd.it/gzigZ,,,,2017-04-17
2017-04-18,Blood Work,2002,https://boxd.it/gzijp,,,,2017-04-17
2017-04-19,Jackie,2016,https://boxd.it/gAGgL,,,,2017-04-18
2017-05-04,Closet Monster,2015,https://boxd.it/gYzqn,,,,2017-05-03
2017-05-06,Denial,2016,https://boxd.it/h0qS7,,,,2017-05-04
2017-05-06,Mirror Mirror,2012,https://boxd.it/h15S3,,,,2017-05-05
2017-05-09,Hashti Tehran,2016,https://boxd.it/h56Dh,,,DokFestMuenchen,2017-05-07
2017-05-09,Finding Dory,2016,https://boxd.it/h56EJ,,,,2017-05-07
2017-05-09,The Crush,1993,https://boxd.it/h6fLV,,Yes,,2017-05-08
2017-05-09,The Founder,2016,https://boxd.it/h6fMT,,,,2017-05-08
2017-05-10,Miss Sloane,2016,https://boxd.it/h833r,,,,2017-05-09
2017-05-10,I've Loved You So Long,2008,https://boxd.it/h837j,,,,2017-05-09
2017-05-13,Collateral Beauty,2016,https://boxd.it/hbrfR,,,,2017-05-11
2017-05-15,Catfight,2016,https://boxd.it/heXoR,,,,2017-05-14
2017-05-17,Dark Matter,2007,https://boxd.it/hh1A7,,,,2017-05-16
2017-05-20,The Boxtrolls,2014,https://boxd.it/hku1r,,,,2017-05-19
2017-05-21,"Sex, Drugs & Taxation",2013,https://boxd.it/hmvVp,,,,2017-05-20
2017-05-24,20th Century Women,2016,https://boxd.it/hpCsv,,,,2017-05-22
2017-05-24,3 Generations,2015,https://boxd.it/hq51t,,,,2017-05-23
2017-05-25,The Impossible,2012,https://boxd.it/hrbhf,,,,2017-05-24
2017-05-27,Thirteen,2003,https://boxd.it/hsBtt,,,,2017-05-25
2017-05-27,St. Vincent,2014,https://boxd.it/hsBuL,,,,2017-05-25
2017-05-27,Barry Munday,2010,https://boxd.it/htwe1,,,,2017-05-26
2017-05-28,Manchester by the Sea,2016,https://boxd.it/huHwx,,,,2017-05-27
2017-05-28,Mistress America,2015,https://boxd.it/huIZZ,,,,2017-05-27
2017-05-29,Moonlight,2016,https://boxd.it/hwcvR,,,,2017-05-28
2017-05-29,Sodomites,1998,https://boxd.it/hwcxt,,,,2017-05-28
2017-05-29,Good Boys Use Condoms,1998,https://boxd.it/hwcxX,,,,2017-05-28
2017-05-29,Exercise of Steel,1998,https://boxd.it/hwczp,,,,2017-05-28
2017-05-30,The Lilac Sweep,1998,https://boxd.it/hwOoT,,,,2017-05-28
2017-05-30,Ballerina,2016,https://boxd.it/hwOsL,,,,2017-05-28
2017-05-30,The Vessel,2016,https://boxd.it/hxxyf,,,,2017-05-29
2017-05-30,Aka Ana,2008,https://boxd.it/hxxEd,,,,2017-05-29
2017-05-31,Live by Night,2016,https://boxd.it/hyQD1,,,,2017-05-30
2017-05-31,Intimate Parts,2013,https://boxd.it/hyQFB,,,,2017-05-30
2017-06-02,Somewhere,2010,https://boxd.it/hB5s7,,,,2017-06-01
2017-06-10,Sacro GRA,2013,https://boxd.it/hL8Cp,,,,2017-06-08
2017-06-10,Sleeping with Other People,2015,https://boxd.it/hL8EF,,,,2017-06-08
2017-06-10,The Comedian,2016,https://boxd.it/hLUyl,,,,2017-06-09
2017-06-12,Logan,2017,https://boxd.it/hOAMj,,,,2017-06-10
2017-06-12,Table 19,2017,https://boxd.it/hOANB,,,,2017-06-11
2017-06-12,Wilson,2017,https://boxd.it/hOAOf,,,,2017-06-11
2017-06-13,Between Us,2012,https://boxd.it/hPAnb,,,,2017-06-12
2017-06-14,Down by Love,2016,https://boxd.it/hPRkj,,,,2017-06-13
2017-06-15,"Faster, Pussycat! Kill! Kill!",1965,https://boxd.it/hRk47,,Yes,,2017-06-14
2017-06-15,Beyond the Valley of the Dolls,1970,https://boxd.it/hRk7Z,,Yes,,2017-06-14
2017-06-15,"Jeff, Who Lives at Home",2011,https://boxd.it/hRWPv,,,,2017-06-14
2017-06-16,The Class of ‘92,2013,https://boxd.it/hSz0h,,,,2017-06-15
2017-06-16,I Give It a Year,2013,https://boxd.it/hT1ET,,,,2017-06-15
2017-06-17,Trainspotting,1996,https://boxd.it/hUelx,,Yes,,2017-06-16
2017-06-17,T2 Trainspotting,2017,https://boxd.it/hUeq3,,,,2017-06-16
2017-06-18,A Cure for Wellness,2016,https://boxd.it/hVPh5,,,,2017-06-17
2017-06-19,Closed Circuit,2013,https://boxd.it/hWZn5,,Yes,,2017-06-18
2017-06-19,Grandma,2015,https://boxd.it/hWZpb,,,,2017-06-18
2017-06-19,Black & White & Sex,2012,https://boxd.it/hXfEB,,,,2017-06-18
2017-06-20,The Last Word,2017,https://boxd.it/hYI87,,,,2017-06-19
2017-06-22,Labor Day,2013,https://boxd.it/i1icN,,,,2017-06-21
2017-06-24,Girl Most Likely,2012,https://boxd.it/i37Cf,,,,2017-06-23
2017-06-28,Jawbreaker,1999,https://boxd.it/i8L0P,,,,2017-06-27
2017-06-29,Brand: A Second Coming,2015,https://boxd.it/ia0vb,,,,2017-06-28
2017-06-29,Bang Gang (A Modern Love Story),2015,https://boxd.it/iatRb,,,,2017-06-29
2017-07-03,Extremely Loud & Incredibly Close,2011,https://boxd.it/ieFQ3,,Yes,,2017-07-01
2017-07-03,Florence Foster Jenkins,2016,https://boxd.it/ieGe5,,,,2017-07-01
2017-07-03,The Slayer,2017,https://boxd.it/ieLMr,,,yify,2017-07-02
2017-07-03,United States of Love,2016,https://boxd.it/ieQCr,,,,2017-07-02
2017-07-09,Jawbone,2017,https://boxd.it/inAYp,,,,2017-07-03
2017-07-05,Families,2015,https://boxd.it/ihSxz,,,,2017-07-04
2017-07-09,Motivational Growth,2013,https://boxd.it/inAZ3,,,,2017-07-04
2017-07-08,Music and Lyrics,2007,https://boxd.it/insXX,,,,2017-07-07
2017-07-08,Prevenge,2016,https://boxd.it/int2j,,,,2017-07-07
2017-07-11,Dead Man's Letters,1986,https://boxd.it/irnEf,,,,2017-07-09
2017-07-11,Rabbit Hole,2010,https://boxd.it/isztP,,Yes,,2017-07-10
2017-07-11,Song to Song,2017,https://boxd.it/iszvh,,,,2017-07-10
2017-07-12,A United Kingdom,2016,https://boxd.it/itT8z,,,,2017-07-11
2017-07-14,Boxcar Bertha,1972,https://boxd.it/ivRJ3,,,,2017-07-12
2017-07-15,The Death of Louis XIV,2016,https://boxd.it/ixATz,,,theatiner,2017-07-14
2017-07-15,Adoration,2013,https://boxd.it/iyjKd,,,,2017-07-14
2017-07-16,Nocturnal Animals,2016,https://boxd.it/iyrDp,,,,2017-07-15
2017-07-16,A Visitor to a Museum,1989,https://boxd.it/izXwx,,,,2017-07-15
2017-07-17,The Ugly Swans,2006,https://boxd.it/iBtB7,,,,2017-07-16
2017-07-19,The Quiet Earth,1985,https://boxd.it/iEflv,,,,2017-07-18
2017-07-21,The Boss Baby,2017,https://boxd.it/iH3WZ,,,,2017-07-19
2017-07-21,Ghost in the Shell,2017,https://boxd.it/iH411,,,,2017-07-20
2017-07-22,Summertime,2015,https://boxd.it/iIGm9,,,,2017-07-21
2017-07-23,Free Fire,2016,https://boxd.it/iKr0B,,,,2017-07-22
2017-07-24,Sex Doll,2016,https://boxd.it/iKSUV,,,,2017-07-23
2017-07-24,My Name Is Lenny,2017,https://boxd.it/iKT3t,,,,2017-07-23
2017-07-24,The Levelling,2016,https://boxd.it/iLTmn,,,,2017-07-23
2017-07-25,ChickLit,2016,https://boxd.it/iMXzR,,,,2017-07-24
2017-07-30,State of Grace,1990,https://boxd.it/iWffN,,,,2017-07-29
2017-08-01,Everest,2015,https://boxd.it/iZG3l,,,,2017-07-31
2017-08-03,Once Upon a Time in Venice,2017,https://boxd.it/j3mml,,,,2017-08-01
2017-08-17,The Gunman,2015,https://boxd.it/jmXcF,,,,2017-08-16
2017-08-17,Sightseers,2012,https://boxd.it/jmXdX,,,,2017-08-16
2017-08-19,Patriots Day,2016,https://boxd.it/jqiL3,,,,2017-08-18
2017-08-20,Once Upon a Time...,2013,https://boxd.it/jraBL,,,youtube,2017-08-19
2017-08-20,Victoria,2015,https://boxd.it/jrQBj,,,,2017-08-19
2017-08-21,Ida,2013,https://boxd.it/jtsir,,,,2017-08-20
2017-08-22,Buster's Mal Heart,2016,https://boxd.it/juyIR,,,,2017-08-21
2017-08-24,The Vanishing,1988,https://boxd.it/jxK3d,,,,2017-08-23
2017-09-10,Return to Reason,1923,https://boxd.it/jXzhF,,,youtube,2017-09-09
2017-09-10,Emak-Bakia,1926,https://boxd.it/jXzld,,,youtube,2017-09-09
2017-09-10,The Starfish,1928,https://boxd.it/jXzrZ,,,youtube,2017-09-09
2017-09-10,The Mysteries of the Chateau of Dice,1929,https://boxd.it/jXzvn,,,youtube,2017-09-09
2017-09-13,Gifted,2017,https://boxd.it/k2SFr,,,,2017-09-12
2017-09-13,Show Me Love,1998,https://boxd.it/k2SLp,,,,2017-09-12
2017-09-15,The Congress,2013,https://boxd.it/k6b5N,,,,2017-09-14
2017-09-15,What If,2013,https://boxd.it/k6b7f,,,,2017-09-14
2017-09-15,Villa Antropoff,2012,https://boxd.it/k6cRt,,,vimeo,2017-09-15
2017-09-15,Hi Stranger,2016,https://boxd.it/k6daZ,,,youtube,2017-09-15
2017-09-16,It's All Gone Pete Tong,2004,https://boxd.it/k7nmX,,,,2017-09-15
2017-09-17,Kill List,2011,https://boxd.it/k7WL9,,,,2017-09-16
2017-09-17,The Seventh Continent,1989,https://boxd.it/k8drF,,,,2017-09-16
2017-09-17,Bad Day at Black Rock,1955,https://boxd.it/k8dtV,,,,2017-09-16
2017-09-20,Mad Max: Fury Road,2015,https://boxd.it/kd6d7,,,,2017-09-18
2017-09-22,Scott Pilgrim vs. the World,2010,https://boxd.it/kfYQB,,,,2017-09-21
2017-09-22,Route Irish,2010,https://boxd.it/kg7xN,,,,2017-09-21
2017-09-24,Toni Erdmann,2016,https://boxd.it/kj1Ef,,,,2017-09-23
2017-09-24,Rated R for Nudity,2011,https://boxd.it/kjBpP,,,youtube,2017-09-23
2017-09-25,Next Floor,2008,https://boxd.it/klaw9,,,youtube,2017-09-24
2017-09-25,120 Seconds to Get Elected,2006,https://boxd.it/klaHL,,,youtube,2017-09-24
2017-09-25,REW-FFWD,1994,https://boxd.it/klaSp,,,youtube,2017-09-24
2017-09-25,Empirical Study on the Influence of Sound on the Persistence of Vision,2011,https://boxd.it/klbp9,,,youtube,2017-09-24
2017-09-25,Midnight Special,2016,https://boxd.it/kmfGZ,,,,2017-09-24
2017-09-26,Mr. Holmes,2015,https://boxd.it/knNW5,,,,2017-09-25
2017-09-27,Take Me Home Tonight,2011,https://boxd.it/kpaA9,,,,2017-09-26
2017-09-28,Cosmos,1996,https://boxd.it/kpOlX,,,youtube,2017-09-27
2017-09-29,Always Shine,2016,https://boxd.it/krKhL,,,,2017-09-28
2017-09-30,Adagio,2001,https://boxd.it/ks3Rj,,,youtube,2017-09-29
2017-09-30,How Strange to be Named Federico,2013,https://boxd.it/kt5Ah,,,,2017-09-29
2017-09-30,Down Under,2016,https://boxd.it/kt5DF,,,,2017-09-29
2017-10-01,Traceroute,2016,https://boxd.it/kuPxb,,,,2017-09-30
2017-10-01,The Cobbler,2014,https://boxd.it/kuPxZ,,,,2017-09-30
2017-10-02,Irrational Man,2015,https://boxd.it/kvDaL,,,,2017-10-01
2017-10-02,Gangster Squad,2013,https://boxd.it/kwzaJ,,,,2017-10-01
2017-10-02,Afternoon Delight,2013,https://boxd.it/kwzhF,,,,2017-10-01
2017-10-03,Under the Sand,2000,https://boxd.it/kxoQV,,,,2017-10-02
2017-10-03,Why (Not) Brazil?,2004,https://boxd.it/kxTtN,,,,2017-10-02
2017-10-03,Frantz,2016,https://boxd.it/kxTy9,,,,2017-10-02
2017-10-04,Conflict,1983,https://boxd.it/kyjIp,,,youtube,2017-10-03
2017-10-04,Twists and Turns,1987,https://boxd.it/kyk5t,,,youtube,2017-10-03
2017-10-04,Twists and Turns,1987,https://boxd.it/kynuh,,,youtube,2017-10-03
2017-10-04,The Ugly Duckling,2010,https://boxd.it/kyplh,,,youtube,2017-10-03
2017-10-04,Puss in Boots,1995,https://boxd.it/kytrX,,,youtube,2017-10-03
2018-02-12,The Collector,1965,https://boxd.it/oF5NF,,Yes,tv,2017-11-06
2018-02-12,Cop or Hood,1979,https://boxd.it/oF5Sv,,Yes,tv,2017-11-06
2018-02-12,Big Game,2014,https://boxd.it/oF66R,,,tv,2017-11-07
2018-02-12,The 6th Day,2000,https://boxd.it/oF6vn,,,tv,2017-11-07
2018-01-26,Frozen,2013,https://boxd.it/o4K0v,,,,2018-01-25
2018-01-27,Kingsman: The Golden Circle,2017,https://boxd.it/o6xHF,,,,2018-01-26
2018-01-27,Geostorm,2017,https://boxd.it/o7nrz,,,,2018-01-26
2018-01-29,Valerian and the City of a Thousand Planets,2017,https://boxd.it/oaKlb,,,,2018-01-27
2018-01-29,Atomic Blonde,2017,https://boxd.it/oaLfX,,,,2018-01-27
2018-01-29,Beta Test,2016,https://boxd.it/ocymP,,,,2018-01-28
2018-01-30,Paris Can Wait,2016,https://boxd.it/odL4h,,,,2018-01-29
2018-02-01,Dunkirk,2017,https://boxd.it/oiZ8R,,,,2018-01-31
2018-02-10,Maze,2017,https://boxd.it/oBWyZ,,,,2018-02-09
2018-02-10,Almost Friends,2016,https://boxd.it/oBWA7,,,,2018-02-09
2018-02-11,Rememory,2017,https://boxd.it/oEprd,,,,2018-02-10
2018-02-12,mother!,2017,https://boxd.it/oFZYf,,,,2018-02-11
2018-02-13,LBJ,2016,https://boxd.it/oJ0Or,,,,2018-02-12
2018-02-13,Love of My Life,2017,https://boxd.it/oJ0Qd,,,,2018-02-12
2018-02-14,Little Girl Blue,2016,https://boxd.it/oJ78x,,,vimeo,2018-02-13
2018-02-15,"Three Billboards Outside Ebbing, Missouri",2017,https://boxd.it/oLSWD,,,museum lichtspiele,2018-02-14
2018-02-15,Manifesto,2015,https://boxd.it/oMWfb,,,,2018-02-14
2018-02-17,The Healer,2016,https://boxd.it/oPbSV,,,,2018-02-15
2018-02-17,Battle of the Sexes,2017,https://boxd.it/oQeoL,,,,2018-02-16
2018-02-17,Borg vs McEnroe,2017,https://boxd.it/oRemR,,,,2018-02-16
2018-02-18,Quartet,2012,https://boxd.it/oSvfb,,,,2018-02-17
2018-02-19,Hampstead,2017,https://boxd.it/oUZt7,,,,2018-02-17
2018-02-19,The Mountain Between Us,2017,https://boxd.it/oWn3J,,,,2018-02-18
2018-02-19,M.F.A.,2017,https://boxd.it/oWn5v,,,,2018-02-18
2018-02-20,Kenny,2017,https://boxd.it/oYYKp,,,,2018-02-19
2018-02-21,November Criminals,2017,https://boxd.it/p0UbJ,,,,2018-02-20
2018-02-24,The Critic,1963,https://boxd.it/p6nH5,,,youtube,2018-02-23
2018-02-25,Victoria & Abdul,2017,https://boxd.it/p9czv,,,,2018-02-24
2018-02-25,Tom of Finland,2017,https://boxd.it/p9cHf,,,,2018-02-24
2018-02-25,Brigsby Bear,2017,https://boxd.it/pa8Bz,,,,2018-02-25
2018-02-26,Wind River,2017,https://boxd.it/pd7sx,,,,2018-02-25
2018-02-26,Professor Marston and the Wonder Women,2017,https://boxd.it/pd7ut,,,,2018-02-25
2018-02-26,The Man from Earth: Holocene,2017,https://boxd.it/pd7wp,,,,2018-02-25
2018-02-27,D.E.B.S.,2003,https://boxd.it/pdjd5,,,shortoftheweek,2018-02-26
2018-02-28,Coco,2017,https://boxd.it/ph8JR,,,,2018-02-27
2018-03-01,Thelma,2017,https://boxd.it/pjp25,,,,2018-02-28
2018-03-03,Murder on the Orient Express,2017,https://boxd.it/pmId3,,,,2018-03-01
2018-03-03,Thank You for Your Service,2017,https://boxd.it/poQf1,,,,2018-03-02
2018-03-04,The Snowman,2017,https://boxd.it/pqyjD,,,,2018-03-03
2018-03-05,Blade Runner 2049,2017,https://boxd.it/ptTev,,,,2018-03-04
2018-03-09,Enter Nowhere,2011,https://boxd.it/pCflJ,,,,2018-03-05
2018-03-09,Suburbicon,2017,https://boxd.it/pCfs1,,,,2018-03-07
2018-03-09,Voyeur,2017,https://boxd.it/pCfyj,,,,2018-03-07
2018-03-09,England Is Mine,2017,https://boxd.it/pDyBX,,,,2018-03-08
2018-03-13,Kung Fury,2015,https://boxd.it/pLIdx,,,youtube,2018-03-12
2018-03-17,Thor: Ragnarok,2017,https://boxd.it/pWSC5,,,,2018-03-13
2018-03-17,Tragedy Girls,2017,https://boxd.it/pWSF9,,,,2018-03-16
2018-03-18,The Killing of a Sacred Deer,2017,https://boxd.it/pZpZZ,,,,2018-03-17
2018-03-18,Teenage Cocktail,2016,https://boxd.it/pZq0N,,,,2018-03-17
2018-03-19,The Death of Stalin,2017,https://boxd.it/q0ZbD,,,,2018-03-18
2018-03-19,The Square,2017,https://boxd.it/q2zBz,,,,2018-03-18
2018-03-20,Baby Driver,2017,https://boxd.it/q3YZN,,,,2018-03-19
2018-03-20,The Interview,2014,https://boxd.it/q4JyJ,,,,2018-03-19
2018-03-26,What We Do in the Shadows,2014,https://boxd.it/qimKF,,,,2018-03-25
2018-03-26,Battlecreek,2016,https://boxd.it/qimNz,,,,2018-03-25
2018-03-27,The Disaster Artist,2017,https://boxd.it/qkz9L,,,,2018-03-26
2018-03-27,Call Me by Your Name,2017,https://boxd.it/qkzi9,,,,2018-03-26
2018-03-28,Newness,2017,https://boxd.it/qmJmf,,,,2018-03-27
2018-03-31,Bright Lights: Starring Carrie Fisher and Debbie Reynolds,2016,https://boxd.it/qsL0d,,,,2018-03-30
2018-04-01,Common Denominator,2014,https://boxd.it/quGur,,,youtube,2018-03-31
2018-04-01,The Other Me,2016,https://boxd.it/quKrB,,,youtube,2018-03-31
2018-04-01,The Red Turtle,2016,https://boxd.it/qw3Hl,,,,2018-03-31
2018-04-01,Father and Daughter,2000,https://boxd.it/qw43B,,Yes,youtube,2018-04-01
2018-04-02,Darkest Hour,2017,https://boxd.it/qxTvN,,,,2018-04-01
2018-04-02,Raw,2016,https://boxd.it/qyYZZ,,,,2018-04-01
2018-04-02,God's Own Country,2017,https://boxd.it/qyZ1B,,,,2018-04-01
2018-04-03,The Girl Without Hands,2016,https://boxd.it/qArXF,,,,2018-04-02
2018-04-04,Split,2016,https://boxd.it/qD9dl,,,,2018-04-03
2018-04-07,My Life as a Zucchini,2016,https://boxd.it/qJ7C1,,,,2018-04-06
2018-04-09,Star Wars: The Last Jedi,2017,https://boxd.it/qNooN,,,,2018-04-08
2018-04-09,The Perks of Being a Wallflower,2012,https://boxd.it/qP943,,,,2018-04-08
2018-04-11,Sordid Lives,2000,https://boxd.it/qSu5n,,,,2018-04-10
2018-04-11,A Very Sordid Wedding,2017,https://boxd.it/qSu9p,,,,2018-04-10
2018-04-12,The Edge of Seventeen,2016,https://boxd.it/qUDbD,,,,2018-04-11
2018-04-15,Tinker Tailor Soldier Spy,2011,https://boxd.it/r2e73,,,,2018-04-14
2018-04-15,Phantom Thread,2017,https://boxd.it/r2evJ,,,,2018-04-14
2018-04-24,Annihilation,2018,https://boxd.it/rkJxd,,,,2018-04-23
2018-04-26,U Turn,1997,https://boxd.it/rp6nj,,,,2018-04-25
2018-04-27,My Friend Dahmer,2017,https://boxd.it/rqkg9,,,,2018-04-26
2018-04-27,Wonder,2017,https://boxd.it/rr2st,,,,2018-04-26
2018-05-16,Jesus Christ Superstar Live in Concert,2018,https://boxd.it/s47PF,,,,2018-05-15
2018-05-16,Amy,2015,https://boxd.it/s4qgJ,,,,2018-05-15
2018-05-17,People You May Know,2017,https://boxd.it/s6hGn,,,,2018-05-16
2018-05-18,The Commuter,2018,https://boxd.it/s7s7b,,,,2018-05-17
2018-05-18,Andre the Giant,2018,https://boxd.it/s8u09,,,,2018-05-17
2018-05-26,Nerdgasm,2015,https://boxd.it/soiz9,,,,2018-05-25
2018-05-26,Grace Jones: Bloodlight and Bami,2017,https://boxd.it/sokmh,,,,2018-05-25
2018-05-27,Downsizing,2017,https://boxd.it/sqk1H,,,,2018-05-26
2018-05-28,What Happened to Monday,2017,https://boxd.it/st2q1,,,,2018-05-27
2018-05-30,Molly's Game,2017,https://boxd.it/sxvzp,,,,2018-05-29
2018-05-31,Alice & Viril,1993,https://boxd.it/szVvH,,,youtube,2018-05-31
2018-05-31,Angela & Viril,1993,https://boxd.it/szVDh,,,youtube,2018-05-31
2018-06-01,Elizabethtown,2005,https://boxd.it/sBf4N,,,,2018-05-31
2018-06-01,The Post,2017,https://boxd.it/sBLGp,,,,2018-05-31
2018-06-03,Film Stars Don't Die in Liverpool,2017,https://boxd.it/sFTln,,,,2018-06-02
2018-06-10,My Entire High School Sinking Into the Sea,2016,https://boxd.it/sW0dx,,,,2018-06-09
2018-06-10,The House Bunny,2008,https://boxd.it/sW0fN,,,,2018-06-09
2018-06-10,I Walked with a Zombie,1943,https://boxd.it/sW0yZ,,Yes,,2018-06-09
2018-06-11,Cat People,1942,https://boxd.it/sYCL7,,Yes,,2018-06-10
2018-06-11,Out of the Past,1947,https://boxd.it/sYD57,,,,2018-06-10
2018-06-12,Seven Days in May,1964,https://boxd.it/t0NSn,,,,2018-06-11
2018-06-12,Easy A,2010,https://boxd.it/t0O7R,,,,2018-06-11
2018-06-13,6 Balloons,2018,https://boxd.it/t1Ljd,,,,2018-06-12
2018-06-14,Love Songs,2007,https://boxd.it/t4pSV,,,,2018-06-12
2018-06-16,Happy End,2017,https://boxd.it/t78uj,,,,2018-06-14
2018-06-16,The Feels,2017,https://boxd.it/t78Hn,,,,2018-06-14
2018-06-16,The Dish,2000,https://boxd.it/t7Jpb,,Yes,,2018-06-15
2018-06-16,The Tunnel,2011,https://boxd.it/t7OYZ,,,,2018-06-15
2018-06-17,Black Panther,2018,https://boxd.it/tapMP,,,,2018-06-16
2018-06-18,Red Sparrow,2018,https://boxd.it/tcHF7,,,,2018-06-17
2018-06-18,Paper Man,2009,https://boxd.it/tcHTN,,,,2018-06-17
2018-06-22,Tomb Raider,2018,https://boxd.it/tjZAj,,,,2018-06-18
2018-06-21,Ichi the Killer,2001,https://boxd.it/thWfj,,,,2018-06-19
2018-06-21,The Bachelors,2017,https://boxd.it/thWiR,,,,2018-06-19
2018-06-21,Lady Bird,2017,https://boxd.it/tj8RL,,,,2018-06-20
2018-06-22,Oldboy,2003,https://boxd.it/tkjpb,,,,2018-06-21
2018-06-24,Bad Genius,2017,https://boxd.it/tp8jr,,,,2018-06-23
2018-06-24,Nobody Knows,2004,https://boxd.it/tp8u5,,,,2018-06-23
2018-06-25,Anon,2018,https://boxd.it/trLvF,,,,2018-06-24
2018-06-25,Game Night,2018,https://boxd.it/trNY5,,,,2018-06-24
2018-06-25,Trespass,2011,https://boxd.it/trO0v,,,"tv, deutsch",2018-06-24
2018-06-25,Man in the Mirror,2011,https://boxd.it/trOqX,,,youtube,2018-06-25
2018-06-26,The Fury,1978,https://boxd.it/tt56n,,,,2018-06-25
2018-06-27,The Incident,1967,https://boxd.it/tv3sl,,,,2018-06-26
2018-06-28,Thoroughbreds,2017,https://boxd.it/txJeJ,,,,2018-06-27
2018-06-30,Bomb City,2017,https://boxd.it/tBKmx,,,,2018-06-29
2018-06-30,How to Talk to Girls at Parties,2017,https://boxd.it/tBKq5,,,,2018-06-29
2018-07-02,The Greatest Showman,2017,https://boxd.it/tFCxb,,,,2018-07-01
2018-07-04,Glossary of Broken Dreams,2018,https://boxd.it/tK8Pf,,,,2018-07-03
2018-07-06,Every Secret Thing,2014,https://boxd.it/tOKG9,,,,2018-07-05
2018-07-07,An Open Secret,2014,https://boxd.it/tQ4zf,,,vimeo,2018-07-06
2018-07-19,Jumper,2008,https://boxd.it/uipC1,,,,2018-07-18
2018-07-19,Caroline and Jackie,2012,https://boxd.it/uipKz,,,,2018-07-18
2018-07-21,This Means War,2012,https://boxd.it/un3pp,,,,2018-07-20
2018-07-22,Mark Felt: The Man Who Brought Down the White House,2017,https://boxd.it/uonyN,,,,2018-07-21
2018-07-22,Lost in London,2017,https://boxd.it/upnVJ,,,,2018-07-21
2018-07-23,Night Moves,2013,https://boxd.it/usn2l,,,,2018-07-22
2018-07-24,Small Town Crime,2017,https://boxd.it/ut0iH,,,,2018-07-23
2018-07-24,"Love, Simon",2018,https://boxd.it/utgd9,,,,2018-07-23
2018-07-25,Wild,2014,https://boxd.it/uvrsN,,,,2018-07-23
2018-07-26,Ali's Wedding,2017,https://boxd.it/uza1D,,,,2018-07-25
2018-07-27,Goodbye Christopher Robin,2017,https://boxd.it/uBwTV,,,,2018-07-26
2018-07-29,The Shape of Water,2017,https://boxd.it/uG3YH,,,,2018-07-28
2018-07-30,The Last Laugh,2016,https://boxd.it/uJ7ih,,,,2018-07-29
2018-07-31,Last Days,2005,https://boxd.it/uLDzX,,,,2018-07-30
2018-07-31,Euphoria,2017,https://boxd.it/uLDGf,,,,2018-07-30
2018-08-01,Snatch,2000,https://boxd.it/uNUUn,,,,2018-07-31
2018-08-01,Trust,2010,https://boxd.it/uNUZR,,,,2018-07-31
2018-08-02,Blockers,2018,https://boxd.it/uP9j9,,,,2018-08-01
2018-08-02,Alex Strangelove,2018,https://boxd.it/uP9pV,,,,2018-08-01
2018-08-02,You Were Never Really Here,2017,https://boxd.it/uQeI1,,,,2018-08-01
2018-08-03,Perfect Strangers,2017,https://boxd.it/uRb9T,,,,2018-08-02
2018-08-05,Spectral,2016,https://boxd.it/uXaut,,,,2018-08-04
2018-08-06,Silent Night,2017,https://boxd.it/v07vJ,,,,2018-08-05
2018-08-06,Antiporno,2016,https://boxd.it/v07x1,,,,2018-08-05
2018-08-07,Spinning Man,2018,https://boxd.it/v2vUn,,,,2018-08-06
2018-08-07,Almost Adults,2016,https://boxd.it/v2w19,,,,2018-08-06
2018-08-08,Duck Butter,2018,https://boxd.it/v4LFx,,,,2018-08-07
2018-08-08,Comedy Central Roast of Bruce Willis,2018,https://boxd.it/v4LIL,,,,2018-08-07
2018-10-28,The Forger,2014,https://boxd.it/y6tep,,,tv,2018-08-18
2018-10-28,Force of Execution,2013,https://boxd.it/y6tfx,,,tv,2018-08-18
2018-10-28,"Definitely, Maybe",2008,https://boxd.it/y6ti7,,Yes,tv,2018-08-19
2018-10-28,Poisonous Women,1993,https://boxd.it/y6tjJ,,Yes,tv,2018-08-19
2018-08-25,The Ventriloquist,2012,https://boxd.it/vKhdd,,,youtube,2018-08-24
2018-08-27,Stockholm,2013,https://boxd.it/vQpMd,,,,2018-08-26
2018-08-28,Billionaire Boys Club,2018,https://boxd.it/vSR6t,,,,2018-08-27
2018-08-29,Loving Pablo,2017,https://boxd.it/vUNI3,,,,2018-08-28
2018-08-31,The Florida Project,2017,https://boxd.it/vZesf,,,,2018-08-30
2018-09-01,The Commodore Story,2018,https://boxd.it/vZPo5,,,,2018-08-31
2018-09-01,Okja,2017,https://boxd.it/w1wYx,,,,2018-08-31
2018-09-02,Anything Else,2003,https://boxd.it/w2NlJ,,Yes,,2018-09-01
2018-09-02,Patients,2016,https://boxd.it/w3UsJ,,,,2018-09-01
2018-09-03,Bombshell: The Hedy Lamarr Story,2017,https://boxd.it/w5DWL,,,,2018-09-02
2018-09-04,Magic in the Moonlight,2014,https://boxd.it/w7Y4J,,,,2018-09-03
2018-09-05,Heathers,1989,https://boxd.it/wasJh,,Yes,,2018-09-03
2018-09-05,Wonder Wheel,2017,https://boxd.it/wbcUP,,,,2018-09-04
2018-09-06,King of Hearts,1966,https://boxd.it/wd58X,,,,2018-09-05
2018-09-07,What Lies Beneath,2000,https://boxd.it/wf03H,,,,2018-09-06
2018-09-08,Bilal: A New Breed of Hero,2015,https://boxd.it/whkM7,,,,2018-09-07
2018-09-25,LenaLove,2016,https://boxd.it/wSa3P,,,tv,2018-09-24
2018-09-25,Skyscraper,2018,https://boxd.it/wSUNJ,,,,2018-09-24
2018-09-26,Sneakers,1992,https://boxd.it/wUC75,,Yes,,2018-09-25
2018-09-27,Bert Kreischer: Secret Time,2018,https://boxd.it/wW2a7,,,,2018-09-26
2018-09-28,Let the Sunshine In,2017,https://boxd.it/wZ52B,,,,2018-09-27
2018-09-30,Book Club,2018,https://boxd.it/x2obN,,,,2018-09-29
2018-09-30,De Palma,2015,https://boxd.it/x3Dzx,,,,2018-09-29
2018-09-30,Woman in Chains,1968,https://boxd.it/x3DQt,,,,2018-09-29
2018-09-30,Connected,2016,https://boxd.it/x3FHN,,,vimeo,2018-09-30
2018-10-01,Avengers: Age of Ultron,2015,https://boxd.it/x6yIl,,,,2018-09-30
2018-10-01,Avengers: Infinity War,2018,https://boxd.it/x6yLJ,,,,2018-09-30
2018-10-01,Drew Michael,2018,https://boxd.it/x6zdX,,,,2018-10-01
2018-10-02,Brexitannia,2017,https://boxd.it/x6Cp3,,,,2018-10-01
2018-10-02,Morning Glory,2010,https://boxd.it/x8INp,,,,2018-10-01
2018-10-02,Little Italy,2018,https://boxd.it/x8IQj,,,,2018-10-01
2018-10-03,The Meyerowitz Stories (New and Selected),2017,https://boxd.it/xaYmX,,,,2018-10-02
2018-10-03,Una,2016,https://boxd.it/xaYqZ,,,,2018-10-02
2018-10-04,Slap Shot,1977,https://boxd.it/xcXbj,,,,2018-10-03
2018-10-05,Destination Wedding,2018,https://boxd.it/xeSUR,,,,2018-10-04
2018-10-07,MDMA,2017,https://boxd.it/xhsXV,,,,2018-10-05
2018-10-07,Good Time,2017,https://boxd.it/xhte3,,,,2018-10-05
2018-10-08,The Babysitter,2017,https://boxd.it/xliir,,,,2018-10-06
2018-10-08,We're the Millers,2013,https://boxd.it/xliCB,,,,2018-10-06
2018-10-08,Do You Trust This Computer?,2018,https://boxd.it/xmPxh,,,,2018-10-07
2018-10-09,It's Kind of a Funny Story,2010,https://boxd.it/xoZKJ,,,,2018-10-08
2018-10-19,Nerve,2016,https://boxd.it/xNc7t,,,,2018-10-18
2018-10-20,Future Shock,1972,https://boxd.it/xNDkp,,Yes,youtube,2018-10-19
2018-10-20,American Animals,2018,https://boxd.it/xPPwV,,,,2018-10-19
2018-12-04,The Spy Who Dumped Me,2018,https://boxd.it/zCdtL,,,,2018-10-19
2018-10-28,The Lord of the Rings: The Return of the King,2003,https://boxd.it/y6t1F,,Yes,tv,2018-10-21
2018-10-28,The Flight of the Phoenix,1965,https://boxd.it/y6t45,,Yes,tv,2018-10-22
2018-10-28,Kingsman: The Secret Service,2014,https://boxd.it/y6t61,,Yes,tv,2018-10-23
2018-10-28,A Most Wanted Man,2014,https://boxd.it/y6t87,,Yes,tv,2018-10-24
2018-10-28,All You Can Eat Buddha,2017,https://boxd.it/y8QGv,,,,2018-10-27
2018-10-28,The Wizard of Lies,2017,https://boxd.it/y8QIB,,,,2018-10-27
2018-10-30,The Purge,2013,https://boxd.it/ydOPP,,,,2018-10-29
2018-11-01,The Eye of the Storm,2011,https://boxd.it/yifU1,,,,2018-10-31
2018-11-01,Imagine Me & You,2005,https://boxd.it/yifXJ,,,,2018-10-31
2018-11-01,Ex Drummer,2007,https://boxd.it/yifZZ,,,,2018-10-31
2018-11-02,Bāhubali: The Beginning,2015,https://boxd.it/yj047,,,,2018-11-01
2018-11-02,Bāhubali 2: The Conclusion,2017,https://boxd.it/yj06d,,,,2018-11-01
2018-11-02,Class Rank,2017,https://boxd.it/ykqBj,,,,2018-11-01
2018-11-04,Hereditary,2018,https://boxd.it/ymZot,,,,2018-11-03
2018-11-04,Dead End,2003,https://boxd.it/ynbF7,,,,2018-11-03
2018-11-04,Bao,2018,https://boxd.it/you97,,,,2018-11-03
2018-11-04,Liquid Sky,1982,https://boxd.it/yoBxv,,Yes,,2018-11-03
2018-11-06,Bao,2018,https://boxd.it/ysF9v,,Yes,,2018-11-04
2018-11-06,Charming,2018,https://boxd.it/ysF9Z,,,,2018-11-04
2018-11-06,The Only Living Boy in New York,2017,https://boxd.it/yuGfD,,,,2018-11-05
2018-11-08,The Man Who Knew Infinity,2015,https://boxd.it/yyTf5,,,,2018-11-07
2018-11-08,The Land of Steady Habits,2018,https://boxd.it/yyTit,,,,2018-11-07
2018-11-10,The Incredibles,2004,https://boxd.it/yBlrR,,,,2018-11-08
2018-11-10,Incredibles 2,2018,https://boxd.it/yBlvf,,,,2018-11-08
2018-11-11,Deadpool,2016,https://boxd.it/yGeZH,,Yes,,2018-11-10
2018-11-11,Deadpool 2,2018,https://boxd.it/yGf1t,,,,2018-11-10
2018-11-12,Egon Schiele: Death and the Maiden,2016,https://boxd.it/yIaG1,,,,2018-11-11
2018-11-12,Colossal,2016,https://boxd.it/yJaV3,,,,2018-11-11
2018-11-13,Upgrade,2018,https://boxd.it/yLOgj,,,,2018-11-12
2018-11-13,Regression,2015,https://boxd.it/yLOn5,,,,2018-11-12
2018-11-14,To All the Boys I've Loved Before,2018,https://boxd.it/yNMQ9,,,,2018-11-13
2018-11-14,"Welcome Home, Roxy Carmichael",1990,https://boxd.it/yNMVj,,,,2018-11-13
2018-11-21,Bohemian Rhapsody,2018,https://boxd.it/z3TF5,,,haydn,2018-11-18
2018-11-22,The Importance of Being Earnest,1952,https://boxd.it/z8bGD,,Yes,youtube,2018-11-22
2018-11-24,Air Doll,2009,https://boxd.it/zcNjZ,,,,2018-11-23
2018-11-24,Permission,2017,https://boxd.it/zcNlV,,,,2018-11-23
2018-11-25,"Juliet, Naked",2018,https://boxd.it/zelSr,,,,2018-11-24
2018-11-25,Kodachrome,2017,https://boxd.it/zfBmD,,,,2018-11-24
2018-11-26,First Reformed,2017,https://boxd.it/ziRNV,,,,2018-11-25
2018-11-26,Au Hasard Balthazar,1966,https://boxd.it/ziSi5,,,,2018-11-25
2018-11-27,Unsane,2018,https://boxd.it/zlwZn,,,,2018-11-26
2018-11-30,An Actor Prepares,2018,https://boxd.it/zryYX,,,,2018-11-28
2018-12-01,The Children Act,2017,https://boxd.it/ztOxn,,,,2018-11-30
2018-12-03,Silent Light,2007,https://boxd.it/zzMyZ,,,,2018-12-02
2018-12-07,Next Gen,2018,https://boxd.it/zJTfZ,,,,2018-12-06
2018-12-08,Princess Mononoke,1997,https://boxd.it/zLpCt,,,,2018-12-07
2018-12-09,Gramsci 44,2016,https://boxd.it/zOiat,,,gasteig,2018-12-08
2018-12-10,Diane,2017,https://boxd.it/zQRBN,,,,2018-12-09
2018-12-11,Time Trap,2017,https://boxd.it/zSI6F,,,,2018-12-10
2018-12-11,Lowlife,2017,https://boxd.it/zTI7P,,,,2018-12-10
2018-12-13,Birthmarked,2018,https://boxd.it/zYrNz,,,,2018-12-12
2018-12-14,Dark River,2017,https://boxd.it/A0qr7,,,,2018-12-13
2018-12-16,BlacKkKlansman,2018,https://boxd.it/A60Oh,,,,2018-12-15
2018-12-18,La Jetée,1962,https://boxd.it/AbHLv,,Yes,youtube,2018-12-17
2018-12-20,Flower,2017,https://boxd.it/AgW1H,,,,2018-12-19
2018-12-25,Lucky,2017,https://boxd.it/AvP6v,,,,2018-12-24
2018-12-31,Native,2016,https://boxd.it/ASM7h,,,,2018-12-30
2019-01-01,Grave of the Fireflies,1988,https://boxd.it/AWM9l,,,,2018-12-31
2019-01-02,Dinner for One,1963,https://boxd.it/B10S3,,,youtube,2019-01-01
2019-01-02,My Father Was Right,1936,https://boxd.it/B1nKB,,,,2019-01-01
2019-01-06,A Silent Voice: The Movie,2016,https://boxd.it/Bnt5X,,,,2019-01-05
2019-01-08,The Box,1967,https://boxd.it/BulHD,,,youtube,2019-01-07
2019-01-08,The Screamers,2010,https://boxd.it/BumoR,,,youtube,2019-01-07
2019-01-08,Eye Myth,1967,https://boxd.it/Bumzl,,,youtube,2019-01-07
2019-01-08,Tuck Me In,2014,https://boxd.it/BumKD,,,youtube,2019-01-07
2019-01-08,Gerald McBoing-Boing,1950,https://boxd.it/BumYF,,,youtube,2019-01-07
2019-01-08,Game Over,2006,https://boxd.it/BunGn,,,youtube,2019-01-07
2019-01-08,Submarine Sandwich,2014,https://boxd.it/BunSD,,,youtube,2019-01-07
2019-01-08,Western Spaghetti,2008,https://boxd.it/Buo03,,Yes,youtube,2019-01-07
2019-01-08,Fresh Guacamole,2012,https://boxd.it/BuoaH,,Yes,youtube,2019-01-07
2019-01-08,Doll Clothes,1975,https://boxd.it/BuoTH,,,youtube,2019-01-07
2019-01-08,Superman 75,2013,https://boxd.it/Bup2T,,,youtube,2019-01-07
2019-01-08,Your Face,1987,https://boxd.it/BupJj,,,youtube,2019-01-07
2019-01-08,There Will Come Soft Rains,1984,https://boxd.it/BvMzt,,,youtube,2019-01-07
2019-01-08,The Deep,2010,https://boxd.it/BvO5v,,,youtube,2019-01-07
2019-01-08,What's on Your Mind?,2014,https://boxd.it/BvOVh,,Yes,youtube,2019-01-07
2019-01-08,A Social Life,2016,https://boxd.it/BvRel,,,youtube,2019-01-07
2019-01-08,Splitscreen: A Love Story,2011,https://boxd.it/BvTAD,,Yes,youtube,2019-01-07
2019-01-08,Wanderers,2014,https://boxd.it/BvUqJ,,,youtube,2019-01-07
2019-01-08,Set It Up,2018,https://boxd.it/BwAA7,,,,2019-01-07
2019-01-09,The Procedure,2016,https://boxd.it/BzWKp,,,vimeo,2019-01-08
2019-01-09,Chicken or the Egg,2013,https://boxd.it/BzXxV,,,youtube,2019-01-08
2019-01-09,In a Heartbeat,2017,https://boxd.it/BzYYt,,,youtube,2019-01-08
2019-01-09,La Maison en Petits Cubes,2008,https://boxd.it/BzZL1,,,youtube,2019-01-08
2019-01-09,Feast,2014,https://boxd.it/BA1LH,,,vimeo,2019-01-08
2019-01-11,Home Again,2017,https://boxd.it/BIWqH,,,,2019-01-10
2019-01-13,Savages,2012,https://boxd.it/BOAer,,,,2019-01-11
2019-01-13,Journeyman,2017,https://boxd.it/BOAlx,,,,2019-01-11
2019-01-14,Meshes of the Afternoon,1943,https://boxd.it/BUNYT,,,youtube,2019-01-13
2019-01-14,Rejected,2000,https://boxd.it/BUPKT,,,youtube,2019-01-13
2019-01-14,A Tale of Momentum & Inertia,2014,https://boxd.it/BUQCr,,Yes,youtube,2019-01-13
2019-01-14,Tim and Susan Have Matching Handguns,2014,https://boxd.it/BUSs9,,,vimeo,2019-01-13
2019-01-15,Subconscious Cruelty,2000,https://boxd.it/BYFVF,,,,2019-01-14
2019-01-15,Sherlock: The Abominable Bride,2016,https://boxd.it/C0g0N,,,dvd,2019-01-14
2019-01-15,Thanksgiving Prayer,1991,https://boxd.it/C0gPV,,,youtube,2019-01-14
2019-01-15,Kiwi!,2006,https://boxd.it/C0hap,,,youtube,2019-01-14
2019-01-16,Blue Sunshine,1977,https://boxd.it/C2YIj,,,,2019-01-15
2019-01-17,Sherlock: The Final Problem,2017,https://boxd.it/C83DD,,,dvd,2019-01-16
2019-01-19,Hamlet,2009,https://boxd.it/CdRIj,,,,2019-01-18
2019-01-19,The Two of Us,1967,https://boxd.it/CdRP5,,,,2019-01-18
2019-02-07,The Boy in the Striped Pyjamas,2008,https://boxd.it/Dm1Wv,,,tv,2019-01-27
2019-02-09,The Favourite,2018,https://boxd.it/Drudp,,,museum lichtspiele,2019-02-08
2019-02-11,Berlin Falling,2017,https://boxd.it/DAXxL,,,,2019-02-10
2019-02-11,Black Mirror: Bandersnatch,2018,https://boxd.it/DAXzx,,,,2019-02-10
2019-02-11,Venice 70: Future Reloaded,2013,https://boxd.it/DAXC7,,,vimeo,2019-02-11
2019-02-19,Brexit: The Uncivil War,2019,https://boxd.it/DZ15f,,,,2019-02-17
2019-02-19,In This Corner of the World,2016,https://boxd.it/DZNvZ,,,,2019-02-18
2019-02-21,The House with a Clock in Its Walls,2018,https://boxd.it/E6H8f,,,,2019-02-20
2019-02-23,The Old Man & the Gun,2018,https://boxd.it/EbskF,,,,2019-02-21
2019-02-23,Romantics Anonymous,2010,https://boxd.it/EdWRD,,,,2019-02-22
2019-02-24,Spider-Man: Into the Spider-Verse,2018,https://boxd.it/EhVil,,,,2019-02-23
2019-03-03,Green Book,2018,https://boxd.it/ED4Fl,,,,2019-03-02
2019-03-04,Sex Weather,2018,https://boxd.it/EISfx,,,,2019-03-03
2019-03-04,A Page of Madness,1926,https://boxd.it/EISh9,,,,2019-03-03
2019-03-20,Daddy Day Camp,2007,https://boxd.it/FwMc3,,,tv,2019-03-09
2019-03-20,Johnny English,2003,https://boxd.it/FwMhR,,Yes,tv,2019-03-09
2019-03-20,Ghostbusters,2016,https://boxd.it/FwMph,,,tv,2019-03-09
2019-03-20,How About Adolf?,2018,https://boxd.it/FwMA5,,,britishairways,2019-03-10
2019-03-20,My Cousin Vinny,1992,https://boxd.it/FwMFT,,Yes,britishairways,2019-03-10
2019-03-20,"Juliet, Naked",2018,https://boxd.it/FwMND,,Yes,britishairways,2019-03-10
2019-03-20,King of Thieves,2018,https://boxd.it/FwMXj,,,britishairways,2019-03-10
2019-03-20,Ready Player One,2018,https://boxd.it/FwN2D,,,britishairways,2019-03-10
2019-03-20,The Godfather,1972,https://boxd.it/FwN9T,,Yes,britishairways,2019-03-10
2019-03-20,Sometimes Always Never,2018,https://boxd.it/FwNgP,,,britishairways,2019-03-10
2019-03-20,Central Intelligence,2016,https://boxd.it/FwNl1,,,tv,2019-03-13
2019-03-20,Beetlejuice,1988,https://boxd.it/FwNYn,,Yes,tv,2019-03-15
2019-03-20,Hercules,1997,https://boxd.it/FwO4l,,Yes,tv,2019-03-15
2019-03-20,Coach Carter,2005,https://boxd.it/FwO8n,,,tv,2019-03-16
2019-03-20,The Incredibles,2004,https://boxd.it/FwOmp,,Yes,tv,2019-03-16
2019-03-20,Fifty Shades of Grey,2015,https://boxd.it/FwOqV,,Yes,tv,2019-03-16
2019-03-20,Ghostbusters,1984,https://boxd.it/FwOuX,,Yes,tv,2019-03-16
2019-03-20,Peppermint,2018,https://boxd.it/FwNrN,,,britishairways,2019-03-18
2019-03-20,Phil Spector,2013,https://boxd.it/FwNxV,,,britishairways,2019-03-18
2019-03-20,The Boss Baby,2017,https://boxd.it/FwNER,,Yes,britishairways,2019-03-18
2019-03-20,Wonder Woman,2017,https://boxd.it/FwNJR,,,britishairways,2019-03-18
2019-03-20,Searching,2018,https://boxd.it/FwNQt,,,britishairways,2019-03-18
2019-03-21,303,2018,https://boxd.it/FA4iz,,,,2019-03-20
2019-03-24,Weight,2017,https://boxd.it/FIQqR,,,,2019-03-23
2019-03-24,Worlds Apart,2015,https://boxd.it/FJZXn,,,youtube,2019-03-24
2019-03-25,Vox Lux,2018,https://boxd.it/FN2WD,,,,2019-03-24
2019-03-25,The Brain Hack,2015,https://boxd.it/FN3on,,,,2019-03-24
2019-03-30,Cold War,2018,https://boxd.it/G12aH,,,,2019-03-29
2019-03-30,The Quake,2018,https://boxd.it/G2p8r,,,,2019-03-29
2019-04-01,The Unicorn,2018,https://boxd.it/G6kaP,,,,2019-03-30
2019-04-01,Fyre,2019,https://boxd.it/G98ET,,,,2019-03-31
2019-04-01,Fyre Fraud,2019,https://boxd.it/G98HN,,,,2019-03-31
2019-04-06,Young & Beautiful,2013,https://boxd.it/GkPZH,,,,2019-04-05
2019-04-15,The Client,1994,https://boxd.it/GKPn1,,Yes,tv,2019-04-07
2019-04-15,Interstellar,2014,https://boxd.it/GKPrd,,Yes,tv,2019-04-07
2019-04-15,The Loft,2014,https://boxd.it/GKPyX,,,tv,2019-04-08
2019-04-15,I Accuse,2003,https://boxd.it/GKPE7,,,tv,2019-04-08
2019-04-15,Darkman,1990,https://boxd.it/GKPHv,,Yes,tv,2019-04-08
2019-04-15,Guardian,2001,https://boxd.it/GKPND,,,tv,2019-04-08
2019-04-15,The Guest,2014,https://boxd.it/GKPY7,,,tv,2019-04-10
2019-04-15,The 51st State,2001,https://boxd.it/GKQeT,,Yes,tv,2019-04-10
2019-04-15,Reindeer Games,2000,https://boxd.it/GKRWd,,,tv,2019-04-13
2019-04-15,Hercules,2014,https://boxd.it/GKS2b,,,tv,2019-04-13
2019-04-15,Max Payne,2008,https://boxd.it/GKSFR,,,tv,2019-04-13
2019-04-23,Spider-Man,2002,https://boxd.it/H9tM9,,Yes,tv,2019-04-21
2019-04-23,The Robe,1953,https://boxd.it/H9tRD,,Yes,tv,2019-04-21
2019-04-23,San Andreas,2015,https://boxd.it/H9tXh,,,tv,2019-04-21
2019-04-23,Ex Machina,2015,https://boxd.it/H9u27,,Yes,tv,2019-04-21
2019-04-23,The Day After Tomorrow,2004,https://boxd.it/H9u4R,,Yes,tv,2019-04-21
2019-04-28,Walking on Water,2018,https://boxd.it/HqTUd,,,theatiner,2019-04-27
2019-05-02,The Inventor: Out for Blood in Silicon Valley,2019,https://boxd.it/HBYNX,,,,2019-05-01
2019-05-02,Searching,2018,https://boxd.it/HBYRZ,,Yes,,2019-05-01
2019-05-03,Dragged Across Concrete,2018,https://boxd.it/HEsqX,,,,2019-05-02
2019-05-04,The Boy Downstairs,2017,https://boxd.it/HIgjt,,,,2019-05-03
2019-05-04,Perfect Blue,1997,https://boxd.it/HIgqJ,,,,2019-05-03
2019-05-05,The Handmaiden,2016,https://boxd.it/HKGsP,,,,2019-05-04
2019-05-06,Alien: Harvest,2019,https://boxd.it/HM50D,,,youtube,2019-05-05
2019-05-06,Alien: Alone,2019,https://boxd.it/HM6fT,,,youtube,2019-05-05
2019-05-06,Alien: Night Shift,2019,https://boxd.it/HM6qH,,,youtube,2019-05-05
2019-05-06,Alien: Containment,2019,https://boxd.it/HM86T,,,youtube,2019-05-05
2019-05-06,Alien: Ore,2019,https://boxd.it/HMbit,,,youtube,2019-05-05
2019-05-06,Alien: Specimen,2019,https://boxd.it/HMcul,,,youtube,2019-05-05
2019-05-06,Duck Soup,1933,https://boxd.it/HOSHF,,Yes,,2019-05-05
2019-05-07,Glass,2019,https://boxd.it/HRu5D,,,,2019-05-06
2019-05-08,The Silence,2019,https://boxd.it/HT0UP,,,,2019-05-07
2019-05-11,The Night Porter,1974,https://boxd.it/I1fzt,,,,2019-05-10
2019-05-12,Severance,2006,https://boxd.it/I4miZ,,,,2019-05-11
2019-05-13,Long Lost,2018,https://boxd.it/I7LGD,,,,2019-05-12
2019-05-13,Daddy Issues,2019,https://boxd.it/I7LL9,,,,2019-05-12
2019-05-15,Ikarie XB 1,1963,https://boxd.it/IcGKF,,,,2019-05-14
2019-05-15,The Middle Distance,2015,https://boxd.it/IcGR7,,,,2019-05-14
2019-05-16,When Tomatoes Met Wagner,2019,https://boxd.it/Iexjz,,,"rio, dokfestmuenchen",2019-05-15
2019-05-26,The Mule,2018,https://boxd.it/IJREz,,,,2019-05-25
2019-05-26,Too Big to Fail,2011,https://boxd.it/IJRHD,,,,2019-05-25
2019-05-27,Arctic,2018,https://boxd.it/INfx9,,,,2019-05-26
2019-05-27,11:14,2003,https://boxd.it/INfE5,,Yes,,2019-05-26
2019-05-28,Thirteen Days,2000,https://boxd.it/IReoX,,Yes,,2019-05-27
2019-05-29,A Matter of Perspective,1987,https://boxd.it/IRDy9,,,youtube,2019-05-28
2019-05-29,The Witness,2015,https://boxd.it/IU1F3,,,,2019-05-28
2019-05-29,Tower,2016,https://boxd.it/IU1KH,,,,2019-05-28
2019-05-30,Beautiful Boy,2018,https://boxd.it/IX1Yl,,,,2019-05-29
2019-05-30,Balloonfest,2017,https://boxd.it/IXopj,,,youtube,2019-05-30
2019-06-01,The Quiet American,2002,https://boxd.it/J2BfL,,,,2019-05-31
2019-06-01,Wittgenstein,1993,https://boxd.it/J2Biv,,Yes,,2019-05-31
2019-06-08,National Treasure,2016,https://boxd.it/Jnu4t,,,dvd,2019-06-07
2019-06-08,Whoops Apocalypse,1986,https://boxd.it/JnuiZ,,,dvd,2019-06-07
2019-07-09,Yesterday,2019,https://boxd.it/KVHOV,,,λιλά,2019-06-27
2019-07-17,Sara Pascoe Live: LadsLadsLads,2019,https://boxd.it/LjvKF,,,youtube,2019-07-16
2019-07-19,Negative Space,2017,https://boxd.it/Lpqld,,,vimeo,2019-07-18
2019-07-20,Climate Change: The Facts,2019,https://boxd.it/LtR1d,,,youtube,2019-07-20
2019-07-20,The True Cost,2015,https://boxd.it/LtTsF,,,online,2019-07-20
2019-08-10,Escape Room,2019,https://boxd.it/MzxCT,,,,2019-08-08
2019-08-10,In a Relationship,2018,https://boxd.it/MzxFX,,,,2019-08-09
2019-08-10,Booksmart,2019,https://boxd.it/MzxI3,,,,2019-08-09
2019-08-12,Stan & Ollie,2018,https://boxd.it/MHidP,,,,2019-08-11
2019-08-12,Real Genius,1985,https://boxd.it/MHigf,,,,2019-08-11
2019-08-13,Sunshine on Leith,2013,https://boxd.it/MLi6n,,,,2019-08-12
2019-08-13,Before I Fall,2017,https://boxd.it/MLi8j,,,,2019-08-13
2019-08-14,The Wave,2015,https://boxd.it/MO0GN,,,,2019-08-13
2019-08-14,Zero Days,2016,https://boxd.it/MO0RV,,,,2019-08-13
2019-08-16,The Way of the Gun,2000,https://boxd.it/MUki9,,,,2019-08-14
2019-08-16,1985,2018,https://boxd.it/MUkl3,,,,2019-08-15
2019-08-17,Bourek,2016,https://boxd.it/MXqLn,,,,2019-08-16
2019-08-18,Joy,2018,https://boxd.it/MZond,,,,2019-08-16
2019-08-18,McQueen,2018,https://boxd.it/MZosx,,,,2019-08-17
2019-08-18,The Trip to Spain,2017,https://boxd.it/N1hDR,,,,2019-08-17
2019-08-20,Summer '03,2018,https://boxd.it/N5avf,,,,2019-08-18
2019-08-20,The Basketball Diaries,1995,https://boxd.it/N5vih,,,,2019-08-19
2019-08-20,Hostiles,2017,https://boxd.it/N8rgH,,,,2019-08-19
2019-08-22,The Other Man,2008,https://boxd.it/NeW95,,,,2019-08-21
2019-08-22,5 to 7,2014,https://boxd.it/NeWbb,,,,2019-08-21
2019-08-23,EGG,2018,https://boxd.it/Nh7pn,,,,2019-08-22
2019-08-23,Close,2019,https://boxd.it/Nh7un,,,,2019-08-22
2019-09-04,Conversations with Other Women,2005,https://boxd.it/NU373,,,letoonhospital,2019-08-27
2019-09-04,Romans,2017,https://boxd.it/NU3lf,,,letoonhospital,2019-08-27
2019-09-04,Tabu,2012,https://boxd.it/NU3wx,,,letoonhospital,2019-08-28
2019-09-04,Woven,2016,https://boxd.it/NU3ID,,,letoonhospital,2019-08-28
2019-09-18,Based on a True Story,2017,https://boxd.it/OClJR,,,,2019-09-17
2019-09-20,Felon,2008,https://boxd.it/OJT0P,,,,2019-09-19
2019-09-22,Waiting for Guffman,1996,https://boxd.it/OPcvH,,,,2019-09-21
2019-09-25,John Wick: Chapter 3 – Parabellum,2019,https://boxd.it/P0jcT,,,,2019-09-24
2019-09-26,Manglehorn,2014,https://boxd.it/P2c5l,,,,2019-09-25
2019-09-27,C'est la vie!,2017,https://boxd.it/P6hgr,,,,2019-09-26
2019-09-27,Primer,2004,https://boxd.it/P6hjv,,Yes,,2019-09-26
2019-09-28,Hobson's Choice,1954,https://boxd.it/P9lIP,,,,2019-09-27
2019-09-29,Darling,1965,https://boxd.it/PbsHX,,,,2019-09-28
2019-10-12,The Secret Life of Pets 2,2019,https://boxd.it/PVbK3,,,,2019-10-11
2019-10-12,No Time for Nuts,2006,https://boxd.it/PVcxz,,,youtube,2019-10-11
2019-10-13,David Gilmour - Live At Pompeii (Bonus Wroclaw 2016),2017,https://boxd.it/PZcnx,,,youtube,2019-10-12
2019-10-23,Entertainment,2015,https://boxd.it/QBoBH,,,,2019-10-22
2019-10-24,The Comedy,2012,https://boxd.it/QFsrp,,,,2019-10-23
2019-10-24,Spider-Man: Far From Home,2019,https://boxd.it/QFsyP,,,,2019-10-23
2019-10-24,The Man Who Killed Hitler and Then the Bigfoot,2018,https://boxd.it/QFsBp,,,,2019-10-23
2019-10-25,Flower,2017,https://boxd.it/QK4cF,,Yes,,2019-10-25
2019-10-26,The Professor,2018,https://boxd.it/QNGLp,,,,2019-10-25
2019-10-26,Avengers: Endgame,2019,https://boxd.it/QNGVp,,,,2019-10-25
2019-10-29,Nicholas on Holiday,2014,https://boxd.it/QXrEj,,,tv,2019-10-28
2019-11-03,The Art of Self-Defense,2019,https://boxd.it/RiAEp,,,,2019-11-02
2019-11-04,Time Out of Mind,2014,https://boxd.it/Rn5aN,,,,2019-11-03
2019-11-04,V/H/S,2012,https://boxd.it/Rn5kX,,,,2019-11-03
2019-11-04,Why Him?,2016,https://boxd.it/Rn5uj,,,,2019-11-03
2019-11-05,Now Is Good,2012,https://boxd.it/Rr0SD,,,,2019-11-04
2019-11-06,Hot Air,2018,https://boxd.it/RsUyr,,,,2019-11-05
2019-11-10,First Man,2018,https://boxd.it/RGmO9,,,,2019-11-09
2019-11-22,Mumford,1999,https://boxd.it/SnSqT,,,,2019-11-20
2019-11-22,The Collini Case,2019,https://boxd.it/SoEKH,,,,2019-11-21
2019-11-24,Rocketman,2019,https://boxd.it/Sw3Cd,,,,2019-11-23
2019-11-24,The Hero,2017,https://boxd.it/SxJOn,,,,2019-11-23
2019-11-25,Temps,2016,https://boxd.it/SCICF,,,,2019-11-24
2019-11-26,Us,2019,https://boxd.it/SDkhb,,,,2019-11-25
2019-11-26,The Daughter,2015,https://boxd.it/SFPVZ,,,,2019-11-25
2019-11-26,The Mother,2003,https://boxd.it/SFPZ3,,,,2019-11-25
2019-11-27,Humanité,1999,https://boxd.it/SJtWp,,,,2019-11-26
2019-11-28,The Big Bad Fox and Other Tales,2017,https://boxd.it/SLG0d,,,,2019-11-27
2019-12-24,The Other Side of Hope,2017,https://boxd.it/UuvlD,,,,2019-12-22
2019-12-31,Ghost in the Shell,1995,https://boxd.it/Va3gp,,,,2019-12-30
2019-12-31,Learning to Drive,2014,https://boxd.it/Va3n1,,,,2019-12-30
2020-01-19,One Breath Around The World,2019,https://boxd.it/X1QzF,,,youtube,2020-01-18
2020-02-15,Knives Out,2019,https://boxd.it/Zo91f,,,museum lichtspiele,2020-02-14
2020-02-16,Driven,2018,https://boxd.it/Zx4Lb,,,,2020-02-15
2020-02-18,Toy Story 4,2019,https://boxd.it/ZF8aT,,,,2020-02-16
2020-02-18,The Neighbors' Window,2019,https://boxd.it/ZF8tr,,,youtube,2020-02-17
2020-02-19,Planet Single,2016,https://boxd.it/ZL3jX,,,,2020-02-17
2020-02-20,Cavemen,2013,https://boxd.it/ZRRol,,,,2020-02-19
2020-02-20,Hair,1979,https://boxd.it/ZRWPL,,Yes,,2020-02-19
2020-02-20,The Silence of the Dying Fish,2018,https://boxd.it/ZTc0B,,,youtube,2020-02-19
2020-02-28,Lolita,1997,https://boxd.it/10uNKb,,Yes,youtube,2020-02-27
2020-02-28,Graduation,2016,https://boxd.it/10uX2N,,,,2020-02-27
2020-02-29,Santa Sangre,1989,https://boxd.it/10DWBZ,,,,2020-02-28
2020-03-01,The Guernsey Literary & Potato Peel Pie Society,2018,https://boxd.it/10JF7F,,,,2020-02-29
2020-03-01,Dead Presidents,1995,https://boxd.it/10JFcF,,,,2020-02-29
2020-03-01,Certain Women,2016,https://boxd.it/10JFw1,,,,2020-02-29
2020-03-02,The Man Who Killed Don Quixote,2018,https://boxd.it/10MWE3,,,,2020-03-01
2020-03-02,Clash,2016,https://boxd.it/10PGX5,,,,2020-03-01
2020-03-03,The Farewell,2019,https://boxd.it/10ULxV,,,,2020-03-02
2020-03-05,TimeScapes,2012,https://boxd.it/111Cf3,,,,2020-03-04
2020-03-08,Final Portrait,2017,https://boxd.it/11e0Nx,,,,2020-03-06
2020-03-08,TimeScapes,2012,https://boxd.it/11eBnB,,Yes,,2020-03-06
2020-03-08,Baraka,1992,https://boxd.it/11eBzH,,,,2020-03-06
2020-03-08,Sorry to Bother You,2018,https://boxd.it/11eDCX,,,,2020-03-06
2020-03-08,24 Frames,2017,https://boxd.it/11eBHh,,,,2020-03-07
2020-03-09,American Bistro,2019,https://boxd.it/11j3x3,,,,2020-03-07
2020-03-09,Being Frank: The Chris Sievey Story,2018,https://boxd.it/11n0Y9,,,,2020-03-08
2020-03-12,The Unknown Girl,2016,https://boxd.it/11xu3R,,,,2020-03-11
2020-03-14,Ad Astra,2019,https://boxd.it/11H99f,,,,2020-03-13
2020-03-15,AlphaGo,2017,https://boxd.it/11JFm5,,,youtube,2020-03-14
2020-03-16,The Irishman,2019,https://boxd.it/11NLlZ,,,,2020-03-14
2020-03-16,Song of Granite,2017,https://boxd.it/11Rpwp,,,,2020-03-15
2020-03-16,15 Minutes of War,2019,https://boxd.it/11TU7f,,,,2020-03-15
2020-03-17,Paradise Hills,2019,https://boxd.it/11ZNR3,,,,2020-03-16
2020-03-18,Joker,2019,https://boxd.it/124YSB,,,,2020-03-17
2020-03-20,The Look of Silence,2014,https://boxd.it/12cKmx,,,,2020-03-18
2020-03-20,Marriage Story,2019,https://boxd.it/12dLpp,,,,2020-03-19
2020-03-21,The Blackcoat's Daughter,2015,https://boxd.it/12mLR7,,,,2020-03-20
2020-03-22,Parasite,2019,https://boxd.it/12r9j7,,,,2020-03-21
2020-03-22,Jubilee,1978,https://boxd.it/12uUgP,,,,2020-03-21
2020-03-22,Jordan's Dance,1977,https://boxd.it/12uUUF,,,youtube,2020-03-22
2020-03-23,Stroszek,1977,https://boxd.it/12D18J,,,,2020-03-22
2020-03-24,Acrylic,2017,https://boxd.it/12FYyl,,,vimeo,2020-03-23
2020-03-25,North Country,2005,https://boxd.it/12MAAL,,,,2020-03-24
2020-03-25,Tampopo,1985,https://boxd.it/12NKCJ,,,,2020-03-24
2020-03-27,Beatriz at Dinner,2017,https://boxd.it/130Meb,,,,2020-03-26
2020-03-28,American Woman,2018,https://boxd.it/135cOx,,,,2020-03-27
2020-03-28,Blinded by the Light,2019,https://boxd.it/135sQf,,,,2020-03-27
2020-03-28,Luce,2019,https://boxd.it/136P8H,,,,2020-03-27
2020-03-31,Seduced and Abandoned,2013,https://boxd.it/13zo1n,,,,2020-03-28
2020-03-31,Barbara,2012,https://boxd.it/13znw5,,,,2020-03-30
2020-03-31,Thunder Road,2018,https://boxd.it/13zokp,,,,2020-03-30
2020-03-31,Thunder Road,2016,https://boxd.it/13zowP,,,vimeo,2020-03-31
2020-04-04,A Hidden Life,2019,https://boxd.it/13YgYL,,,,2020-04-03
2020-04-06,Joseph and the Amazing Technicolor Dreamcoat,1999,https://boxd.it/14d753,,,youtube,2020-04-05
2020-04-13,Jesus Christ Superstar - Live Arena Tour,2012,https://boxd.it/155khT,,,,2020-04-11
2020-04-19,The Phantom of the Opera at the Royal Albert Hall,2011,https://boxd.it/15SRqH,,,youtube,2020-04-18
2020-04-20,The Party,2017,https://boxd.it/161dnr,,,,2020-04-19
2020-04-24,The Lighthouse,2019,https://boxd.it/16uVqR,,,,2020-04-23
2020-04-27,Onibaba,1964,https://boxd.it/16Tu7j,,,,2020-04-26
2020-04-29,Timecrimes,2007,https://boxd.it/17bcmL,,,,2020-04-28
2020-05-01,The Surrounding Game,2017,https://boxd.it/17miJD,,,,2020-04-30
2020-05-02,AlphaGo,2017,https://boxd.it/17tQwn,,Yes,,2020-05-01
2020-05-02,The Invisible Man,2020,https://boxd.it/17xbDv,,,,2020-05-01
2020-05-03,The Gentlemen,2019,https://boxd.it/17H6ZV,,,,2020-05-02
2020-05-04,3-Iron,2004,https://boxd.it/17LN9h,,,,2020-05-03
2020-05-05,Ford v Ferrari,2019,https://boxd.it/17WVUH,,,,2020-05-04
2020-05-09,Shepherds and Butchers,2016,https://boxd.it/18it93,,,,2020-05-07
2020-05-14,The Platform,2019,https://boxd.it/18ZFt1,,,,2020-05-13
2020-05-14,The Wave,2019,https://boxd.it/18ZFyF,,,,2020-05-13
2020-05-14,Vaskduellen,2015,https://boxd.it/190vIn,,,youtube,2020-05-14
2020-05-15,Nakenlekar,2010,https://boxd.it/193JlX,,,youtube,2020-05-14
2020-05-17,La Villa Santo-Sospir,1952,https://boxd.it/19h44z,,,,2020-05-16
2020-05-17,The Dinner Game,1998,https://boxd.it/19l2Dl,,,,2020-05-16
2020-05-17,Desire,2011,https://boxd.it/19l3tL,,,,2020-05-16
2020-05-17,That Sunday,2010,https://boxd.it/19l4rV,,,vimeo,2020-05-17
2020-05-18,Domino,2005,https://boxd.it/19pfaz,,Yes,,2020-05-17
2020-05-20,PK,2014,https://boxd.it/19H9PH,,,,2020-05-19
2020-05-23,Cats,1998,https://boxd.it/19Xall,,,youtube,2020-05-22
2020-05-23,Sarah Brightman: In Concert,1998,https://boxd.it/19XN0B,,,youtube,2020-05-22
2020-05-23,Andrew Lloyd Webber: The Royal Albert Hall Celebration,1998,https://boxd.it/19XOcX,,,youtube,2020-05-22
2020-05-24,Mandy,2018,https://boxd.it/1a9LKr,,,,2020-05-23
2020-05-24,Kill Chain,2019,https://boxd.it/1a9Njd,,,,2020-05-23
2020-05-25,The King,2019,https://boxd.it/1adZHf,,,,2020-05-24
2020-05-25,The Space Between Us,2017,https://boxd.it/1ahSA5,,,,2020-05-24
2020-05-26,Green Room,2015,https://boxd.it/1apn2n,,,,2020-05-25
2020-05-27,Eyes Without a Face,1960,https://boxd.it/1avMQT,,Yes,,2020-05-26
2020-05-27,Forev,2013,https://boxd.it/1avNTT,,,,2020-05-26
2020-05-29,Transit,2018,https://boxd.it/1aIYzL,,,,2020-05-28
2020-05-29,Pond Life,2018,https://boxd.it/1aIYIt,,,,2020-05-28
2020-05-29,Birds of Prey (and the Fantabulous Emancipation of One Harley Quinn),2020,https://boxd.it/1aIYXN,,,,2020-05-28
2020-05-31,That Awkward Moment,2014,https://boxd.it/1aWFTP,,,,2020-05-30
2020-06-02,Valkyrie,2008,https://boxd.it/1b8RVn,,,,2020-06-01
2020-06-02,The Big Short,2015,https://boxd.it/1b9vdF,,Yes,,2020-06-02
2020-06-03,Uncut Gems,2019,https://boxd.it/1b9Dt7,,,,2020-06-02
2020-06-04,Martin Scorsese's Quarantine Short Film,2020,https://boxd.it/1bhzdF,,,youtube,2020-06-03
2020-06-04,Russian Ark,2002,https://boxd.it/1biEDv,,,,2020-06-03
2020-06-06,Jupiter Ascending,2015,https://boxd.it/1buAIF,,,,2020-06-04
2020-06-07,Jiro Dreams of Sushi,2011,https://boxd.it/1bAPLh,,,,2020-06-06
2020-06-07,I Killed My Mother,2009,https://boxd.it/1bFpZR,,,,2020-06-06
2020-06-08,Mommy,2014,https://boxd.it/1bGpYV,,,,2020-06-07
2020-06-08,Murder Mystery,2019,https://boxd.it/1bMS6l,,,,2020-06-07
2020-06-08,A Month of Sundays,2015,https://boxd.it/1bMStJ,,,,2020-06-07
2020-06-09,At Eternity's Gate,2018,https://boxd.it/1bTMTF,,,,2020-06-08
2020-06-11,The Cabin in the Woods,2011,https://boxd.it/1c1NiV,,Yes,,2020-06-10
2020-06-16,Where We Belong,2019,https://boxd.it/1cDR11,,,,2020-06-15
2020-06-17,The Invention of Lying,2009,https://boxd.it/1cGNBZ,,Yes,,2020-06-16
2020-06-17,Wit,2001,https://boxd.it/1cKMgJ,,Yes,,2020-06-17
2020-06-18,The Big Chill,1983,https://boxd.it/1cLn5X,,Yes,,2020-06-17
2020-06-18,The Big Chill: A Reunion,1999,https://boxd.it/1cLoYz,,,youtube,2020-06-17
2020-06-18,Nashville,1975,https://boxd.it/1cQ2Ab,,Yes,,2020-06-18
2020-06-19,"Farewell, Etaoin Shrdlu",1980,https://boxd.it/1cSPqD,,,archive,2020-06-18
2020-06-22,Private Life,2018,https://boxd.it/1dbELt,,,,2020-06-18
2020-06-20,The Method,2005,https://boxd.it/1cWH1t,,Yes,,2020-06-19
2020-06-20,Exam,2009,https://boxd.it/1cZyop,,Yes,,2020-06-19
2020-06-22,The Giant,2016,https://boxd.it/1daF23,,,,2020-06-20
2020-06-22,Dead Snow,2009,https://boxd.it/1df9tB,,,,2020-06-21
2020-06-25,La Jetée,1962,https://boxd.it/1dszDD,,Yes,,2020-06-24
2020-06-25,Looper,2012,https://boxd.it/1dsUzx,,Yes,,2020-06-24
2020-06-25,Wes Anderson: A Mini Documentary,2013,https://boxd.it/1dx2uj,,,vimeo,2020-06-25
2020-06-26,Chernobyl,2019,https://boxd.it/1dzYz1,,,,2020-06-25
2020-06-27,Interstellar,2014,https://boxd.it/1dGdGt,,Yes,,2020-06-26
2020-06-29,RED,2010,https://boxd.it/1dR6jp,,Yes,,2020-06-27
2020-06-29,RED 2,2013,https://boxd.it/1dR6sL,,Yes,,2020-06-27
2020-06-29,Source Code,2011,https://boxd.it/1dRm6V,,Yes,,2020-06-28
2020-06-29,Pan's Labyrinth,2006,https://boxd.it/1dVoEN,,Yes,,2020-06-29
2020-06-30,Snakes on a Plane,2006,https://boxd.it/1dYxLT,,Yes,,2020-06-29
2020-06-30,Prometheus,2012,https://boxd.it/1e1MMX,,Yes,,2020-06-29
2020-07-01,Predestination,2014,https://boxd.it/1e2v6H,,Yes,,2020-06-30
2020-07-01,Vivarium,2019,https://boxd.it/1e7IWh,,,,2020-06-30
2020-07-02,View from the Top,2003,https://boxd.it/1e8e5f,,,,2020-07-01
2020-07-04,Blue Valentine,2010,https://boxd.it/1epR6Z,,,,2020-07-03
2020-07-05,At the End of the Tunnel,2016,https://boxd.it/1ewtqZ,,,,2020-07-04
2020-07-05,End of the Century,2019,https://boxd.it/1ewtvF,,,,2020-07-04
2020-07-06,Man Bites Dog,1992,https://boxd.it/1eDKyl,,,,2020-07-05
2020-07-07,The Shining,1980,https://boxd.it/1eL39D,,Yes,,2020-07-06
2020-07-07,Room 237,2012,https://boxd.it/1eL3et,,,,2020-07-06
2020-07-09,The Half of It,2020,https://boxd.it/1eX7qn,,,,2020-07-08
2020-07-10,Shot Caller,2017,https://boxd.it/1eY4hf,,,,2020-07-09
2020-07-10,Speak,2004,https://boxd.it/1f2rQl,,,,2020-07-09
2020-07-12,Equals,2015,https://boxd.it/1fhni5,,,,2020-07-11
2020-07-14,Marlina the Murderer in Four Acts,2017,https://boxd.it/1fsV5V,,,,2020-07-12
2020-07-14,Snitch,2013,https://boxd.it/1fsRef,,,,2020-07-13
2020-07-14,Man on the Roof,1976,https://boxd.it/1fvgjN,,,,2020-07-13
2020-07-14,Tomboy,2011,https://boxd.it/1fwdpv,,,,2020-07-14
2020-07-14,Pauline,2009,https://boxd.it/1fwe9N,,,youtube,2020-07-14
2020-07-17,A Man Escaped,1956,https://boxd.it/1fJ9WB,,Yes,,2020-07-15
2020-07-21,Blindspotting,2018,https://boxd.it/1geLzH,,,,2020-07-20
2020-07-21,Ophelia,2018,https://boxd.it/1geLSp,,,,2020-07-20
2020-07-21,Samsara,2011,https://boxd.it/1gfnv9,,,,2020-07-21
2020-07-22,Aniara,2018,https://boxd.it/1gkNfL,,,,2020-07-21
2020-07-23,Scarborough,2018,https://boxd.it/1grrhT,,,,2020-07-22
2020-07-25,Woman in the Dunes,1964,https://boxd.it/1gDcNJ,,,,2020-07-24
2020-07-26,Undertow,2004,https://boxd.it/1gK3MB,,,,2020-07-25
2020-07-27,A Man Called Ove,2015,https://boxd.it/1gRGzZ,,,,2020-07-26
2020-07-29,Investigation of a Citizen Above Suspicion,1970,https://boxd.it/1h4571,,,,2020-07-28
2020-07-29,Investigation of a Citizen Above Suspicion,1970,https://boxd.it/1h45rv,,,,2020-07-28
2020-07-31,No Man's Land,2001,https://boxd.it/1hfInJ,,,,2020-07-30
2020-07-31,On My Skin,2018,https://boxd.it/1hfIBr,,,,2020-07-30
2020-08-04,Marjorie Prime,2017,https://boxd.it/1hFGQr,,,,2020-08-03
2020-08-06,Cluny Brown,1946,https://boxd.it/1hNaVP,,,,2020-08-04
2020-08-07,The Lovers,2017,https://boxd.it/1hVbbp,,,,2020-08-06
2020-08-09,Mermaids,1990,https://boxd.it/1i6LWN,,Yes,,2020-08-07
2020-08-09,The Unknown Singer,1931,https://boxd.it/1ibAXl,,,,2020-08-08
2020-08-09,Porno,2019,https://boxd.it/1ibB2b,,,,2020-08-08
2020-08-10,The Trip to Greece,2020,https://boxd.it/1ifbtD,,,,2020-08-09
2020-08-11,Blue Spring,2001,https://boxd.it/1ipbgf,,,,2020-08-10
2020-08-12,Zombieland,2009,https://boxd.it/1ivRsp,,,,2020-08-11
2020-08-12,Zombieland: Double Tap,2019,https://boxd.it/1ivRTv,,,,2020-08-11
2020-08-13,"Yes, God, Yes",2019,https://boxd.it/1iwW61,,,,2020-08-12
2020-08-17,The Old Guard,2020,https://boxd.it/1iW1u3,,,,2020-08-13
2020-08-19,Greyhound,2020,https://boxd.it/1jcL7h,,,,2020-08-14
2020-08-17,Dating Amber,2020,https://boxd.it/1iW1CV,,,,2020-08-15
2020-08-17,Late Night,2019,https://boxd.it/1iW1HB,,,,2020-08-15
2020-08-18,The Overnight,2015,https://boxd.it/1j9m3t,,,,2020-08-17
2020-08-18,Long Shot,2019,https://boxd.it/1j9mTJ,,,,2020-08-17
2020-08-19,Ghosts of Girlfriends Past,2009,https://boxd.it/1jcA7v,,,,2020-08-18
2020-08-19,Stalker,1979,https://boxd.it/1jcAld,,Yes,,2020-08-18
2020-08-20,The Fool,2014,https://boxd.it/1ji8GJ,,,,2020-08-19
2020-08-20,13 Going on 30,2004,https://boxd.it/1ji8S1,,,,2020-08-19
2020-08-20,12 Chairs,1971,https://boxd.it/1jkYbn,,,,2020-08-20
2020-08-21,The Idiot,2011,https://boxd.it/1jmz1B,,,,2020-08-20
2020-08-22,The Two Popes,2019,https://boxd.it/1jw1ap,,,,2020-08-20
2020-08-22,Greed,2019,https://boxd.it/1jw1gx,,,,2020-08-21
2020-08-23,Popstar: Never Stop Never Stopping,2016,https://boxd.it/1jD64v,,,,2020-08-22
2020-08-23,Eurovision Song Contest: The Story of Fire Saga,2020,https://boxd.it/1jD69b,,,,2020-08-22
2020-08-24,The First Deadly Sin,1980,https://boxd.it/1jEQCv,,,,2020-08-23
2020-08-24,Babyteeth,2019,https://boxd.it/1jHTM5,,,,2020-08-23
2020-08-24,Buffaloed,2019,https://boxd.it/1jHTRT,,,,2020-08-23
2020-08-25,Give Me Liberty,2019,https://boxd.it/1jRb3Z,,,,2020-08-24
2020-08-25,Guest of Honour,2019,https://boxd.it/1jRb9X,,,,2020-08-24
2020-08-26,Madison,2001,https://boxd.it/1jWvxP,,,,2020-08-25
2020-08-26,Ready or Not,2019,https://boxd.it/1jWvSD,,,,2020-08-25
2020-08-27,"Night Is Short, Walk On Girl",2017,https://boxd.it/1k3axj,,,,2020-08-26
2020-08-27,Tehran Taboo,2017,https://boxd.it/1k3aN7,,,,2020-08-26
2020-08-28,Waltz with Bashir,2008,https://boxd.it/1k9ny7,,,,2020-08-27
2020-08-28,Merci Bocuse,2019,https://boxd.it/1k9nDr,,,,2020-08-27
2020-08-29,Bad Education,2019,https://boxd.it/1kfNOx,,,,2020-08-28
2020-08-29,Dreams with Sharp Teeth,2008,https://boxd.it/1kfO3x,,,,2020-08-28
2020-08-30,Around the Sun,2019,https://boxd.it/1khu9J,,,,2020-08-29
2020-08-30,Things You Can Tell Just by Looking at Her,2000,https://boxd.it/1knid7,,,,2020-08-29
2020-08-30,The Dirt,2019,https://boxd.it/1knihX,,,,2020-08-29
2020-08-31,This Changes Everything,2018,https://boxd.it/1kuYqL,,,,2020-08-30
2020-08-31,Triple Frontier,2019,https://boxd.it/1kvRcf,,,,2020-08-31
2020-09-01,The Spirit of the Beehive,1973,https://boxd.it/1kvZa7,,,,2020-08-31
2020-11-03,Beats,2019,https://boxd.it/1rk6un,,,,2020-09-01
2020-09-11,The Weather Man,2005,https://boxd.it/1lEBxj,,Yes,tv,2020-09-05
2020-09-11,Pretty Woman,1990,https://boxd.it/1lEBAd,,Yes,,2020-09-06
2020-09-11,Deadpool,2016,https://boxd.it/1lEBDV,,Yes,tv,2020-09-10
2020-09-11,Our Brand Is Crisis,2015,https://boxd.it/1lEBJp,,Yes,tv,2020-09-10
2020-09-13,Einstein,2008,https://boxd.it/1lS1H1,,,tv,2020-09-12
2020-09-13,The Tourist,2010,https://boxd.it/1lS1QR,,,tv,2020-09-12
2020-09-13,The Good Shepherd,2006,https://boxd.it/1lS1ZT,,Yes,tv,2020-09-12
2020-09-14,Philadelphia,1993,https://boxd.it/1lZoKL,,Yes,tv,2020-09-13
2020-09-14,The Book of Eli,2010,https://boxd.it/1lZoSZ,,,tv,2020-09-13
2020-09-15,Parker,2013,https://boxd.it/1m6w43,,Yes,tv,2020-09-14
2020-09-15,Callas Forever,2002,https://boxd.it/1m6Aj7,,Yes,tv,2020-09-14
2020-10-01,The Joy of Data,2016,https://boxd.it/1nEe0z,,,,2020-09-30
2020-10-04,Greed,2019,https://boxd.it/1nWsKx,,Yes,,2020-10-03
2020-10-04,The Big Sick,2017,https://boxd.it/1o1f4N,,,,2020-10-03
2020-10-06,The Social Dilemma,2020,https://boxd.it/1oa3Zb,,,,2020-10-04
2020-10-06,People You May Know,2020,https://boxd.it/1oa44F,,,,2020-10-04
2020-10-09,Working Man,2019,https://boxd.it/1ouDWd,,,,2020-10-07
2020-10-09,Permissive,1970,https://boxd.it/1oy5Ex,,,,2020-10-08
2020-10-09,White Lie,2019,https://boxd.it/1oy5Kl,,,,2020-10-08
2020-10-12,Death by Potato,2016,https://boxd.it/1oUl1F,,,,2020-10-11
2020-10-12,An Easy Girl,2019,https://boxd.it/1oUlkx,,,,2020-10-11
2020-11-02,Citizen Ruth,1996,https://boxd.it/1riE4J,,,,2020-11-01
2020-11-02,Claire's Camera,2017,https://boxd.it/1riEcN,,,,2020-11-01
2020-11-02,Paris Je T'aime,2006,https://boxd.it/1rj7zr,,,vimeo,2020-11-02
2020-11-06,The Bit Player,2018,https://boxd.it/1rDIP7,,,,2020-11-05
2020-11-07,A Rainy Day in New York,2019,https://boxd.it/1rJ77T,,,,2020-11-06
2020-11-08,Distance,2001,https://boxd.it/1rR06l,,,,2020-11-07
2020-11-14,Maborosi,1995,https://boxd.it/1ssEq5,,,,2020-11-13
2020-11-14,Shoplifters,2018,https://boxd.it/1ssEzh,,,,2020-11-13
2020-11-16,The Third Murder,2017,https://boxd.it/1sCj35,,,,2020-11-14
2020-11-18,Still Walking,2008,https://boxd.it/1sSuvB,,,,2020-11-17
2020-11-21,Still Walking,2008,https://boxd.it/1t6EYB,,Yes,,2020-11-20
2020-11-22,After the Storm,2016,https://boxd.it/1tcx2H,,,,2020-11-21
2020-11-22,"Like Father, Like Son",2013,https://boxd.it/1tehDr,,,,2020-11-21
2020-11-26,Hannah Takes the Stairs,2007,https://boxd.it/1tIqQT,,,,2020-11-25
2020-11-27,Mysterious Skin,2004,https://boxd.it/1tJHRh,,,,2020-11-26
2020-11-27,Win It All,2017,https://boxd.it/1tOrlT,,,,2020-11-26
2020-11-28,David Byrne's American Utopia,2020,https://boxd.it/1tW9Ll,,,,2020-11-27
2020-11-29,Barry Lyndon,1975,https://boxd.it/1tYBGn,,Yes,,2020-11-28
2020-11-29,Official Secrets,2019,https://boxd.it/1u4zZz,,,,2020-11-28
2020-11-30,Greenland,2020,https://boxd.it/1uczrj,,,,2020-11-29
2020-12-01,The Cremator,1969,https://boxd.it/1ujreZ,,,,2020-11-30
2020-12-01,Gringo: The Dangerous Life of John McAfee,2016,https://boxd.it/1ujrCn,,,,2020-11-30
2020-12-02,Target Number One,2020,https://boxd.it/1upLU9,,,,2020-12-01
2020-12-06,Loving Vincent,2017,https://boxd.it/1uNLT9,,,,2020-12-05
2020-12-07,On the Rocks,2020,https://boxd.it/1v05hD,,,,2020-12-06
2020-12-10,The Laundromat,2019,https://boxd.it/1vecGj,,,,2020-12-08
2020-12-10,Nude,2010,https://boxd.it/1ved1V,,,,2020-12-08
2020-12-13,At Eternity's Gate,2018,https://boxd.it/1vyTvX,,Yes,,2020-12-12
2020-12-13,Mank,2020,https://boxd.it/1vDxgh,,,,2020-12-12
2020-12-13,Love Meetings,1964,https://boxd.it/1vDG2D,,,,2020-12-12
2020-12-14,Hamilton,2020,https://boxd.it/1vIbTh,,,,2020-12-13
2020-12-15,Minor Premise,2020,https://boxd.it/1vS6G3,,,,2020-12-14
2020-12-16,Tenet,2020,https://boxd.it/1vYiPD,,,,2020-12-15
2020-12-16,Quay,2015,https://boxd.it/1vYjFz,,,,2020-12-16
2020-12-17,Win Win,2011,https://boxd.it/1w4mdl,,,,2020-12-16
2020-12-17,Every Brilliant Thing,2016,https://boxd.it/1w4moN,,,,2020-12-16
2020-12-17,Scrooge,1970,https://boxd.it/1w4K9n,,,youtube,2020-12-17
2020-12-18,Twixt,2011,https://boxd.it/1waWoB,,,,2020-12-17
2020-12-19,Your Name.,2016,https://boxd.it/1wen8V,,,,2020-12-18
2020-12-21,The Day Shall Come,2019,https://boxd.it/1wyuKd,,,,2020-12-20
2020-12-21,Rebuilding Paradise,2020,https://boxd.it/1wyvdT,,,,2020-12-20
2020-12-23,Straight Up,2019,https://boxd.it/1wOvSJ,,,,2020-12-22
2020-12-25,Peter Pan Goes Wrong,2016,https://boxd.it/1wXVej,,Yes,youtube,2020-12-24
2020-12-28,Bring Me an Avocado,2019,https://boxd.it/1xsvkd,,,,2020-12-26
2020-12-28,A Family Thing,1996,https://boxd.it/1xEe5z,,,,2020-12-27
2020-12-28,Extracted,2012,https://boxd.it/1xEekJ,,,,2020-12-27
2020-12-29,Romance & Cigarettes,2005,https://boxd.it/1xPvzj,,,,2020-12-28
2020-12-30,QT8: The First Eight,2019,https://boxd.it/1xR6dB,,,,2020-12-29
2020-12-30,Noises Off...,1992,https://boxd.it/1xYXXL,,Yes,,2020-12-29
2020-12-30,Girlfriends,1978,https://boxd.it/1xYY4H,,,,2020-12-29
2021-01-03,Once Upon a Time... in Hollywood,2019,https://boxd.it/1yLuN1,,,,2021-01-02
2021-01-04,The Taking of Pelham 1 2 3,2009,https://boxd.it/1yYeU7,,,,2021-01-03
2021-01-04,The Taking of Pelham One Two Three,1974,https://boxd.it/1yYeZr,,Yes,,2021-01-03
2021-01-06,One Cut of the Dead,2017,https://boxd.it/1zhT2t,,,,2021-01-05
2021-01-06,Palm Springs,2020,https://boxd.it/1zhUsx,,,,2021-01-05
2021-01-08,The Man Who Fell to Earth,1976,https://boxd.it/1zueAF,,Yes,,2021-01-07
2021-01-09,Death to 2020,2020,https://boxd.it/1zH4T9,,,,2021-01-08
2021-01-10,Contact,1997,https://boxd.it/1zLMmV,,Yes,,2021-01-09
2021-01-11,Y Tu Mamá También,2001,https://boxd.it/1zYjJR,,,,2021-01-10
2021-01-11,Soul,2020,https://boxd.it/1zYkat,,,,2021-01-10
2021-01-12,Dead,2020,https://boxd.it/1A3oXz,,,,2021-01-10
2021-01-13,Contagion,2011,https://boxd.it/1AbU5F,,Yes,,2021-01-11
2021-01-13,Water Lilies,2007,https://boxd.it/1AbUbN,,,,2021-01-11
2021-01-13,The Donut King,2020,https://boxd.it/1Alr6J,,,,2021-01-12
2021-01-14,Bombshell,2019,https://boxd.it/1AvRgZ,,,,2021-01-13
2021-01-17,The Personal History of David Copperfield,2019,https://boxd.it/1AVuF5,,,,2021-01-16
2021-01-17,I'm Thinking of Ending Things,2020,https://boxd.it/1AZJNL,,,,2021-01-16
2021-01-18,Going Postal,2010,https://boxd.it/1Bb38Z,,,,2021-01-17
2021-01-19,A Sense of History,1992,https://boxd.it/1Bf3qR,,,youtube,2021-01-18
2021-01-21,Bill Bailey: Dandelion Mind,2010,https://boxd.it/1BwnDZ,,,,2021-01-19
2021-01-22,Prozac Nation,2001,https://boxd.it/1BISvh,,,,2021-01-21
2021-01-25,Digging for Fire,2015,https://boxd.it/1CcjlL,,,,2021-01-24
2021-01-27,Tops,1969,https://boxd.it/1ClfXz,,,youtube,2021-01-25
2021-01-27,Becoming,2018,https://boxd.it/1ClfJd,,,online,2021-01-26
2021-01-27,Psychomagic: A Healing Art,2019,https://boxd.it/1Cpmb1,,,,2021-01-26
2021-01-27,I Am Greta,2020,https://boxd.it/1CsHcF,,,,2021-01-26
2021-02-02,Where the Wild Things Are,2009,https://boxd.it/1DcLkl,,,,2021-01-28
2021-01-30,Love Exposure,2008,https://boxd.it/1CPVh1,,,,2021-01-29
2021-02-01,Never-Ending Man: Hayao Miyazaki,2016,https://boxd.it/1DbBu9,,,,2021-01-31
2021-02-04,Toys Are Not for Children,1972,https://boxd.it/1DAlB9,,,,2021-02-03
2021-02-09,Camera Store,2016,https://boxd.it/1EjyPN,,,,2021-02-08
2021-02-09,Hair High,2004,https://boxd.it/1EjySR,,,,2021-02-08
2021-02-10,Forgetting Sarah Marshall,2008,https://boxd.it/1EmK6V,,,,2021-02-09
2021-02-11,Gerorist,1986,https://boxd.it/1ErDkB,,,vimeo,2021-02-10
2021-02-12,The Art Idol Koe-chan's Challenge! Transformation Land,2004,https://boxd.it/1EyNt3,,,,2021-02-11
2021-02-13,Sunny,2011,https://boxd.it/1EObl3,,,,2021-02-12
2021-02-15,Ronaldo,2010,https://boxd.it/1F4l1f,,,vimeo,2021-02-14
2021-02-15,Seberg,2019,https://boxd.it/1Fb8cN,,,,2021-02-14
2021-02-15,Stopping Traffic: The Movement to End Sex Trafficking,2017,https://boxd.it/1Fb8U1,,,,2021-02-14
2021-02-15,The Punch Bowl,1944,https://boxd.it/1FbyKL,,,tv,2021-02-14
2021-02-17,The Fitzroy,2016,https://boxd.it/1FsRhR,,,,2021-02-16
2021-02-19,Center of My World,2016,https://boxd.it/1FGAEx,,,,2021-02-18
2021-03-06,The Family Fang,2015,https://boxd.it/1HIWOr,,,,2021-03-05
2021-03-07,Tesla,2020,https://boxd.it/1HSJ59,,,,2021-03-06
2021-03-07,The Beguiled,2017,https://boxd.it/1HSJsn,,Yes,,2021-03-06
2021-03-12,Porn Theatre,2002,https://boxd.it/1ItC7L,,,,2021-03-11
2021-03-14,A Severed Head,1971,https://boxd.it/1IQo6l,,,,2021-03-13
2021-03-16,Bird Box,2018,https://boxd.it/1J1h8V,,,,2021-03-14
2021-03-16,The Spider's Web: Britain's Second Empire,2017,https://boxd.it/1J1yIV,,,youtube,2021-03-15
2021-03-19,Barren Trees,2018,https://boxd.it/1JvKF5,,,,2021-03-18
2021-03-19,Kick-Ass,2010,https://boxd.it/1JvKKp,,,,2021-03-18
2021-03-19,Kick-Ass 2,2013,https://boxd.it/1JvKN9,,,,2021-03-18
2021-03-20,Looking for Eric,2009,https://boxd.it/1JADET,,,,2021-03-19
2021-03-20,Hotel Artemis,2018,https://boxd.it/1JDYQ3,,,,2021-03-19
2021-03-20,Fourplay,2018,https://boxd.it/1JDZ29,,,,2021-03-19
2021-03-26,The Circle,2017,https://boxd.it/1KsOcJ,,,,2021-03-25
2021-03-28,The Danish Girl,2015,https://boxd.it/1KKU0l,,,,2021-03-27
2021-03-28,The Mechanic,2011,https://boxd.it/1KKUaP,,,,2021-03-27
2021-03-29,Extracurricular,2018,https://boxd.it/1KVnHj,,,,2021-03-28
2021-03-30,Extra Ordinary,2019,https://boxd.it/1L2DrP,,,,2021-03-29
2021-03-31,Robin's Wish,2020,https://boxd.it/1L9DTN,,,,2021-03-30
2021-04-01,Reckless,2013,https://boxd.it/1LaUeT,,,,2021-03-31
2021-04-01,The Last Laugh,2016,https://boxd.it/1LdGSh,,Yes,,2021-03-31
2021-04-02,Get Low,2009,https://boxd.it/1Lrx1L,,,,2021-04-01
2021-04-03,Mindscape,1976,https://boxd.it/1Ly51d,,,,2021-04-02
2021-04-03,Zig Zag,1996,https://boxd.it/1Ly6np,,,,2021-04-02
2021-04-03,The Heart of the World,2000,https://boxd.it/1Ly7q5,,,,2021-04-02
2021-04-03,Send Me to the 'Lectric Chair,2009,https://boxd.it/1Lya71,,,,2021-04-02
2021-04-04,This Magnificent Cake!,2018,https://boxd.it/1LDCiV,,,,2021-04-03
2021-04-04,Last Ferry,2019,https://boxd.it/1LE1gZ,,,,2021-04-03
2021-04-04,Die Prinzessin von St. Wolfgang,1957,https://boxd.it/1LHLJ5,,,tv,2021-04-03
2021-04-04,Portrait of a Lady on Fire,2019,https://boxd.it/1LLEEb,,,,2021-04-03
2021-04-04,Vincent,1982,https://boxd.it/1LLHbh,,,youtube,2021-04-04
2021-04-04,Glass,1958,https://boxd.it/1LMhmv,,,youtube,2021-04-04
2021-04-05,Brain Dead,1987,https://boxd.it/1LSUk1,,,,2021-04-04
2021-04-05,Premonitions Following an Evil Deed,1995,https://boxd.it/1LSVzh,,,youtube,2021-04-04
2021-04-05,Ryan,2004,https://boxd.it/1LT1Sz,,,youtube,2021-04-04
2021-04-05,Walking,1968,https://boxd.it/1LT2hT,,,youtube,2021-04-04
2021-04-05,Subconscious Password,2013,https://boxd.it/1LT6sV,,,youtube,2021-04-04
2021-04-05,Quest,1996,https://boxd.it/1LTdLF,,,youtube,2021-04-04
2021-04-05,Manoman,2015,https://boxd.it/1LTf81,,,youtube,2021-04-04
2021-04-06,Helmut Newton: The Bad and the Beautiful,2020,https://boxd.it/1M62Dr,,,,2021-04-05
2021-04-07,Acres and Acres,2019,https://boxd.it/1MdHT5,,,,2021-04-06
2021-04-07,Mum's List,2016,https://boxd.it/1MdHZd,,,,2021-04-06
2021-04-08,Ars colonia,2011,https://boxd.it/1MiWdN,,,youtube,2021-04-07
2021-04-09,Brooklyn,2015,https://boxd.it/1Mn5xb,,,,2021-04-07
2021-04-09,Murder,1957,https://boxd.it/1Mn91t,,,youtube,2021-04-08
2021-04-09,Demolishing and Building Up the Star Theatre,1901,https://boxd.it/1Mn9lD,,,youtube,2021-04-08
2021-04-09,Batman Beyond,2014,https://boxd.it/1MnaeD,,,youtube,2021-04-08
2021-04-09,Don't,2007,https://boxd.it/1Mo7aP,,,youtube,2021-04-08
2021-04-09,Mical,2020,https://boxd.it/1ModzV,,,youtube,2021-04-08
2021-04-09,The Letter Room,2020,https://boxd.it/1Mute7,,,,2021-04-09
2021-04-09,Ticky Tacky,2014,https://boxd.it/1MuvKJ,,,vimeo,2021-04-09
2021-04-10,Lightningface,2016,https://boxd.it/1MvsyR,,,vimeo,2021-04-09
2021-04-10,Two Strangers Who Meet Five Times,2018,https://boxd.it/1MxlI5,,,youtube,2021-04-09
2021-04-10,2ⁿ: A Story of the Power of Numbers,1961,https://boxd.it/1Mxxpf,,,youtube,2021-04-09
2021-04-10,Dots,1940,https://boxd.it/1MxyBr,,,youtube,2021-04-09
2021-04-10,The Wizard of Speed and Time,1979,https://boxd.it/1Mxzrd,,,youtube,2021-04-09
2021-04-10,One-Minute Time Machine,2014,https://boxd.it/1MxDq9,,,youtube,2021-04-09
2021-04-10,The Day After,1983,https://boxd.it/1MxO1f,,,youtube,2021-04-09
2021-04-11,41,2012,https://boxd.it/1MFIUT,,,youtube,2021-04-10
2021-04-11,Capricorn One,1977,https://boxd.it/1MGdAZ,,Yes,youtube,2021-04-10
2021-04-11,Barbarians at the Gate,1993,https://boxd.it/1MHtmL,,,youtube,2021-04-10
2021-04-11,Lie Detector,2011,https://boxd.it/1MIOe1,,,youtube,2021-04-10
2021-04-11,Alternative Math,2017,https://boxd.it/1MIWsv,,,youtube,2021-04-10
2021-04-11,Shadowed,2020,https://boxd.it/1MJerZ,,,youtube,2021-04-10
2021-04-11,Clockwatchers,1997,https://boxd.it/1MNvCN,,,,2021-04-10
2021-04-11,Sugar Daddy,2020,https://boxd.it/1MNwh7,,,,2021-04-10
2021-04-12,Eric Hobsbawm: The Consolations of History,2021,https://boxd.it/1MRSpb,,,youtube,2021-04-11
2021-04-12,Godzilla vs. Kong,2021,https://boxd.it/1MY4Tf,,,,2021-04-11
2021-04-14,Colour Me Kubrick,2005,https://boxd.it/1N9vzX,,,,2021-04-12
2021-04-14,Hidden Figures,2016,https://boxd.it/1N9waf,,,,2021-04-12
2021-04-14,"Hello, Again",2014,https://boxd.it/1Nc2AD,,,youtube,2021-04-13
2021-04-15,The Paper Boy,2015,https://boxd.it/1NiTuv,,,youtube,2021-04-14
2021-04-15,Hysterical,2021,https://boxd.it/1Nn0pv,,,,2021-04-14
2021-04-17,The Room,2019,https://boxd.it/1NAeqj,,,,2021-04-16
2021-04-18,The Holy Mountain,1973,https://boxd.it/1NOce9,,,,2021-04-17
2021-04-19,L'Observateur,2019,https://boxd.it/1NQ5Vp,,,youtube,2021-04-18
2021-04-19,Waiting,2020,https://boxd.it/1NQ7x5,,,youtube,2021-04-18
2021-04-19,Rifkin’s Festival,2020,https://boxd.it/1NUPll,,,,2021-04-18
2021-04-19,Travelling Salesman,2012,https://boxd.it/1NZ0Dt,,,,2021-04-18
2021-04-22,Big Hit,2012,https://boxd.it/1OiMAl,,,youtube,2021-04-21
2021-04-27,WeWork: or The Making and Breaking of a $47 Billion Unicorn,2021,https://boxd.it/1P8Nj5,,,,2021-04-26
2021-04-28,Fantail,2013,https://boxd.it/1PhCdD,,,,2021-04-27
2021-04-28,X,2019,https://boxd.it/1PhCwv,,,,2021-04-27
2021-05-02,One Night at McCool's,2001,https://boxd.it/1PFuZd,,,,2021-04-30
2021-05-02,Igby Goes Down,2002,https://boxd.it/1PFxbb,,,,2021-04-30
2021-05-02,Faces of Deceit,2018,https://boxd.it/1PNTSR,,,,2021-05-01
2021-05-02,California Suite,1978,https://boxd.it/1PNU4X,,,,2021-05-01
2021-05-06,Menorca,2016,https://boxd.it/1QixZ9,,,,2021-05-05
2021-05-06,The Jerk,1979,https://boxd.it/1QkDE1,,,,2021-05-05
2021-05-10,Nimic,2019,https://boxd.it/1QRKYj,,,,2021-05-09
2021-05-10,The Human Voice,2020,https://boxd.it/1QRLkf,,,,2021-05-09
2021-05-10,National Theatre Live: Fleabag,2019,https://boxd.it/1QVmux,,,,2021-05-10
2021-05-11,Sincerely Louis C.K.,2020,https://boxd.it/1R2tIv,,,,2021-05-10
2021-05-16,Ask Me Anything,2014,https://boxd.it/1RHwvB,,,,2021-05-15
2021-05-16,PolyLove,2019,https://boxd.it/1RHyfv,,,,2021-05-15
2021-05-18,Last and First Men,2020,https://boxd.it/1RSUld,,,,2021-05-17
2021-05-18,Sir Alex Ferguson: Never Give In,2021,https://boxd.it/1RVPxT,,,,2021-05-17
2021-05-18,Voyagers,2021,https://boxd.it/1RZfdV,,,,2021-05-17
2021-05-24,The Dirties,2013,https://boxd.it/1SLWAp,,,,2021-05-23
2021-05-25,Kitbull,2019,https://boxd.it/1SPJSN,,,,2021-05-24
2021-05-25,Party with Me,2021,https://boxd.it/1SR26b,,,,2021-05-24
2021-05-28,Sibyl,2019,https://boxd.it/1TdjAh,,,,2021-05-27
2021-05-28,Mystery Men,1999,https://boxd.it/1TdjON,,,,2021-05-27
2021-05-30,The Family Stone,2005,https://boxd.it/1TtC4V,,,,2021-05-29
2021-05-31,I Don't Want to Be a Man,1918,https://boxd.it/1TywsR,,,,2021-05-30
2021-05-31,Framing Britney Spears,2021,https://boxd.it/1TB5Xz,,,,2021-05-30
2021-06-01,The Blade Runner Phenomenon,2021,https://boxd.it/1TKyfp,,,youtube,2021-05-31
2021-06-01,The Shipment,2018,https://boxd.it/1TKTJl,,,youtube,2021-05-31
2021-06-06,Genius Factory,2017,https://boxd.it/1UqXv7,,,,2021-06-02
2021-06-04,Zack Snyder's Justice League,2021,https://boxd.it/1UdXmN,,,,2021-06-03
2021-06-04,The Last Word,2008,https://boxd.it/1UdZS7,,,,2021-06-03
2021-06-06,The House That Jack Built,2018,https://boxd.it/1UoTOl,,,,2021-06-05
2021-06-06,The Courier,2020,https://boxd.it/1UvQbf,,,,2021-06-05
2021-06-06,Summerland,2020,https://boxd.it/1UvQoN,,,,2021-06-05
2021-06-06,Leading Lady Parts,2018,https://boxd.it/1UvV5r,,,youtube,2021-06-06
2021-06-08,Going in Style,2017,https://boxd.it/1UKB7n,,,,2021-06-07
2021-06-08,In the Time It Takes to Get There,2019,https://boxd.it/1UKERX,,,youtube,2021-06-07
2021-06-10,All the Sins of Sodom,1968,https://boxd.it/1V3Ax3,,,,2021-06-10
2021-06-13,Proxima,2019,https://boxd.it/1VpEtj,,,,2021-06-12
2021-06-14,Four Good Days,2020,https://boxd.it/1Vykxj,,,,2021-06-13
2021-06-15,Love Steaks,2013,https://boxd.it/1VG21b,,,,2021-06-14
2021-06-15,Land,2021,https://boxd.it/1VG25R,,,,2021-06-14
2021-06-16,The Dark of Night,2017,https://boxd.it/1VK6pz,,,youtube,2021-06-15
2021-06-19,Black Eagles,2021,https://boxd.it/1W5YTv,,,tv,2021-06-18
2021-06-19,Only People,2018,https://boxd.it/1W5Zjj,,,,2021-06-18
2021-06-20,On Body and Soul,2017,https://boxd.it/1WgMOZ,,,,2021-06-19
2021-06-21,Micro Men,2009,https://boxd.it/1Winup,,,,2021-06-20
2021-06-22,Tetsuo: The Iron Man,1989,https://boxd.it/1WyJ59,,,,2021-06-21
2021-06-22,What Happened Was...,1994,https://boxd.it/1WyKWj,,,,2021-06-21
2021-06-23,The Forbidden Room,2015,https://boxd.it/1WCF1l,,,,2021-06-22
2021-06-23,Heroic Purgatory,1970,https://boxd.it/1WCIHz,,,,2021-06-22
2021-06-26,Female Beautician Rope Discipline,1981,https://boxd.it/1WVxe5,,,,2021-06-25
2021-06-26,Looking for Athènes,2013,https://boxd.it/1WYENn,,,youtube,2021-06-25
2021-06-27,Dogs Don't Wear Pants,2019,https://boxd.it/1XaFPX,,,,2021-06-26
2021-06-27,Climax,2018,https://boxd.it/1XaGdF,,,,2021-06-26
2021-06-27,The Weekend Fix,2020,https://boxd.it/1XaGiF,,,,2021-06-26
2021-06-29,Ant-Man and the Wasp,2018,https://boxd.it/1XrMmx,,,,2021-06-28
2021-06-29,Isle of Dogs,2018,https://boxd.it/1XrMsl,,,,2021-06-28
2021-06-29,Do You Like to Read?,2012,https://boxd.it/1XsJYZ,,,youtube,2021-06-29
2021-06-30,Dead Right,1993,https://boxd.it/1Xt3ul,,,youtube,2021-06-29
2021-07-02,The Butcher,1970,https://boxd.it/1XORv1,,,,2021-07-01
2021-07-04,Raising Buchanan,2019,https://boxd.it/1Y7pgl,,,,2021-07-03
2021-07-04,The Flaw,2011,https://boxd.it/1Y7pER,,,,2021-07-03
2021-07-05,Neighbours,1952,https://boxd.it/1YbY5v,,,,2021-07-04
2021-07-05,La Collectionneuse,1967,https://boxd.it/1YhzIf,,,,2021-07-04
2021-07-07,Friendship's Death,1987,https://boxd.it/1YAfRT,,,,2021-07-05
2021-07-07,Little Sister,2016,https://boxd.it/1YAfYv,,,,2021-07-06
2021-07-08,The Indian Runner,1991,https://boxd.it/1YIxNr,,,,2021-07-07
2021-07-14,Alternative 3,1977,https://boxd.it/1ZyB7t,,,youtube,2021-07-13
2021-07-15,The Pledge,2001,https://boxd.it/1ZDVFl,,,,2021-07-14
2021-07-17,Score,1973,https://boxd.it/2047dP,,,,2021-07-16
2021-07-17,Sisters,1972,https://boxd.it/204dCV,,,,2021-07-16
2021-07-18,Luca,2021,https://boxd.it/209VJh,,,,2021-07-17
2021-07-18,No Sudden Move,2021,https://boxd.it/20er9X,,,,2021-07-17
2021-07-18,Under the Tuscan Sun,2003,https://boxd.it/20erhd,,,,2021-07-17
2021-07-19,Hitman's Wife's Bodyguard,2021,https://boxd.it/20pQcz,,,,2021-07-18
2021-07-19,Monty Python: Almost the Truth (The Lawyer's Cut),2009,https://boxd.it/20pQC3,,,,2021-07-18
2021-07-20,A Master Builder,2013,https://boxd.it/20yNel,,,,2021-07-19
2021-07-21,Pink Floyd: The Story of Wish You Were Here,2012,https://boxd.it/20EXzP,,,,2021-07-20
2021-07-23,Death on the Tyne,2018,https://boxd.it/20T8M9,,,,2021-07-21
2021-07-23,Riverdance 25th Anniversary Show,2020,https://boxd.it/20XFNR,,,,2021-07-22
2021-07-24,XXY,2007,https://boxd.it/213ugp,,,,2021-07-23
2021-07-24,Black Widow,2021,https://boxd.it/217D7f,,,,2021-07-23
2021-07-25,Alfie,1966,https://boxd.it/21h3mN,,,,2021-07-24
2021-07-26,The Father,2020,https://boxd.it/21lRcL,,,,2021-07-25
2021-07-26,Pig,2021,https://boxd.it/21rxX5,,,,2021-07-25
2021-07-26,Materna,2020,https://boxd.it/21ryf9,,,,2021-07-25
2021-07-27,The Human Voice,2020,https://boxd.it/21AqgV,,Yes,,2021-07-26
2021-07-30,Running on Empty,1988,https://boxd.it/21TAuV,,,,2021-07-28
2021-07-31,The Hunt,2020,https://boxd.it/222WmH,,,,2021-07-30
2021-07-31,Disobedience,2017,https://boxd.it/228plj,,,,2021-07-30
2021-07-31,Love Crime,2010,https://boxd.it/228qAp,,,,2021-07-30
2021-08-01,Cruella,2021,https://boxd.it/22hUeL,,,,2021-07-31
2021-08-02,Torment,1994,https://boxd.it/22rVWf,,,,2021-08-01
2021-08-05,Hilary and Jackie,1998,https://boxd.it/22SdT1,,,,2021-08-04
2021-08-10,The Duke,2020,https://boxd.it/23zaBp,,,,2021-08-07
2021-08-10,Grace Jones: Bloodlight and Bami,2017,https://boxd.it/23zb1H,,Yes,tv,2021-08-07
2021-08-10,Purl,2018,https://boxd.it/23zbG1,,,,2021-08-08
2021-08-10,Loop,2020,https://boxd.it/23zcmr,,,,2021-08-08
2021-08-10,The Sparks Brothers,2021,https://boxd.it/23zcL7,,,,2021-08-08
2021-08-12,Let Them All Talk,2020,https://boxd.it/23UyMt,,,,2021-08-11
2021-08-16,Redbelt,2008,https://boxd.it/24v7yX,,,,2021-08-15
2021-08-22,Now You See Me,2013,https://boxd.it/25fJTB,,Yes,tv,2021-08-21
2021-08-22,Star Wars: Episode II – Attack of the Clones,2002,https://boxd.it/25gOeb,,Yes,tv,2021-08-21
2021-08-22,Life of Pi,2012,https://boxd.it/25gP5J,,Yes,tv,2021-08-21
2021-08-22,Made of Honor,2008,https://boxd.it/25gPMD,,,tv,2021-08-21
2021-08-22,Marauders,2016,https://boxd.it/25h0cL,,,tv,2021-08-21
2021-08-22,Men in Black,1997,https://boxd.it/25heg3,,Yes,tv,2021-08-21
2021-08-22,Take Down,2016,https://boxd.it/25hnWd,,,tv,2021-08-21
2021-08-22,Superbad,2007,https://boxd.it/25hVzH,,Yes,tv,2021-08-21
2021-08-23,Transformers: The Last Knight,2017,https://boxd.it/25rD1x,,,tv,2021-08-22
2021-08-23,Impostor,2001,https://boxd.it/25rDQZ,,Yes,tv,2021-08-22
2021-08-23,Zipper,2015,https://boxd.it/25rF81,,,tv,2021-08-22
2021-08-23,The Impossible,2012,https://boxd.it/25rHL5,,Yes,tv,2021-08-22
2021-08-23,The Game,1997,https://boxd.it/25sdQB,,Yes,tv,2021-08-22
2021-08-24,Chain Reaction,1996,https://boxd.it/25AbyV,,,tv,2021-08-23
2021-08-24,The Mothman Prophecies,2002,https://boxd.it/25AhdJ,,Yes,tv,2021-08-23
2021-08-24,Criminal,2016,https://boxd.it/25AqTp,,,tv,2021-08-23
2021-08-25,Volcano,1997,https://boxd.it/25IOKH,,Yes,tv,2021-08-24
2021-09-16,Center of My World,2016,https://boxd.it/28OEUr,,Yes,,2021-09-15
2021-09-16,The Third Murder,2017,https://boxd.it/28OF5p,,Yes,,2021-09-15
2021-09-27,The Bourne Legacy,2012,https://boxd.it/2ajx7X,,,tv,2021-09-24
2021-09-27,San Andreas,2015,https://boxd.it/2ajxdV,,Yes,tv,2021-09-24
2021-10-04,Men in Black: International,2019,https://boxd.it/2bdDmr,,,tv,2021-09-25
2021-10-04,Giants and Toys,1958,https://boxd.it/2bdDub,,,,2021-10-02
2021-10-05,Le Samouraï,1967,https://boxd.it/2btYPB,,,,2021-10-04
2021-10-12,Radio Free Albemuth,2010,https://boxd.it/2cywqR,,,,2021-10-11
2021-10-15,Spartan,2004,https://boxd.it/2cYsKF,,,,2021-10-14
2021-10-17,Australia,2008,https://boxd.it/2de0DN,,,suresh,2021-10-16
2021-10-17,Troy,2004,https://boxd.it/2de16F,,,suresh,2021-10-16
2021-10-17,Heist,2001,https://boxd.it/2dj3Bv,,,,2021-10-16
2021-10-18,Catastrophe,2001,https://boxd.it/2dk4pn,,,youtube,2021-10-17
2021-10-18,Lost Masterpieces of Pornography,2010,https://boxd.it/2dk7kZ,,,youtube,2021-10-17
2021-10-18,Our Valley,2010,https://boxd.it/2dkc8J,,,youtube,2021-10-17
2021-10-18,Ricky Jay and His 52 Assistants,1996,https://boxd.it/2dkdSj,,,youtube,2021-10-17
2021-10-18,Homicide,1991,https://boxd.it/2du3O7,,,,2021-10-17
2021-10-19,Oleanna,1994,https://boxd.it/2dv1K5,,,,2021-10-18
2021-10-19,Two Painters,2010,https://boxd.it/2dv2j5,,,youtube,2021-10-18
2021-10-19,Inside the Actor's Workshop,2010,https://boxd.it/2dv7ux,,,youtube,2021-10-18
2021-10-19,Just a Gigolo,1978,https://boxd.it/2dD8PH,,,,2021-10-18
2021-10-24,Amazing Journey: The Story of The Who,2007,https://boxd.it/2enrnJ,,,,2021-10-21
2021-10-23,The Lovely Bones,2009,https://boxd.it/2ec4P9,,,,2021-10-22
2021-10-23,The Winslow Boy,1999,https://boxd.it/2ec4Yv,,,,2021-10-22
2021-10-24,Free Guy,2021,https://boxd.it/2enr51,,,,2021-10-23
2021-10-25,Velvet Buzzsaw,2019,https://boxd.it/2ez97H,,,,2021-10-24
2021-10-25,Formentera Lady,2018,https://boxd.it/2ez9cR,,,,2021-10-24
2021-10-26,Ricky Jay Plays Poker,2007,https://boxd.it/2eB9gD,,,youtube,2021-10-25
2021-10-26,"Hustlers, Hoaxsters, Pranksters, Jokesters and Ricky Jay",1995,https://boxd.it/2eCpbV,,,youtube,2021-10-25
2021-10-26,Deceptive Practice: The Mysteries and Mentors of Ricky Jay,2012,https://boxd.it/2eDzpl,,,youtube,2021-10-25
2021-10-26,The Notebook,2004,https://boxd.it/2eJ5CV,,,,2021-10-25
2021-10-27,Stillwater,2021,https://boxd.it/2eSl1f,,,,2021-10-26
2021-11-01,River's Edge,1986,https://boxd.it/2fJiHN,,,,2021-10-31
2021-11-01,The Card Counter,2021,https://boxd.it/2fJjWz,,,,2021-10-31
2021-11-08,Nine Days,2020,https://boxd.it/2gKuDT,,,,2021-11-02
2021-11-06,The Green Knight,2021,https://boxd.it/2gtf8R,,,,2021-11-05
2021-11-08,Edmond,2005,https://boxd.it/2gPC7V,,Yes,,2021-11-07
2021-11-08,I Love It from Behind!,1981,https://boxd.it/2gPCc7,,,,2021-11-07
2021-11-19,The Ascent,1977,https://boxd.it/2iwcoV,,,,2021-11-08
2021-11-11,Oxygen,2021,https://boxd.it/2h7JNZ,,,,2021-11-09
2021-11-14,Columbus,2017,https://boxd.it/2hAaSt,,,,2021-11-12
2021-11-15,The Seasons Alter,2002,https://boxd.it/2hPR21,,,youtube,2021-11-14
2021-11-17,Hands of Bresson,2014,https://boxd.it/2iajoz,,,youtube,2021-11-16
2021-11-17,What Is Neorealism?,2013,https://boxd.it/2iam4R,,,youtube,2021-11-16
2021-11-17,Elemental,2015,https://boxd.it/2iapLf,,,youtube,2021-11-16
2021-11-17,Linklater: On Cinema and Time,2013,https://boxd.it/2iarO1,,,youtube,2021-11-16
2021-11-18,Adventures of a Mathematician,2020,https://boxd.it/2inGrH,,,,2021-11-17
2021-11-18,Paradise: Love,2012,https://boxd.it/2inGOB,,,tv,2021-11-17
2021-11-19,A Brighter Summer Day,1991,https://boxd.it/2ivNnX,,,,2021-11-18
2021-11-20,Inserts,1975,https://boxd.it/2iEXpH,,,,2021-11-19
2021-11-21,Marianne & Leonard: Words of Love,2019,https://boxd.it/2iKyNh,,,,2021-11-20
2021-11-21,The Trip,2021,https://boxd.it/2iPKUp,,,,2021-11-20
2021-11-22,Good Game,2014,https://boxd.it/2iWEuT,,,,2021-11-21
2021-12-07,Bohemian Rhapsody,2018,https://boxd.it/2l7lCT,,Yes,tv,2021-12-01
2021-12-07,Freddie Mercury: The Great Pretender,2012,https://boxd.it/2l7lOv,,Yes,tv,2021-12-01
2021-12-07,Pasha,1968,https://boxd.it/2lfMLz,,,,2021-12-06
2021-12-08,Blue,2018,https://boxd.it/2lnD3T,,,,2021-12-07
2021-12-12,This Is Marshall McLuhan: The Medium Is The Massage,1967,https://boxd.it/2lNb9V,,,,2021-12-11
2021-12-13,Naughty Nurse,1969,https://boxd.it/2m0M8r,,,youtube,2021-12-12
2021-12-13,The Secret Cinema,1966,https://boxd.it/2m13E5,,,youtube,2021-12-12
2021-12-13,No Time to Die,2021,https://boxd.it/2m8MwT,,,,2021-12-12
2021-12-16,Seven Short Films About (Our) Marriage,2020,https://boxd.it/2mu6aF,,,,2021-12-14
2021-12-16,Punishment Park,1971,https://boxd.it/2mu6uZ,,,,2021-12-14
2021-12-18,Preparations to Be Together for an Unknown Period of Time,2020,https://boxd.it/2mVnJr,,,,2021-12-17
2021-12-19,Dobermann,1997,https://boxd.it/2n83m9,,,,2021-12-18
2021-12-21,Dune,2021,https://boxd.it/2npzT9,,,,2021-12-19
2021-12-22,Cry Macho,2021,https://boxd.it/2nyc9v,,,,2021-12-20
2021-12-24,The Ref,1994,https://boxd.it/2o7Vvr,,,,2021-12-23
2021-12-25,Sugarbaby,1985,https://boxd.it/2ofPD1,,,,2021-12-24
2021-12-26,Jane B. by Agnès V.,1988,https://boxd.it/2opmSV,,,,2021-12-24
2021-12-28,Le Plaisir,1952,https://boxd.it/2oY4VR,,,,2021-12-25
2021-12-28,Better Luck Tomorrow,2002,https://boxd.it/2oY5ep,,,,2021-12-26
2021-12-29,Herself,2020,https://boxd.it/2pdXbf,,,,2021-12-27
2021-12-31,Radioactive,2019,https://boxd.it/2pYTr3,,,,2021-12-30
2022-01-01,A New Life,2002,https://boxd.it/2q0yqn,,,,2021-12-31
2022-01-02,Întregalde,2021,https://boxd.it/2qyVE1,,,,2022-01-01
2022-01-03,Jolt,2021,https://boxd.it/2qS13j,,,,2022-01-02
2022-01-04,Get Him to the Greek,2010,https://boxd.it/2qWKpn,,,,2022-01-03
2022-01-30,Boiler Room,2000,https://boxd.it/2x1JvD,,Yes,tv,2022-01-13
2022-01-30,Once Upon a Time in Venice,2017,https://boxd.it/2x1JMT,,Yes,tv,2022-01-13
2022-01-30,3 Days to Kill,2014,https://boxd.it/2x1KGd,,Yes,tv,2022-01-18
2022-01-30,The Hunger Games: Catching Fire,2013,https://boxd.it/2x1L61,,,tv,2022-01-18
2022-01-30,The Snowman,2017,https://boxd.it/2x1LIf,,Yes,tv,2022-01-18
2022-01-30,Faster,2010,https://boxd.it/2x1MhT,,,tv,2022-01-18
2022-01-30,The Alphabet Killer,2008,https://boxd.it/2x1MI1,,,tv,2022-01-18
2022-01-30,Meeting Evil,2012,https://boxd.it/2x1N3j,,,tv,2022-01-18
2022-01-30,Day Zero,2007,https://boxd.it/2x1NWN,,,tv,2022-01-19
2022-01-30,Criminal,2016,https://boxd.it/2x1ONx,,Yes,tv,2022-01-19
2022-01-30,Deepwater Horizon,2016,https://boxd.it/2x1P57,,Yes,tv,2022-01-19
2022-01-30,Snowpiercer,2013,https://boxd.it/2x1PFz,,Yes,tv,2022-01-19
2022-01-30,Glass,2019,https://boxd.it/2x1PRl,,Yes,tv,2022-01-19
2022-01-30,Hyena Road,2015,https://boxd.it/2x1Q6F,,,tv,2022-01-19
2022-01-30,Spider-Man 2,2004,https://boxd.it/2x1QXf,,Yes,tv,2022-01-23
2022-01-30,Iron Man 3,2013,https://boxd.it/2x1RBp,,,tv,2022-01-24
2022-01-30,Upgrade,2018,https://boxd.it/2x1SzJ,,Yes,tv,2022-01-24
2022-01-30,Mile 22,2018,https://boxd.it/2x1SYJ,,,tv,2022-01-25
2022-01-30,The Night Listener,2006,https://boxd.it/2x1TO1,,,tv,2022-01-25
2022-01-30,Cleveland Abduction,2015,https://boxd.it/2x1Uph,,,tv,2022-01-25
2022-01-30,Race,2016,https://boxd.it/2x1Vfn,,,tv,2022-01-25
2022-01-30,The Mask of Zorro,1998,https://boxd.it/2x1VKb,,Yes,tv,2022-01-26
2022-01-30,Hands of Stone,2016,https://boxd.it/2x1W1r,,,tv,2022-01-26
2022-01-30,Slither,2006,https://boxd.it/2x1WXZ,,,tv,2022-01-28
2022-02-06,Always Be My Maybe,2019,https://boxd.it/2yiChR,,,,2022-02-04
2022-02-06,The Mitchells vs. the Machines,2021,https://boxd.it/2yoAS9,,,,2022-02-05
2022-02-08,Replicas,2018,https://boxd.it/2yJpJR,,,,2022-02-06
2022-02-08,The Unforgivable,2021,https://boxd.it/2yJpZv,,,,2022-02-06
2022-02-08,The Guilty,2021,https://boxd.it/2ySPHZ,,,,2022-02-07
2022-02-09,The Innocents,2021,https://boxd.it/2z45Rj,,,,2022-02-08
2022-02-10,Ride Your Wave,2019,https://boxd.it/2zegId,,,,2022-02-09
2022-02-13,Don't Look Up,2021,https://boxd.it/2zFTpt,,,,2022-02-12
2022-02-13,Vanishing Point,1971,https://boxd.it/2zNcBn,,,,2022-02-12
2022-02-13,Two-Lane Blacktop,1971,https://boxd.it/2zNda3,,,,2022-02-12
2022-02-14,The Sisters Brothers,2018,https://boxd.it/2A001N,,,,2022-02-13
2022-02-15,Silent Night,2021,https://boxd.it/2Aae0T,,,,2022-02-14
2022-02-17,Wings of Fame,1990,https://boxd.it/2AmW2t,,,,2022-02-15
2022-02-18,Finding the Fringe,2019,https://boxd.it/2AFqZV,,,youtube,2022-02-18
2022-02-19,Tango,1981,https://boxd.it/2ANd2n,,,youtube,2022-02-18
2022-02-19,Balance,1989,https://boxd.it/2ANewj,,,youtube,2022-02-18
2022-02-19,A Day More,1972,https://boxd.it/2ANjdV,,,youtube,2022-02-18
2022-02-20,The Last Duel,2021,https://boxd.it/2AYrhD,,,,2022-02-19
2022-02-20,Lone,2014,https://boxd.it/2AZ8ed,,,,2022-02-19
2022-02-20,Ripples,1967,https://boxd.it/2B0tJj,,,youtube,2022-02-19
2022-02-20,Frozen Blood Test,2015,https://boxd.it/2B0vEv,,,youtube,2022-02-19
2022-02-20,An Aqueous Solution,2003,https://boxd.it/2B0wwn,,,youtube,2022-02-19
2022-02-20,Roof Sex,2002,https://boxd.it/2B0zZ3,,,,2022-02-19
2022-02-21,Kimi,2022,https://boxd.it/2BkwDt,,,,2022-02-20
2022-02-21,Student Bodies,1981,https://boxd.it/2Bkx37,,,,2022-02-20
2022-02-22,The Hating Game,2021,https://boxd.it/2BvHCN,,,,2022-02-21
2022-02-23,Nostalgia,2018,https://boxd.it/2BFKKZ,,,,2022-02-22
2022-02-25,They/Them/Us,2021,https://boxd.it/2BQOCH,,,,2022-02-24
2022-02-25,I Melt with You,2011,https://boxd.it/2BYXsx,,,,2022-02-24
2022-02-26,Arlington Road,1999,https://boxd.it/2C0vjh,,,,2022-02-25
2022-02-26,Vanya on 42nd Street,1994,https://boxd.it/2C8JfT,,,,2022-02-25
2022-02-26,Marry Me,2022,https://boxd.it/2C8Jln,,,,2022-02-25
2022-02-27,Drive My Car,2021,https://boxd.it/2CflJp,,,,2022-02-26
2022-03-01,Henry Poole Is Here,2008,https://boxd.it/2CGf5H,,,,2022-02-28
2022-03-02,The Last Time I Committed Suicide,1997,https://boxd.it/2CPSw1,,,,2022-03-01
2022-03-03,Absurd Encounter with Fear,1967,https://boxd.it/2CWnbP,,,youtube,2022-03-02
2022-03-03,Don't Hug Me I'm Scared 6,2016,https://boxd.it/2CWonn,,,youtube,2022-03-02
2022-03-11,Atomic Blonde,2017,https://boxd.it/2EoeGJ,,Yes,tv,2022-03-09
2022-03-11,Darkest Hour,2017,https://boxd.it/2EudsX,,Yes,tv,2022-03-10
2022-03-11,You're Not You,2014,https://boxd.it/2EudyB,,,tv,2022-03-10
2022-03-11,Anaconda,1997,https://boxd.it/2EuehL,,Yes,tv,2022-03-10
2022-03-11,Brick Mansions,2014,https://boxd.it/2Euf7n,,,tv,2022-03-10
2022-03-12,The Hunter's Prayer,2017,https://boxd.it/2EAVkZ,,,tv,2022-03-11
2022-03-14,Ratatouille,2007,https://boxd.it/2F3GD1,,Yes,tv,2022-03-13
2022-03-14,The Taking of Pelham 1 2 3,2009,https://boxd.it/2F3H8N,,Yes,tv,2022-03-13
2022-03-14,Rocky,1976,https://boxd.it/2F3HAH,,Yes,tv,2022-03-13
2022-03-14,Legend,2015,https://boxd.it/2F3IjR,,,tv,2022-03-13
2022-03-14,The Truth About Charlie,2002,https://boxd.it/2F3IPj,,,tv,2022-03-13
2022-03-16,Need for Speed,2014,https://boxd.it/2FoZSB,,,tv,2022-03-14
2022-03-21,That's Sexploitation!,2013,https://boxd.it/2Gjl6L,,,,2022-03-18
2022-04-03,Jaws,1975,https://boxd.it/2IHe0n,,Yes,tv,2022-03-23
2022-04-03,Listen to Me Marlon,2015,https://boxd.it/2IHel1,,Yes,tv,2022-03-23
2022-04-03,Get Carter,2000,https://boxd.it/2IHeC7,,,tv,2022-03-23
2022-04-03,Windtalkers,2002,https://boxd.it/2IHfqV,,Yes,tv,2022-03-24
2022-04-03,Alien Resurrection,1997,https://boxd.it/2IHfPL,,Yes,tv,2022-03-24
2022-04-03,Ted,2012,https://boxd.it/2IHgx9,,Yes,tv,2022-03-25
2022-04-09,Watchmen,2019,https://boxd.it/2JNYaz,,,,2022-04-07
2022-04-09,The New Man in Charge,2010,https://boxd.it/2JO3pz,,,youtube,2022-04-09
2022-04-10,Brave New World,1980,https://boxd.it/2JRCQB,,Yes,youtube,2022-04-09
2022-04-12,After Before,2017,https://boxd.it/2KgAb7,,Yes,youtube,2022-04-11
2022-05-02,Paralysis,2022,https://boxd.it/2NZgx5,,,youtube,2022-05-02
2022-06-30,The Rock,1996,https://boxd.it/2YCFUr,,Yes,tv,2022-06-28
2022-06-30,Papillon,2017,https://boxd.it/2YCG2P,,,tv,2022-06-28
2022-06-30,The Alphabet Killer,2008,https://boxd.it/2YCGET,,Yes,tv,2022-06-28
2022-06-30,Independence Day: Resurgence,2016,https://boxd.it/2YCHAX,,,tv,2022-06-28
2022-07-05,Taken,2008,https://boxd.it/2Zr4kt,,Yes,tv,2022-07-04
2022-07-05,The Spy Who Dumped Me,2018,https://boxd.it/2Zr4DF,,Yes,tv,2022-07-04
2022-07-05,Deep Blue Sea,1999,https://boxd.it/2Zr59V,,Yes,tv,2022-07-04
2022-07-09,Speed 2: Cruise Control,1997,https://boxd.it/30bs1H,,Yes,tv,2022-07-08
2022-07-09,A Walk Among the Tombstones,2014,https://boxd.it/30bt0v,,,tv,2022-07-08
2022-07-09,Dark Shadows,2012,https://boxd.it/30bu49,,Yes,tv,2022-07-08
2022-07-09,The Grudge,2004,https://boxd.it/30bunl,,,tv,2022-07-08
2022-07-09,The Amazing Spider-Man,2012,https://boxd.it/30bYoj,,,tv,2022-07-08
2022-07-10,Dennis the Menace,1993,https://boxd.it/30o16V,,Yes,tv,2022-07-09
2022-07-10,Let's Be Cops,2014,https://boxd.it/30o8PX,,,tv,2022-07-09
2022-07-10,"I, Robot",2004,https://boxd.it/30ofML,,Yes,tv,2022-07-09
2022-07-10,Molly's Game,2017,https://boxd.it/30pfxD,,Yes,tv,2022-07-09
2022-07-10,Lions for Lambs,2007,https://boxd.it/30pGvf,,Yes,tv,2022-07-09
2022-07-17,Double Jeopardy,1999,https://boxd.it/31J6iX,,Yes,tv,2022-07-14
2022-07-17,Oldboy,2003,https://boxd.it/31J6WN,,Yes,tv,2022-07-14
2022-09-08,Space Cowboys,2000,https://boxd.it/3cOKrf,,Yes,tv,2022-08-30
2022-09-08,Red Sparrow,2018,https://boxd.it/3cOKIb,,Yes,tv,2022-09-06
2022-09-08,The Way Back,2010,https://boxd.it/3cOLqx,,,tv,2022-09-06
2022-09-08,The Man with the Golden Gun,1974,https://boxd.it/3cOLTf,,Yes,tv,2022-09-06
2022-09-08,Semper Fi,2019,https://boxd.it/3cOMuP,,,tv,2022-09-06
2022-09-08,Cast Away,2000,https://boxd.it/3cOMTP,,Yes,tv,2022-09-06
2022-09-08,Assassination Games,2011,https://boxd.it/3cONH1,,,tv,2022-09-06
2022-09-10,The Informer,2019,https://boxd.it/3dfiSh,,,tv,2022-09-08
2022-09-10,The Light Between Oceans,2016,https://boxd.it/3dfjdT,,,tv,2022-09-08
2022-09-10,Collateral,2004,https://boxd.it/3dfjnz,,Yes,tv,2022-09-08
2022-09-10,Sicario: Day of the Soldado,2018,https://boxd.it/3dfjR5,,,tv,2022-09-08
2022-09-10,Gothika,2003,https://boxd.it/3dfjYF,,Yes,tv,2022-09-08
2022-09-10,300,2006,https://boxd.it/3dfk7H,,Yes,tv,2022-09-09
2022-09-10,Crank,2006,https://boxd.it/3dfkvp,,,tv,2022-09-09
2022-09-10,Criminal,2016,https://boxd.it/3dfl4T,,Yes,tv,2022-09-09
2022-09-10,The Bourne Identity,2002,https://boxd.it/3dfle5,,Yes,tv,2022-09-09
2022-09-10,The Tuxedo,2002,https://boxd.it/3dfllZ,,Yes,tv,2022-09-09
2022-09-10,The Hustle,2019,https://boxd.it/3dflER,,,tv,2022-09-09
2022-09-10,Countdown,2019,https://boxd.it/3dfmbV,,,tv,2022-09-09
2022-09-12,Sherlock Holmes,2009,https://boxd.it/3dGkRf,,Yes,tv,2022-09-10
2022-09-12,Prisoners,2013,https://boxd.it/3dGkXn,,Yes,tv,2022-09-10
2022-09-12,Lying and Stealing,2019,https://boxd.it/3dGl3P,,,tv,2022-09-10
2022-09-12,The Mechanic,2011,https://boxd.it/3dGl6J,,Yes,tv,2022-09-10
2022-09-12,Into the Forest,2015,https://boxd.it/3dGljj,,,tv,2022-09-10
2022-09-12,Slither,2006,https://boxd.it/3dGlnZ,,Yes,tv,2022-09-10
2022-09-12,Ticket to Paradise,2022,https://boxd.it/3dGrEn,,,αττικόν χανιά,2022-09-11
2022-09-13,Hitman,2007,https://boxd.it/3dLtLv,,,tv,2022-09-12
2022-09-13,Erased,2012,https://boxd.it/3dLxKB,,,tv,2022-09-12
2022-09-13,Detour,2016,https://boxd.it/3dLDJp,,,tv,2022-09-12
2022-09-13,Crown Vic,2019,https://boxd.it/3dLLkx,,,tv,2022-09-12
2022-09-24,Whiteout,2009,https://boxd.it/3fM5Aj,,,tv,2022-09-21
2022-09-24,Snitch,2013,https://boxd.it/3fM5Qh,,Yes,tv,2022-09-21
2022-09-24,Line of Duty,2019,https://boxd.it/3fM63v,,,tv,2022-09-21
2022-09-24,Desperado,1995,https://boxd.it/3fM6CF,,Yes,tv,2022-09-21
2022-09-24,Sinister,2012,https://boxd.it/3fM6Pp,,Yes,tv,2022-09-21
2022-09-24,Unstoppable,2010,https://boxd.it/3fM7UF,,,tv,2022-09-22
2022-09-24,Lara Croft: Tomb Raider – The Cradle of Life,2003,https://boxd.it/3fM89v,,,tv,2022-09-22
2022-09-24,The Queen,2006,https://boxd.it/3fM8XZ,,Yes,tv,2022-09-22
2022-09-24,Year One,2009,https://boxd.it/3fM9dD,,,tv,2022-09-22
2022-09-28,The Insult,2017,https://boxd.it/3gAzhV,,,,2022-09-27
2022-09-28,Lion,2016,https://boxd.it/3gAzUX,,,,2022-09-27
2022-09-29,Once Upon a Time in Venice,2017,https://boxd.it/3gM8ML,,Yes,tv,2022-09-28
2022-09-29,The Nice Guys,2016,https://boxd.it/3gM9NF,,,tv,2022-09-28
2022-09-29,Terminator: Dark Fate,2019,https://boxd.it/3gMaQP,,,tv,2022-09-28
2022-09-29,Déjà Vu,2006,https://boxd.it/3gMIPr,,,tv,2022-09-28
2022-09-29,xXx: State of the Union,2005,https://boxd.it/3gN4vD,,Yes,tv,2022-09-28
2022-09-29,Wild Card,2015,https://boxd.it/3gNb4J,,,tv,2022-09-28
2022-09-30,Acts of Vengeance,2017,https://boxd.it/3gXfBx,,,tv,2022-09-29
2022-09-30,The Current War,2017,https://boxd.it/3gXYXN,,,tv,2022-09-29
2022-09-30,Escape Room,2019,https://boxd.it/3gXZrj,,Yes,tv,2022-09-29
2022-09-30,Nocturnal Animals,2016,https://boxd.it/3gYhUD,,Yes,tv,2022-09-29
2022-09-30,Basic Instinct,1992,https://boxd.it/3gYyNf,,Yes,tv,2022-09-29
2022-09-30,The Birds,1963,https://boxd.it/3gYzfj,,Yes,tv,2022-09-29
2022-10-12,The Teacher,2016,https://boxd.it/3jFxlt,,,,2022-10-12
2022-10-13,Django Unchained,2012,https://boxd.it/3jGgMp,,Yes,,2022-10-12
2022-10-15,Cosy Dens,1999,https://boxd.it/3k93l9,,,,2022-10-14
2022-10-16,Memories of Murder,2003,https://boxd.it/3kqc9l,,,,2022-10-15
2022-10-17,Walkabout,1971,https://boxd.it/3kKZrj,,,,2022-10-16
2022-10-17,Twin Falls Idaho,1999,https://boxd.it/3kL0f9,,,,2022-10-16
2022-10-18,The Guilty,2018,https://boxd.it/3kMXZ3,,,,2022-10-17
2022-10-18,Eaten by Lions,2018,https://boxd.it/3kYdGN,,,,2022-10-17
2022-10-20,The Flight of the Eagle,1982,https://boxd.it/3lkHU5,,,,2022-10-19
2022-10-21,Beans,2020,https://boxd.it/3lvAWF,,,,2022-10-20
2022-10-21,Pleasure,2021,https://boxd.it/3lvBOx,,,,2022-10-20
2022-10-28,Herostratus,1967,https://boxd.it/3mVLx3,,,,2022-10-27
2022-10-29,Adolescents,2019,https://boxd.it/3n7xxn,,,,2022-10-28
2022-10-31,Nitram,2021,https://boxd.it/3nuATn,,,,2022-10-29
2022-10-31,The 3 Penny Opera,1931,https://boxd.it/3nuBzj,,,,2022-10-29
2022-10-31,The Ernie Game,1968,https://boxd.it/3nCKCH,,,,2022-10-30
2022-11-03,Big Fish,2003,https://boxd.it/3onuhH,,Yes,,2022-11-02
2022-11-06,American Movie,1999,https://boxd.it/3p2j9p,,,,2022-11-05
2022-11-07,To Whom It May Concern,2015,https://boxd.it/3pipr7,,,,2022-11-06
2022-11-07,Tape,2001,https://boxd.it/3piq5V,,,,2022-11-06
2022-11-08,Everything Everywhere All at Once,2022,https://boxd.it/3pvLkX,,,,2022-11-07
2022-11-10,Creation is Violent: Anecdotes on Kinski's Final Years,2021,https://boxd.it/3pHOJP,,,,2022-11-08
2022-11-10,A Happening of Monumental Proportions,2017,https://boxd.it/3pQXK1,,,,2022-11-09
2022-11-17,Slow Light,2022,https://boxd.it/3rkEAb,,,,2022-11-09
2022-11-17,Venus,2006,https://boxd.it/3rkEEH,,,,2022-11-16
2022-11-17,Sex with Sue,2022,https://boxd.it/3rkELD,,,,2022-11-16
2022-11-18,"Don't Worry, He Won't Get Far on Foot",2018,https://boxd.it/3rvjlV,,,,2022-11-17
2022-11-18,A Way Home,2020,https://boxd.it/3rvjWn,,,tv,2022-11-17
2022-11-19,Bros,2022,https://boxd.it/3rIkcB,,,,2022-11-18
2022-11-20,The Fifth Seal,1976,https://boxd.it/3rXs1L,,,,2022-11-19
2022-11-21,Titane,2021,https://boxd.it/3scPpr,,,,2022-11-20
2022-11-21,The Perks of Being a Wallflower,2012,https://boxd.it/3scRmJ,,Yes,,2022-11-20
2022-11-23,Midnight in the Switchgrass,2021,https://boxd.it/3sq0Wn,,,,2022-11-21
2022-11-23,The Paper Tigers,2020,https://boxd.it/3sq4ef,,,,2022-11-21
2022-11-24,Home,2020,https://boxd.it/3sLu0Z,,,,2022-11-23
2022-11-26,Gerry,2002,https://boxd.it/3sXZs5,,,,2022-11-25
2022-11-27,Moonage Daydream,2022,https://boxd.it/3tr66t,,,,2022-11-26
2022-11-29,The Sea of Trees,2015,https://boxd.it/3tSHqJ,,,,2022-11-28
2022-11-29,Icaros: A Vision,2016,https://boxd.it/3tSI5x,,,,2022-11-28
2022-12-01,Family Life,1971,https://boxd.it/3u7xa7,,,,2022-11-29
2022-12-01,An Inspector Calls,1954,https://boxd.it/3ue5Zl,,,,2022-11-30
2022-12-01,Falling for Christmas,2022,https://boxd.it/3ue6pN,,,,2022-11-30
2022-12-03,Black Adam,2022,https://boxd.it/3uCi4l,,,,2022-12-02
2022-12-04,Meet Cute,2022,https://boxd.it/3uFkqJ,,,,2022-12-03
2022-12-04,Snow Cake,2006,https://boxd.it/3uQUst,,,,2022-12-03
2022-12-04,Spirited,2022,https://boxd.it/3uQUXV,,,,2022-12-03
2022-12-04,Sawed Off,2022,https://boxd.it/3uR4XB,,,,2022-12-03
2022-12-05,Beanpole,2019,https://boxd.it/3uVKup,,,,2022-12-04
2022-12-05,Don't Worry Darling,2022,https://boxd.it/3v6ve9,,,,2022-12-04
2022-12-05,Florianópolis Dream,2018,https://boxd.it/3v6vSD,,,,2022-12-04
2022-12-06,Our Happy Holiday,2018,https://boxd.it/3viyIv,,,,2022-12-05
2022-12-08,TÁR,2022,https://boxd.it/3vGil9,,,,2022-12-07
2022-12-10,She Said,2022,https://boxd.it/3w4EJ1,,,,2022-12-09
2022-12-10,"""Sr.""",2022,https://boxd.it/3w4HR3,,,,2022-12-09
2022-12-11,Testament,1983,https://boxd.it/3wjKMv,,,,2022-12-10
2022-12-11,Sam & Kate,2022,https://boxd.it/3wjMcf,,,,2022-12-10
2022-12-12,The People We Hate at the Wedding,2022,https://boxd.it/3wzFZr,,,,2022-12-11
2022-12-13,Seven Chances,1925,https://boxd.it/3wNbFp,,Yes,tv,2022-12-12
2022-12-13,Hoffman,1970,https://boxd.it/3wNcuH,,Yes,,2022-12-12
2022-12-14,Pieces of a Woman,2020,https://boxd.it/3x0QtF,,,,2022-12-13
2022-12-16,The Middle Man,2021,https://boxd.it/3xqNjz,,,tv,2022-12-15
2022-12-16,Stutz,2022,https://boxd.it/3xqNpR,,,,2022-12-15
2022-12-17,Bones and All,2022,https://boxd.it/3xFKHj,,,,2022-12-16
2022-12-18,The Fabelmans,2022,https://boxd.it/3xX1QL,,,,2022-12-17
2022-12-18,Paris Je T'aime,2006,https://boxd.it/3xX24X,,,,2022-12-17
2022-12-19,Athena,2022,https://boxd.it/3ydUf3,,,,2022-12-18
2022-12-19,"Oh, Woe Is Me",1993,https://boxd.it/3ydUmt,,,,2022-12-18
2022-12-21,Fellini of the Spirits,2020,https://boxd.it/3yDcHf,,,tv,2022-12-19
2022-12-21,Robert Redford: The Golden Look,2019,https://boxd.it/3yDdCP,,,tv,2022-12-20
2022-12-21,Local Color,1977,https://boxd.it/3yLtYt,,,,2022-12-20
2022-12-21,Una Great Movie,2019,https://boxd.it/3yLu7v,,,,2022-12-20
2022-12-22,"I Was Born, But...",1932,https://boxd.it/3z0MQt,,,,2022-12-21
2022-12-22,"I Was at Home, But...",2019,https://boxd.it/3z0U8J,,,,2022-12-21
2022-12-24,Licorice Pizza,2021,https://boxd.it/3zjmJ5,,,,2022-12-22
2022-12-24,Anima,2019,https://boxd.it/3zjoKJ,,,vimeo,2022-12-23
2022-12-24,HAIM / Valentine,2017,https://boxd.it/3zjukd,,,youtube,2022-12-23
2022-12-24,Armageddon Time,2022,https://boxd.it/3zCYnz,,,,2022-12-23
2022-12-24,Good Night Oppy,2022,https://boxd.it/3zCZ3b,,,,2022-12-23
2022-12-25,The Méliès Mystery,2021,https://boxd.it/3zWAEB,,,tv,2022-12-24
2022-12-25,"My Tomorrow, Your Yesterday",2016,https://boxd.it/3zWBgb,,,,2022-12-24
2022-12-26,Only Yesterday,1991,https://boxd.it/3AkV2V,,,,2022-12-25
2022-12-26,Cirque du Soleil - Volta,2018,https://boxd.it/3AlkPX,,,,2022-12-25
2022-12-27,It Started in Naples,1960,https://boxd.it/3AI3zf,,,,2022-12-26
2022-12-30,Don't Hug Me I'm Scared,2011,https://boxd.it/3BKRmD,,,youtube,2022-12-29
2022-12-30,Hoch der Lambeth Valk,1941,https://boxd.it/3BKUB7,,,youtube,2022-12-29
2022-12-31,Canada Vignettes: Emergency Numbers,1984,https://boxd.it/3C6RLR,,,youtube,2022-12-30
2022-12-31,Escalation,1968,https://boxd.it/3C6UMt,,,youtube,2022-12-30
2022-12-31,Operator,2009,https://boxd.it/3C6XDp,,,youtube,2022-12-30
2022-12-31,Oktapodi,2007,https://boxd.it/3C75rB,,,youtube,2022-12-30
2022-12-31,Cityscape: Impressions of a City,1966,https://boxd.it/3C77iB,,,vimeo,2022-12-30
2022-12-31,First Born,2020,https://boxd.it/3C7apv,,,youtube,2022-12-30
2022-12-31,Gargantuan,1992,https://boxd.it/3C7icf,,,youtube,2022-12-30
2022-12-31,Color Film,1971,https://boxd.it/3C7jSB,,,vimeo,2022-12-30
2022-12-31,A Single Life,2014,https://boxd.it/3C7mbF,,,youtube,2022-12-30
2022-12-31,Alouette,1944,https://boxd.it/3C7qsv,,,youtube,2022-12-30
2022-12-31,Thingu,2012,https://boxd.it/3C7tLF,,,youtube,2022-12-30
2023-01-02,Glass Onion,2022,https://boxd.it/3D6rxD,,,,2023-01-01
2023-01-03,Lamborghini: The Man Behind the Legend,2022,https://boxd.it/3DxcnR,,,,2023-01-02
2023-01-03,Glass Onion,2022,https://boxd.it/3DxcBJ,,Yes,,2023-01-02
2023-01-04,Remember,2022,https://boxd.it/3DW5hn,,,,2023-01-03
2023-01-05,Can You Ever Forgive Me?,2018,https://boxd.it/3E7hkl,,,,2023-01-04
2023-01-06,1981,2009,https://boxd.it/3EFqzx,,,,2023-01-05
2023-01-07,The Hidden,1987,https://boxd.it/3EFtjH,,,,2023-01-05
2023-01-08,Wanda,1970,https://boxd.it/3FyBwf,,,,2023-01-07
2023-01-10,Glasshouse,2021,https://boxd.it/3G3vNr,,,,2023-01-08
2023-01-10,Kaleidoscope,2016,https://boxd.it/3Gjkex,,,,2023-01-09
2023-01-14,Denzel Washington: A Model American,2022,https://boxd.it/3HC2gR,,,tv,2023-01-13
2023-01-16,The Banshees of Inisherin,2022,https://boxd.it/3If1Vn,,,,2023-01-15
2023-01-19,The Dunning Man,2017,https://boxd.it/3JiNij,,,,2023-01-18
2023-01-21,On Guard,1997,https://boxd.it/3JSRTv,,,tv,2023-01-20
2023-01-21,The Fallout,2021,https://boxd.it/3JSS7n,,,,2023-01-20
2023-01-24,Crash,1996,https://boxd.it/3KTEc5,,Yes,tv,2023-01-23
2023-01-24,The Task,2017,https://boxd.it/3KTFln,,,,2023-01-23
2023-02-10,Asterix at the Olympic Games,2008,https://boxd.it/3PSPU1,,Yes,tv,2023-02-06
2023-02-12,A Wicked Eden,2021,https://boxd.it/3QyF0h,,,,2023-02-11
2023-02-16,The Last Bus,2021,https://boxd.it/3Rs7XB,,,,2023-02-13
2023-02-15,Adult Swim Yule Log,2022,https://boxd.it/3RmUMv,,,,2023-02-15
2023-02-24,Nil by Mouth,1997,https://boxd.it/3TLE2J,,,,2023-02-22
2023-02-26,House of Gucci,2021,https://boxd.it/3UlfEF,,,,2023-02-25
2023-02-26,Plane,2023,https://boxd.it/3UwRDH,,,,2023-02-25
2023-02-26,Dark Star,1974,https://boxd.it/3UwSeD,,,,2023-02-25
2023-02-27,The Menu,2022,https://boxd.it/3URf5J,,,,2023-02-26
2023-03-02,Sharper,2023,https://boxd.it/3VukUl,,,,2023-02-28
2023-04-04,Somebody I Used to Know,2023,https://boxd.it/44z9l1,,,,2023-03-01
2023-03-05,Nausicaä of the Valley of the Wind,1984,https://boxd.it/3WqzvV,,,,2023-03-04
2023-03-05,Threeway,2019,https://boxd.it/3WqCrx,,,,2023-03-04
2023-03-06,Cunningham,2019,https://boxd.it/3WL19D,,,tv,2023-03-05
2023-03-06,The Whale,2022,https://boxd.it/3WL1hx,,,,2023-03-05
2023-03-07,Bullet Train,2022,https://boxd.it/3X1l4l,,,,2023-03-06
2023-03-09,The Lost City,2022,https://boxd.it/3Xh7EL,,,,2023-03-07
2023-03-09,"Jane Campion, The Cinema Woman",2022,https://boxd.it/3XuNit,,,tv,2023-03-08
2023-03-09,A Pigeon Sat on a Branch Reflecting on Existence,2014,https://boxd.it/3XuNvx,,,,2023-03-08
2023-03-10,"Pamela, A Love Story",2023,https://boxd.it/3XJT8J,,,,2023-03-09
2023-03-22,A Field in England,2013,https://boxd.it/411XAZ,,,,2023-03-21
2023-03-23,The Rental,2020,https://boxd.it/41l243,,,,2023-03-22
2023-03-25,Yi Yi,2000,https://boxd.it/41PU0J,,,,2023-03-24
2023-03-26,Pink Floyd: The Wall,1982,https://boxd.it/41Yhxn,,Yes,,2023-03-25
2023-03-26,Ikiru,1952,https://boxd.it/429CY7,,,,2023-03-25
2023-03-26,Living,2022,https://boxd.it/429Dj5,,,,2023-03-25
2023-03-27,Mala Noche,1986,https://boxd.it/42sRVb,,,,2023-03-26
2023-03-29,It's Only the End of the World,2016,https://boxd.it/42OIAR,,,,2023-03-27
2023-03-29,La Pirate,1984,https://boxd.it/42OKSN,,,,2023-03-27
2023-03-29,Empire of Light,2022,https://boxd.it/42WPsL,,,,2023-03-28
2023-03-30,Lux Æterna,2019,https://boxd.it/434tdZ,,,,2023-03-29
2023-03-31,The Year Earth Changed,2021,https://boxd.it/43hVGL,,,,2023-03-29
2023-04-03,Boston Strangler,2023,https://boxd.it/441Ezl,,,,2023-04-01
2023-04-03,Epidemic,1987,https://boxd.it/441EZN,,,,2023-04-01
2023-04-03,I Saw the Devil,2010,https://boxd.it/44krI3,,,,2023-04-02
2023-04-03,Fando and Lis,1968,https://boxd.it/44krPj,,,,2023-04-02
2023-04-03,Sunburned,2019,https://boxd.it/44ks3Z,,,tv,2023-04-02
2023-04-04,The Five Obstructions,2003,https://boxd.it/44z3MZ,,,,2023-04-03
2023-04-05,Game of Love,2023,https://boxd.it/44OQhB,,,,2023-04-04
2023-04-06,Tunnel,2016,https://boxd.it/4553Dn,,,,2023-04-05
2023-04-07,Linda Linda Linda,2005,https://boxd.it/45lPon,,,,2023-04-06
2023-04-07,The Only Son,1936,https://boxd.it/45lQEr,,,,2023-04-06
2023-04-08,Tetris,2023,https://boxd.it/45GovN,,,,2023-04-07
2023-04-08,Diary of a Fleeting Affair,2022,https://boxd.it/45Gr0X,,,,2023-04-07
2023-04-09,Missing,2023,https://boxd.it/461th9,,,,2023-04-08
2023-04-09,0s & 1s,2011,https://boxd.it/461ucp,,,,2023-04-08
2023-04-11,Neon,2015,https://boxd.it/46uHFn,,,,2023-04-09
2023-04-11,Cut,2011,https://boxd.it/46Hkgb,,,,2023-04-10
2023-04-12,Murder Mystery 2,2023,https://boxd.it/46VIGP,,,,2023-04-11
2023-04-13,Peppermint Candy,1999,https://boxd.it/479mRf,,,,2023-04-12
2023-04-13,Palm Trees and Power Lines,2022,https://boxd.it/479n8v,,,,2023-04-12
2023-04-19,Safe House,2012,https://boxd.it/48DVQP,,,tv,2023-04-16
2023-04-25,Stormy Waters,1941,https://boxd.it/4amF9p,,,tv,2023-04-24
2023-04-25,Prom Pact,2023,https://boxd.it/4amFWB,,,,2023-04-24
2023-04-27,There is No Poverty at the End of Labor,1920,https://boxd.it/4aHJEj,,,youtube,2023-04-26
2023-04-28,The Blind Man Who Did Not Want to See Titanic,2021,https://boxd.it/4b5lcN,,,,2023-04-27
2023-04-29,Strange Colours,2017,https://boxd.it/4bjl3T,,,,2023-04-28
2023-04-29,The Frame,2014,https://boxd.it/4bjmeX,,,,2023-04-28
2023-05-02,Ink,2009,https://boxd.it/4bZc4n,,,,2023-04-30
2023-05-02,Childhood 2.0,2020,https://boxd.it/4bZcdf,,,,2023-04-30
2023-05-02,Babylon,2022,https://boxd.it/4ce7P9,,,,2023-05-01
2023-05-03,Megamind,2010,https://boxd.it/4csNuv,,,,2023-05-02
2023-05-04,Apollo 10½: A Space Age Childhood,2022,https://boxd.it/4cLetP,,,,2023-05-03
2023-05-05,But I'm a Cheerleader,1999,https://boxd.it/4d2rcr,,,,2023-05-03
2023-05-05,"Oslo, August 31st",2011,https://boxd.it/4d2p2p,,,,2023-05-04
2023-05-07,Chess Story,2021,https://boxd.it/4dlrNF,,,,2023-05-05
2023-05-07,Bad Axe,2022,https://boxd.it/4dls0z,,,,2023-05-05
2023-05-09,"Hallelujah: Leonard Cohen, a Journey, a Song",2021,https://boxd.it/4eaFBl,,,,2023-05-08
2023-05-11,Turning Red,2022,https://boxd.it/4eqfIx,,,,2023-05-09
2023-05-18,Bridge of Spies,2015,https://boxd.it/4geIuj,,,tv,2023-05-17
2023-05-24,Down with Love,2003,https://boxd.it/4hCAsh,,,tv,2023-05-23
2023-05-24,The Gentlemen,2019,https://boxd.it/4hDwUN,,Yes,tv,2023-05-23
2023-05-25,The Professor and the Madman,2019,https://boxd.it/4hSkcf,,,tv,2023-05-24
2023-05-25,Speed Kills,2018,https://boxd.it/4hSkXZ,,,tv,2023-05-24
2023-05-26,The Gentlemen,2019,https://boxd.it/4i1IeR,,Yes,tv,2023-05-24
2023-05-30,Chocolat,1988,https://boxd.it/4jfDql,,,tv,2023-05-29
2023-05-30,Obsession,1976,https://boxd.it/4jfDz3,,,,2023-05-29
2023-05-30,Crush,2022,https://boxd.it/4jfDLj,,,,2023-05-29
2023-05-31,Lost Inside,2022,https://boxd.it/4juLY1,,,,2023-05-30
2023-06-02,Reprise,2006,https://boxd.it/4jWJhF,,,,2023-06-01
2023-06-04,Renfield,2023,https://boxd.it/4kgSiH,,,,2023-06-02
2023-06-04,Kubrick by Kubrick,2020,https://boxd.it/4kgSAV,,,,2023-06-02
2023-06-04,The Steamroller and the Violin,1961,https://boxd.it/4kgUjH,,,youtube,2023-06-03
2023-06-05,Queen of the Deuce,2022,https://boxd.it/4kAimj,,,,2023-06-03
2023-06-05,We,2018,https://boxd.it/4kAiCr,,,,2023-06-03
2023-06-05,The Saint of Fort Washington,1993,https://boxd.it/4kQ8CN,,,,2023-06-04
2023-06-06,The Mother and the Whore,1973,https://boxd.it/4l8DV3,,,,2023-06-05
2023-06-08,Camera Buff,1979,https://boxd.it/4lEpYh,,,,2023-06-07
2023-06-09,Did You Hear About the Morgans?,2009,https://boxd.it/4lVYW5,,,,2023-06-08
2023-06-11,Human Capital,2013,https://boxd.it/4mfO9R,,,,2023-06-09
2023-06-11,And Just Like That... The Documentary,2022,https://boxd.it/4mfRzj,,,,2023-06-09
2023-06-11,John Wick: Chapter 4,2023,https://boxd.it/4mtfYX,,,,2023-06-10
2023-06-15,Master Gardener,2022,https://boxd.it/4nmOM3,,,,2023-06-13
2023-06-16,Sans Soleil,1983,https://boxd.it/4nC0Id,,,,2023-06-14
2023-06-16,Blue My Mind,2017,https://boxd.it/4nC0Wp,,,,2023-06-14
2023-06-16,BlackBerry,2023,https://boxd.it/4nLX5x,,,,2023-06-15
2023-06-19,Moving On,2022,https://boxd.it/4oJ1Wj,,,,2023-06-18
2023-06-19,The Bank Job,2008,https://boxd.it/4oJ2tx,,,,2023-06-18
2023-06-20,Conviction,2010,https://boxd.it/4p0fXf,,,,2023-06-19
2023-06-22,Women Talking Dirty,1999,https://boxd.it/4pxcJb,,,,2023-06-21
2023-06-23,Zero Dark Thirty,2012,https://boxd.it/4pNR0N,,,,2023-06-22
2023-06-23,Daddy and the Muscle Academy,1991,https://boxd.it/4pNTPX,,,,2023-06-22
2023-06-27,After Life,1998,https://boxd.it/4qZq05,,,,2023-06-26
2023-06-29,Book Club: The Next Chapter,2023,https://boxd.it/4rxhvV,,,,2023-06-27
2023-06-29,The Hand of God,2021,https://boxd.it/4rxcaX,,,,2023-06-28
2023-06-29,King of Ravens,2020,https://boxd.it/4rxdyL,,,tv,2023-06-28
2023-06-29,Underground Time,2015,https://boxd.it/4rxe0l,,,tv,2023-06-28
2023-06-30,"Where'd You Go, Bernadette",2019,https://boxd.it/4rNsUf,,,,2023-06-29
2023-07-01,Everything Went Fine,2021,https://boxd.it/4rVuOT,,,,2023-06-30
2023-07-01,The Good Nurse,2022,https://boxd.it/4s4qFB,,,,2023-06-30
2023-07-02,What's Up Connection,1990,https://boxd.it/4sovS1,,,,2023-07-01
2023-07-03,Robinson's Garden,1987,https://boxd.it/4sL2UD,,,,2023-07-02
2023-07-03,Last Flag Flying,2017,https://boxd.it/4sL33P,,,,2023-07-02
2023-07-04,Arsène Wenger: Invincible,2021,https://boxd.it/4t4lyp,,,,2023-07-03
2023-07-06,It Ain't Over,2023,https://boxd.it/4tD5YL,,,,2023-07-05
2023-07-06,A Cop,1972,https://boxd.it/4tD79b,,Yes,tv,2023-07-05
2023-07-07,Reign Over Me,2007,https://boxd.it/4tUQvF,,,,2023-07-06
2023-07-07,Mademoiselle Chambon,2009,https://boxd.it/4tURoF,,,tv,2023-07-06
2023-07-08,Stalker,2020,https://boxd.it/4ubvNx,,,,2023-07-07
2023-07-08,The Man with the Golden Gun,1974,https://boxd.it/4ubw6J,,Yes,tv,2023-07-07
2023-07-11,Fay Grim,2006,https://boxd.it/4vaVTt,,,,2023-07-10
2023-07-11,Playland USA,2019,https://boxd.it/4vaYn1,,,tv,2023-07-10
2023-07-12,Happiness,1998,https://boxd.it/4vuk9t,,,,2023-07-11
2023-07-12,Vivace,2011,https://boxd.it/4vupz7,,,tv,2023-07-11
2023-07-16,Harry Dean Stanton: Partly Fiction,2012,https://boxd.it/4wsxx9,,,,2023-07-15
2023-07-17,Life During Wartime,2009,https://boxd.it/4wIEh5,,,,2023-07-15
2023-07-17,Moonfall,2022,https://boxd.it/4wIFdN,,,,2023-07-15
2023-07-17,Meanwhile,2011,https://boxd.it/4x05r1,,,,2023-07-16
2023-07-17,Silent Running,1972,https://boxd.it/4x06X3,,,,2023-07-16
2023-07-18,Hypnotic,2023,https://boxd.it/4xihZl,,,,2023-07-17
2023-07-22,Welcome to the Dollhouse,1995,https://boxd.it/4yleEp,,,,2023-07-20
2023-07-22,Dark Horse,2011,https://boxd.it/4yI38X,,,,2023-07-21
2023-07-23,All Hands on Deck!,2020,https://boxd.it/4zcL3n,,,tv,2023-07-21
2023-07-23,Wiener-Dog,2016,https://boxd.it/4zcGGJ,,,,2023-07-22
2023-07-24,Showing Up,2022,https://boxd.it/4zGM2P,,,,2023-07-23
2023-07-24,I'm Losing My Temper,1974,https://boxd.it/4zGPiL,,,tv,2023-07-23
2023-07-25,The Lost Boys,1987,https://boxd.it/4A8DxP,,,,2023-07-24
2023-07-26,Wild Target,2010,https://boxd.it/4AuNy3,,,,2023-07-25
2023-07-27,Cousins,1989,https://boxd.it/4AU1qR,,,,2023-07-26
2023-07-28,School of Rock,2003,https://boxd.it/4BgBKx,,,,2023-07-27
2023-07-29,Me and Orson Welles,2008,https://boxd.it/4BFaTx,,,,2023-07-28
2023-07-30,Slacker,1990,https://boxd.it/4C0kpT,,,,2023-07-29
2023-07-30,Sanctuary,2022,https://boxd.it/4C0mm3,,,,2023-07-29
2023-08-09,Big Game,2014,https://boxd.it/4FgNkn,,Yes,tv,2023-08-07
2023-09-10,The Last Witch Hunter,2015,https://boxd.it/4P3ZTj,,,tv,2023-09-06
2023-09-20,The Bourne Legacy,2012,https://boxd.it/4S5tV9,,Yes,tv,2023-09-19
2023-09-20,Den of Thieves,2018,https://boxd.it/4S5uLT,,,tv,2023-09-19
2023-09-21,Terminator: Dark Fate,2019,https://boxd.it/4SkdfL,,Yes,tv,2023-09-20
2023-09-21,Immortals,2011,https://boxd.it/4SkeHV,,Yes,tv,2023-09-20
2023-09-21,Mamma Mia!,2008,https://boxd.it/4SkKoV,,Yes,,2023-09-20
2023-09-21,American Assassin,2017,https://boxd.it/4SlJcB,,,tv,2023-09-20
2023-09-26,Veronica Guerin,2003,https://boxd.it/4TU70h,,,,2023-09-25
2023-09-26,You Hurt My Feelings,2023,https://boxd.it/4TU7sb,,,,2023-09-25
2023-09-29,Corner Office,2022,https://boxd.it/4UH2cv,,,,2023-09-28
2023-09-29,Captain Phillips,2013,https://boxd.it/4UH35F,,,,2023-09-28
2023-09-30,The Manakia Brothers: Diary of a Long Look Back,2016,https://boxd.it/4URSyt,,,,2023-09-29
2023-10-01,Barbie,2023,https://boxd.it/4VeH4D,,,,2023-09-30
2023-10-01,The Out-Laws,2023,https://boxd.it/4VeHGd,,,,2023-09-30
2023-10-02,Storytelling,2001,https://boxd.it/4VOvq5,,,,2023-10-01
2023-10-02,Surviving Desire,1992,https://boxd.it/4VOvIj,,,,2023-10-01
2023-10-06,Sick of Myself,2022,https://boxd.it/4WSK3x,,,,2023-10-04
2023-10-06,The End of Sex,2022,https://boxd.it/4X1S0T,,,,2023-10-05
2023-10-08,The Best Man,2005,https://boxd.it/4XHVyN,,,,2023-10-06
2023-10-08,Love at First Sight,2023,https://boxd.it/4XHVRb,,,,2023-10-07
2023-10-10,Adam & Paul,2004,https://boxd.it/4YhAdL,,,,2023-10-08
2023-10-10,Rule 34,2022,https://boxd.it/4YhAK1,,,,2023-10-08
2023-10-12,The Lost King,2022,https://boxd.it/4YVnKH,,,,2023-10-10
2023-10-12,Carré Blanc,2011,https://boxd.it/4YWlGl,,,,2023-10-11
2023-10-17,The Day the Earth Caught Fire,1961,https://boxd.it/50LKkl,,,,2023-10-16
2023-10-18,Bug,2016,https://boxd.it/50V1P9,,,,2023-10-17
2023-10-19,Gran Turismo,2023,https://boxd.it/51jYPv,,,,2023-10-18
2023-10-20,Other People,2016,https://boxd.it/51BAu5,,,,2023-10-19
2023-10-23,Timecode,2000,https://boxd.it/52nKrV,,,,2023-10-21
2023-10-23,Headspace,2023,https://boxd.it/52nN0t,,,,2023-10-21
2023-10-23,Kisaragi,2007,https://boxd.it/52ychT,,,,2023-10-22
2023-10-24,The Little Match Girl,1928,https://boxd.it/52MB8l,,Yes,,2023-10-23
2023-10-24,Portraits from a Fire,2021,https://boxd.it/52ZB53,,,,2023-10-23
2023-10-24,If You Were the Last,2023,https://boxd.it/52ZBrX,,,,2023-10-23
2023-10-26,Five Feet Apart,2019,https://boxd.it/53jMiH,,,,2023-10-24
2023-10-26,After Yang,2021,https://boxd.it/53oyth,,,,2023-10-25
2023-10-26,Far from the Madding Crowd,1967,https://boxd.it/53ytXB,,,,2023-10-25
2023-10-26,Far from the Madding Crowd,2015,https://boxd.it/53yu5v,,,,2023-10-25
2023-10-27,"Bang, Boom, Bang",1999,https://boxd.it/53SZH1,,,,2023-10-26
2023-10-27,Even Dwarfs Started Small,1970,https://boxd.it/53T0fd,,,,2023-10-26
2023-10-27,Partygate,2023,https://boxd.it/53T1wf,,,,2023-10-26
2023-10-28,"Luxembourg, Luxembourg",2022,https://boxd.it/547BxV,,,,2023-10-27
2023-10-29,Tailor,2020,https://boxd.it/54uBPB,,,,2023-10-28
2023-10-31,Come Find Me,2021,https://boxd.it/55qZpt,,,,2023-10-30
2023-11-02,I Dream in Another Language,2017,https://boxd.it/560th5,,,,2023-10-31
2023-11-04,How to Steal a Million,1966,https://boxd.it/56D4sb,,,,2023-11-02
2023-11-04,The Puffy Chair,2005,https://boxd.it/56D5Ch,,,,2023-11-02
2023-11-04,No Dogs or Italians Allowed,2022,https://boxd.it/56Dfwt,,,,2023-11-03
2023-11-05,Will-o'-the-Wisp,2022,https://boxd.it/57aAlH,,,tv,2023-11-04
2023-11-05,Citizen Kitano,2020,https://boxd.it/57aAR9,,,tv,2023-11-04
2023-11-06,Threads,1984,https://boxd.it/57ylFF,,,,2023-11-05
2023-11-08,The Burial,2023,https://boxd.it/57SU0x,,,,2023-11-06
2023-11-08,Hell,2011,https://boxd.it/587A4f,,,,2023-11-07
2023-11-08,My Awkward Sexual Adventure,2012,https://boxd.it/587Ao5,,,,2023-11-07
2023-11-10,My Year of Dicks,2022,https://boxd.it/58p4tj,,,,2023-11-08
2023-11-10,Truly Madly Deeply,1990,https://boxd.it/58p4EL,,,,2023-11-08
2023-11-14,Anatomy of a Fall,2023,https://boxd.it/5a1Gyh,,,,2023-11-12
2023-11-14,How to Plan an Orgy in a Small Town,2015,https://boxd.it/5a1H3f,,,,2023-11-12
2023-11-14,Hope Gap,2019,https://boxd.it/5a1Hsp,,,,2023-11-13
2023-11-16,I Care a Lot,2020,https://boxd.it/5azpaZ,,,,2023-11-15
2023-11-20,Dumb Money,2023,https://boxd.it/5bOwSD,,,,2023-11-18
2023-11-20,Boy and Bicycle,1965,https://boxd.it/5bOxvF,,,,2023-11-19
2023-11-20,The Last Serb in Croatia,2019,https://boxd.it/5bOy0D,,,,2023-11-19
2023-11-21,Albert Brooks: Defending My Life,2023,https://boxd.it/5ceY8b,,,,2023-11-20
2023-11-21,"What's Up, Doc?",1972,https://boxd.it/5ceYU5,,,,2023-11-20
2023-11-23,The Unbearable Weight of Massive Talent,2022,https://boxd.it/5czDyT,,,,2023-11-21
2023-11-25,The Wonderful Story of Henry Sugar,2023,https://boxd.it/5dhHpJ,,,,2023-11-24
2023-11-25,Full Time,2021,https://boxd.it/5dtUYL,,,,2023-11-24
2023-11-25,Sly,2023,https://boxd.it/5dtVop,,,,2023-11-24
2023-11-26,The Swan,2023,https://boxd.it/5dLe1t,,,,2023-11-25
2023-11-30,Nosferatu the Vampyre,1979,https://boxd.it/5fd94x,,,tv,2023-11-28
2023-12-02,Bodies Bodies Bodies,2022,https://boxd.it/5fBSJD,,,,2023-11-30
2023-12-02,The Inauguration of the Pleasure Dome,1954,https://boxd.it/5fNHIt,,,,2023-12-01
2023-12-03,The Killer,2023,https://boxd.it/5gk7t9,,,,2023-12-02
2023-12-03,Visioneers,2008,https://boxd.it/5gk88B,,,,2023-12-02
2024-01-07,The Trial of the Chicago 7,2020,https://boxd.it/5vTWzx,,,,2023-12-03
2023-12-05,Ronnie O'Sullivan: The Edge of Everything,2023,https://boxd.it/5h2TbZ,,,,2023-12-04
2023-12-06,The Homecoming,1973,https://boxd.it/5hmolp,,,,2023-12-05
2023-12-06,Merkel,2022,https://boxd.it/5hmpun,,,,2023-12-05
2023-12-06,Linotype: The Film,2012,https://boxd.it/5hmpPb,,,,2023-12-05
2023-12-07,Poison,2023,https://boxd.it/5hsdnr,,,,2023-12-06
2023-12-07,Free Solo,2018,https://boxd.it/5hEPMN,,,,2023-12-06
2023-12-08,"Private Vices, Public Virtues",1976,https://boxd.it/5hEZgR,,,,2023-12-06
2023-12-23,"The French Dispatch of the Liberty, Kansas Evening Sun",2021,https://boxd.it/5nz6Sl,,,,2023-12-08
2023-12-10,Extraterrestrial,2011,https://boxd.it/5iH42t,,,,2023-12-09
2023-12-11,The Unbelievable Truth,1989,https://boxd.it/5iWKQZ,,,,2023-12-10
2023-12-11,Amateur,1994,https://boxd.it/5iWMOV,,,,2023-12-10
2023-12-15,Henry Fool,1997,https://boxd.it/5kbcOJ,,,,2023-12-11
2023-12-15,The Kill Room,2023,https://boxd.it/5kbd1X,,,,2023-12-13
2023-12-15,Crazy Rich Asians,2018,https://boxd.it/5kpdf9,,,,2023-12-14
2023-12-17,I'm Still Here,2010,https://boxd.it/5kOZ9j,,,,2023-12-15
2023-12-17,Broker,2022,https://boxd.it/5laidL,,,,2023-12-16
2023-12-17,Nun in Rope Hell,1984,https://boxd.it/5lank3,,,,2023-12-16
2023-12-18,The Painted Bird,2019,https://boxd.it/5lC9N7,,,,2023-12-17
2023-12-18,Stavros Halkias: Fat Rascal,2023,https://boxd.it/5lCbGn,,,,2023-12-17
2023-12-19,Crimes of the Future,1970,https://boxd.it/5lYR6b,,,,2023-12-18
2023-12-19,Crimes of the Future,2022,https://boxd.it/5lYROR,,,,2023-12-18
2023-12-21,Airbag,1997,https://boxd.it/5mmZ5X,,,,2023-12-19
2023-12-21,Shortcomings,2023,https://boxd.it/5mIJyN,,,,2023-12-20
2023-12-21,The Brood,1979,https://boxd.it/5mIKF1,,Yes,,2023-12-20
2023-12-22,Lovesong,2016,https://boxd.it/5n8aGf,,,,2023-12-21
2023-12-22,Group Sex,2010,https://boxd.it/5n8bbR,,,,2023-12-21
2023-12-23,My Sex Life... or How I Got Into an Argument,1996,https://boxd.it/5nz431,,,,2023-12-22
2023-12-23,The Bohemian,2022,https://boxd.it/5nz8sp,,,,2023-12-22
2023-12-24,Delicious,2021,https://boxd.it/5nKga1,,,,2023-12-23
2023-12-24,Paperman,2012,https://boxd.it/5nRrvj,,,,2023-12-23
2023-12-24,Hair Love,2019,https://boxd.it/5nRFzT,,,,2023-12-23
2023-12-24,Two,1965,https://boxd.it/5nRIIJ,,,,2023-12-23
2023-12-24,My Dead Dad's Porno Tapes,2018,https://boxd.it/5nRTBJ,,,,2023-12-23
2023-12-24,My Best Friend's Wedding/My Best Friend's Sweating,2011,https://boxd.it/5nSdGp,,,,2023-12-23
2023-12-24,Sofia Coppola's Little Mermaid,2014,https://boxd.it/5nSk0v,,,,2023-12-23
2023-12-24,How It Feels,2016,https://boxd.it/5nSlaV,,,,2023-12-23
2023-12-24,Home Movies,2017,https://boxd.it/5nSwfH,,,,2023-12-23
2023-12-24,Extinguished,2017,https://boxd.it/5nSDOp,,,,2023-12-23
2023-12-26,A Very Murray Christmas,2015,https://boxd.it/5p6nW5,,,,2023-12-25
2023-12-26,Call Girl of Cthulhu,2014,https://boxd.it/5p6ocx,,,,2023-12-25
2023-12-27,The Worst Person in the World,2021,https://boxd.it/5pFqV5,,,,2023-12-26
2023-12-27,Virtual Sexuality,1999,https://boxd.it/5pFrjL,,,,2023-12-26
2023-12-28,Colossus: The Forbin Project,1970,https://boxd.it/5qcJYt,,,,2023-12-27
2023-12-29,Inside,2023,https://boxd.it/5qOelB,,,,2023-12-28
2023-12-29,Italianamerican,1974,https://boxd.it/5qOezj,,,,2023-12-28
2023-12-30,The Reflecting Skin,1990,https://boxd.it/5r3yIl,,,,2023-12-29
2023-12-30,Neon Days,2020,https://boxd.it/5roaCb,,,,2023-12-29
2023-12-31,The Lost Daughter,2021,https://boxd.it/5rJtKb,,,,2023-12-29
2024-01-03,The Holdovers,2023,https://boxd.it/5tPf9b,,,,2024-01-02
2024-01-04,Leave the World Behind,2023,https://boxd.it/5uvDQd,,,,2024-01-03
2024-01-05,A Beginner's Guide to Endings,2010,https://boxd.it/5v7L6D,,,,2024-01-04
2024-01-06,Forever,2023,https://boxd.it/5vP2nH,,,,2024-01-05
2024-01-06,Master Cheng,2019,https://boxd.it/5vPDfb,,,,2024-01-05
2024-01-07,Master Cheng,2019,https://boxd.it/5vYuyh,,Yes,,2024-01-06
2024-01-07,Bright Young Things,2003,https://boxd.it/5wCZuP,,,,2024-01-06
2024-01-08,The Creator,2023,https://boxd.it/5xmmCn,,,,2024-01-07
2024-01-13,Past Lives,2023,https://boxd.it/5zJgjD,,,,2024-01-11
2024-01-13,I Am Norman,2020,https://boxd.it/5zJiix,,,,2024-01-11
2024-01-14,How to Have Sex,2023,https://boxd.it/5A1cRH,,,,2024-01-12
2024-01-14,Paparazzi,1964,https://boxd.it/5ACDr1,,,tv,2024-01-13
2024-01-14,Top Gun: Maverick,2022,https://boxd.it/5ACDOT,,,,2024-01-13
2024-01-16,Oppenheimer,2023,https://boxd.it/5BihCb,,,,2024-01-14
2024-01-16,Who's That Knocking at My Door,1967,https://boxd.it/5BNGIb,,,,2024-01-15
2024-01-17,Getting Any?,1994,https://boxd.it/5ChZSf,,,,2024-01-16
2024-01-19,Lucy in the Sky,2019,https://boxd.it/5CMNT3,,,,2024-01-17
2024-01-19,May December,2023,https://boxd.it/5DcbAf,,,,2024-01-18
2024-01-19,Leonard Cohen: I'm Your Man,2005,https://boxd.it/5DcddH,,Yes,,2024-01-18
2024-01-21,This Is Not Financial Advice,2023,https://boxd.it/5DLEJ1,,,,2024-01-19
2024-02-20,The Image Book,2018,https://boxd.it/5S9KVV,,,,2024-02-19
2024-02-20,Shaolin Soccer,2001,https://boxd.it/5Sels5,,Yes,,2024-02-19
2024-03-19,Speed,1994,https://boxd.it/65iVrR,,Yes,tv,2024-03-18
2024-03-19,Analyze This,1999,https://boxd.it/65iWuH,,Yes,tv,2024-03-18
2024-03-19,The Predator,2018,https://boxd.it/65jZ5n,,,tv,2024-03-18
2024-03-20,Analyze That,2002,https://boxd.it/65H2gJ,,Yes,tv,2024-03-19
2024-03-20,Yes Man,2008,https://boxd.it/65HX3R,,,tv,2024-03-19
2024-03-21,Ocean's Eleven,2001,https://boxd.it/666MqZ,,Yes,tv,2024-03-20
2024-03-21,License to Wed,2007,https://boxd.it/668o9p,,,tv,2024-03-20
2024-04-02,Leonard Cohen: I'm Your Man,2005,https://boxd.it/6bY7zT,,Yes,,2024-04-01
2024-04-02,On Approval,1944,https://boxd.it/6bY8aF,,,,2024-04-01
2024-04-02,Fassbinder,2015,https://boxd.it/6bYhhv,,,,2024-04-01
2024-04-03,The Invisible Guest,2016,https://boxd.it/6cxQKH,,,,2024-04-02
2024-04-03,Happy Death Day,2017,https://boxd.it/6cxZVT,,,,2024-04-02
2024-04-04,Nordstrand,2013,https://boxd.it/6cXW9T,,,,2024-04-03
2024-04-05,The House,2021,https://boxd.it/6dlBoL,,,,2024-04-04
2024-04-05,Rabbit in the Pit,1969,https://boxd.it/6dlBtr,,,,2024-04-04
2024-04-24,The Song of Lunch,2010,https://boxd.it/6kTK9L,,,,2024-04-23
2024-04-30,First Blood,1982,https://boxd.it/6nfnwz,,Yes,,2024-04-29
2024-04-30,Fern Brady: Autistic Bikini Queen,2024,https://boxd.it/6nnadv,,,,2024-04-29
2024-05-01,Taylor Swift: The Eras Tour,2023,https://boxd.it/6nKs19,,,,2024-04-30
2024-05-03,William Shatner: You Can Call Me Bill,2023,https://boxd.it/6oB1q3,,,,2024-05-02
2024-05-04,Snowmageddon,2011,https://boxd.it/6oWGU1,,Yes,,2024-05-03
2024-05-08,Spirited Away: Live on Stage,2022,https://boxd.it/6r1ocD,,,,2024-05-05
2024-05-07,Ferrari,2023,https://boxd.it/6qDEnf,,,,2024-05-06
2024-05-08,Fern Brady: Power & Chaos,2021,https://boxd.it/6qQjwr,,,,2024-05-07
2024-05-09,Jacqueline Novak: Get on Your Knees,2024,https://boxd.it/6rmab9,,,,2024-05-08
2024-05-10,Godzilla Minus One,2023,https://boxd.it/6rI9zD,,,,2024-05-09
2024-05-12,In Time,2011,https://boxd.it/6snsaT,,,,2024-05-10
2024-05-12,Mae Martin: SAP,2023,https://boxd.it/6smcPJ,,,,2024-05-11
2024-05-12,Fast Company,1979,https://boxd.it/6sngx7,,,,2024-05-11
2024-05-13,Coup de Chance,2023,https://boxd.it/6sK3MT,,,,2024-05-12
2024-05-13,Scenes from the Suburbs,2011,https://boxd.it/6sNz8x,,,,2024-05-12
2024-05-15,In the Soup,1992,https://boxd.it/6tHVkn,,,,2024-05-14
2024-05-17,Alice in Wonderland,2010,https://boxd.it/6ufxfL,,,,2024-05-16
2024-06-01,Alice Through the Looking Glass,2016,https://boxd.it/6Au0RV,,,,2024-05-31
2024-06-03,The Greenaway Alphabet,2017,https://boxd.it/6BixYv,,,,2024-06-02
2024-06-05,A Hard Problem,2021,https://boxd.it/6C0EVh,,,,2024-06-03
2024-06-05,Involuntary,2008,https://boxd.it/6Ck1uB,,,,2024-06-04
2024-06-06,Loriot's Great Cartoon Revue,2023,https://boxd.it/6CFwyL,,,,2024-06-05
2024-06-06,Supernova,2000,https://boxd.it/6CHkR1,,Yes,,2024-06-05
2024-06-07,Graphic Sexual Horror,2009,https://boxd.it/6D2uR3,,,,2024-06-06
2024-06-10,Dune: Part Two,2024,https://boxd.it/6E7qF7,,,,2024-06-08
2024-06-10,Bruce Springsteen & the E Street Band - Live in New York City,2001,https://boxd.it/6E7sPt,,,,2024-06-09
2024-06-10,Slipstream,2007,https://boxd.it/6Eb41n,,,,2024-06-09
2024-06-11,The Beach Boys,2024,https://boxd.it/6EJRC1,,,,2024-06-10
2024-06-12,Angel-A,2005,https://boxd.it/6F9TCJ,,,,2024-06-11
2024-06-14,Beau Is Afraid,2023,https://boxd.it/6FPsxr,,,,2024-06-13
2024-06-16,Argylle,2024,https://boxd.it/6Gtykt,,,,2024-06-15
2024-06-17,Everlasting Moments,2008,https://boxd.it/6H3dpJ,,,,2024-06-16
2024-06-17,Human Flow,2017,https://boxd.it/6H3gP1,,,,2024-06-16
2024-06-18,Monolith,2022,https://boxd.it/6HsEWZ,,,,2024-06-17
2024-06-24,4:44 Last Day on Earth,2011,https://boxd.it/6JzedV,,,,2024-06-19
2024-06-22,Print It Black,2024,https://boxd.it/6IWJ7B,,,,2024-06-21
2024-06-22,The Naked Civil Servant,1975,https://boxd.it/6IWJCT,,,,2024-06-21
2024-06-24,The Mask of Dimitrios,1944,https://boxd.it/6Jw885,,,,2024-06-22
2024-06-24,Uncropped,2023,https://boxd.it/6Jw8Y1,,,,2024-06-22
2024-06-24,Gerald's Game,2017,https://boxd.it/6JTJrz,,,,2024-06-23
2024-06-24,Girl Lost: A Hollywood Story,2020,https://boxd.it/6JTRDN,,,,2024-06-23
2024-06-25,White Noise,2022,https://boxd.it/6KfCex,,,,2024-06-24
2024-06-26,Auto Focus,2002,https://boxd.it/6KCfhT,,,,2024-06-25
2024-06-30,Blue Collar,1978,https://boxd.it/6M9dPp,,,,2024-06-28
2024-06-30,Call Girl,2012,https://boxd.it/6M9egb,,,,2024-06-29
2024-07-01,Full Frontal,2002,https://boxd.it/6MB6nf,,Yes,,2024-06-30
2024-07-01,Filmworker,2017,https://boxd.it/6MB7Yr,,,,2024-06-30
2024-07-02,Light Sleeper,1992,https://boxd.it/6N06lj,,,,2024-07-01
2024-07-02,Marguerite's Theorem,2023,https://boxd.it/6N07AJ,,,,2024-07-01
2024-07-03,The Decoy Bride,2011,https://boxd.it/6NgtJl,,,,2024-07-02
2024-07-05,Challengers,2024,https://boxd.it/6NRJUD,,,,2024-07-03
2024-07-05,Little Women,2019,https://boxd.it/6O6oQb,,,,2024-07-04
2024-07-06,The Power of the Dog,2021,https://boxd.it/6OCGhx,,,,2024-07-05
2024-07-07,My Favorite Shapes by Julio Torres,2019,https://boxd.it/6OSFMh,,,,2024-07-06
2024-07-08,The Fall Guy,2024,https://boxd.it/6PDs0N,,,,2024-07-07
2024-07-08,The Beekeeper,2024,https://boxd.it/6PDsoP,,,,2024-07-07
2024-07-09,Jimmy Carr: The Best of Ultimate Gold Greatest Hits,2019,https://boxd.it/6PIIKR,,,,2024-07-08
2024-07-09,Role Play,2023,https://boxd.it/6Q3NN9,,,,2024-07-08
2024-07-10,Hit Man,2023,https://boxd.it/6QlvUR,,,,2024-07-09
2024-07-11,Air,2023,https://boxd.it/6QTtnp,,,,2024-07-10
2024-07-11,King Otto,2021,https://boxd.it/6QTulJ,,,,2024-07-10
2024-07-13,Encounter,2021,https://boxd.it/6Rs7Dl,,,,2024-07-11
2024-07-13,Nights and Weekends,2008,https://boxd.it/6RLbR5,,,,2024-07-12
2024-07-13,Adrienne,2021,https://boxd.it/6RLcYL,,,,2024-07-12
2024-07-14,Love Lies Bleeding,2024,https://boxd.it/6ShHdv,,,,2024-07-13
2024-07-17,The Master and Margarita,2024,https://boxd.it/6Tsai9,,,,2024-07-16
2024-07-19,Certified Copy,2010,https://boxd.it/6UiMkh,,,,2024-07-17
2024-07-19,Reality,2023,https://boxd.it/6UvaqH,,,,2024-07-18
2024-07-20,"Apolonia, Apolonia",2022,https://boxd.it/6UWd15,,,,2024-07-19
2024-07-20,Pencils vs Pixels,2023,https://boxd.it/6UWeg1,,,,2024-07-19
2024-07-21,Cold Weather,2010,https://boxd.it/6VoOEz,,,,2024-07-20
2024-07-22,Seventeen,2019,https://boxd.it/6VW8Z9,,,,2024-07-21
2024-07-22,Space Oddity,2022,https://boxd.it/6VW9Dj,,,,2024-07-21
2024-07-23,Roger Dodger,2002,https://boxd.it/6WmLUJ,,Yes,,2024-07-22
2024-07-24,Privacy Settings,2013,https://boxd.it/6WAoaV,,Yes,,2024-07-23
2024-07-27,Factotum,2005,https://boxd.it/6Y25GN,,,,2024-07-24
2024-07-27,IF,2024,https://boxd.it/6Y1unp,,,,2024-07-26
2024-07-28,A Little Chaos,2014,https://boxd.it/6YnHIT,,,,2024-07-27
2024-07-28,A Good Person,2023,https://boxd.it/6YGfDJ,,,,2024-07-27
2024-07-29,Free Time,2023,https://boxd.it/6YPFuh,,,,2024-07-28
2024-07-29,The Artifice Girl,2022,https://boxd.it/6Z9MnH,,,,2024-07-28
2024-07-31,The King's Man,2021,https://boxd.it/6ZJHUN,,,,2024-07-29
2024-07-31,"tick, tick... BOOM!",2021,https://boxd.it/701fUh,,,,2024-07-30
2024-07-31,The Disruptors,2024,https://boxd.it/701gRX,,,,2024-07-30
2024-08-02,Problemista,2023,https://boxd.it/70NkFn,,,,2024-07-31
2024-08-02,Trouble Every Day,2001,https://boxd.it/70Nmzr,,,,2024-08-01
2024-08-02,Wetlands,2013,https://boxd.it/70Nrfh,,,,2024-08-01
2024-08-03,Clue,1985,https://boxd.it/713E5h,,Yes,,2024-08-02
2024-08-04,Interstellar,2014,https://boxd.it/71HZDp,,Yes,,2024-08-03
2024-08-04,The Science of Interstellar,2014,https://boxd.it/71I0nR,,,,2024-08-03
2024-08-04,Anyone But You,2023,https://boxd.it/71I0KV,,,,2024-08-03
2024-08-05,Deep Throat Part II,1974,https://boxd.it/71YBQt,,,,2024-08-04
2024-08-05,Happy Endings,2005,https://boxd.it/71YCeb,,,,2024-08-04
2024-08-06,Peep World,2010,https://boxd.it/72toCb,,,,2024-08-05
2024-08-06,Lousy Carter,2023,https://boxd.it/72tr1x,,,,2024-08-05
2024-08-10,Dream Scenario,2023,https://boxd.it/73TpRn,,,,2024-08-08
2024-08-10,The People's Joker,2022,https://boxd.it/743Osx,,,,2024-08-09
2024-08-10,Wavelength,1967,https://boxd.it/744tVF,,,,2024-08-09
2024-08-10,7 Days in Hell,2015,https://boxd.it/745Awp,,,,2024-08-09
2024-08-10,A World Without Women,2011,https://boxd.it/746JV1,,,,2024-08-09
2024-08-12,A Family Affair,2024,https://boxd.it/74ODxF,,,,2024-08-10
2024-08-12,Sex-Positive,2024,https://boxd.it/74OKgV,,,,2024-08-10
2024-08-13,The Idea of You,2024,https://boxd.it/75Fjsr,,,,2024-08-12
2024-08-14,Josh Widdicombe: Bit Much...,2022,https://boxd.it/767Znp,,,,2024-08-13
2024-08-16,A Horrible Woman,2017,https://boxd.it/76MQrJ,,,,2024-08-15
2024-08-16,The Instigators,2024,https://boxd.it/76MSpZ,,,,2024-08-15
2024-08-16,Inside Deep Throat,2005,https://boxd.it/76MTXN,,,,2024-08-15
2024-08-18,Lover for a Day,2017,https://boxd.it/77Vgzz,,,,2024-08-17
2024-08-18,The Great Escaper,2023,https://boxd.it/77VhTP,,,,2024-08-17
2024-08-19,Hustlers,2019,https://boxd.it/77ZLCx,,,,2024-08-18
2024-08-19,Odd Job,2016,https://boxd.it/78dKPD,,,,2024-08-18
2024-08-19,Parachute,2023,https://boxd.it/78iqOl,,,,2024-08-18
2024-08-20,Which Brings Me to You,2023,https://boxd.it/78LgDb,,,,2024-08-19
2024-09-14,Royal Palace,2005,https://boxd.it/7jXpzZ,,,tv,2024-09-13
2024-09-14,Braveheart,1995,https://boxd.it/7jXqNN,,Yes,tv,2024-09-13
2024-09-26,A Good Day to Die Hard,2013,https://boxd.it/7plp0D,,,tv,2024-09-25
2024-09-27,Moonfall,2022,https://boxd.it/7pGOcV,,Yes,tv,2024-09-26
2024-09-28,Edge of Tomorrow,2014,https://boxd.it/7q8Pc9,,Yes,tv,2024-09-27
2024-09-29,Gangster Squad,2013,https://boxd.it/7qBM2N,,Yes,tv,2024-09-28
2024-09-29,Deepwater Horizon,2016,https://boxd.it/7qBNyF,,Yes,tv,2024-09-28
2024-10-01,Mrs. Henderson Presents,2005,https://boxd.it/7rsTd5,,Yes,tv,2024-09-29
2024-10-01,Nights in Rodanthe,2008,https://boxd.it/7rAnP3,,,tv,2024-09-30
2024-10-20,Miss Hokusai,2015,https://boxd.it/7ATaDR,,,,2024-10-19
2024-10-21,Lonesome,1928,https://boxd.it/7Bo8WJ,,,,2024-10-19
2024-11-02,Daddio,2023,https://boxd.it/7HYfDZ,,,,2024-11-01
2024-11-02,How to Rob a Bank,2024,https://boxd.it/7HYgXL,,,,2024-11-01
2024-11-03,Pink Moon,2022,https://boxd.it/7IqQpr,,,,2024-11-02
2024-11-03,She Came to Me,2023,https://boxd.it/7IqTy7,,,,2024-11-02
2024-11-04,Strawberry Mansion,2021,https://boxd.it/7JcYLB,,,,2024-11-03
2024-11-07,Tommaso,2019,https://boxd.it/7K97A9,,,,2024-11-05
2024-11-07,Aquarius,2016,https://boxd.it/7Knhnn,,,,2024-11-06
2024-11-13,The Moon Over the Alley,1976,https://boxd.it/7NiSS5,,,,2024-11-11
2024-11-13,Sometimes I Think About Dying,2023,https://boxd.it/7NACf3,,,,2024-11-12
2024-11-13,Good Time,2017,https://boxd.it/7NAGdZ,,Yes,,2024-11-12
2024-11-14,Aporia,2023,https://boxd.it/7O23cT,,,,2024-11-13
2024-11-14,Applesauce,2015,https://boxd.it/7O24eL,,,,2024-11-13
2024-11-16,Strip Search,2004,https://boxd.it/7OvXK1,,,,2024-11-14
2024-11-16,7 Days in Hell,2015,https://boxd.it/7OMEmX,,Yes,,2024-11-15
2024-11-18,One Last Shot,1998,https://boxd.it/7Q7YW3,,,,2024-11-17
2024-11-18,Hussy,1980,https://boxd.it/7Q7ZXV,,,,2024-11-17
2024-11-27,Logistics,2011,https://boxd.it/7UB2Jr,,,,2024-11-22
2024-11-26,Leda,2021,https://boxd.it/7TVmGt,,,,2024-11-25
2024-11-26,A Tiger in Paradise,2023,https://boxd.it/7TW9It,,,,2024-11-25
2024-11-27,Holy Shit Man!,2021,https://boxd.it/7Um9mz,,,,2024-11-26
2024-11-27,Napoleon,2023,https://boxd.it/7UpaOF,,,,2024-11-26
2024-11-28,Battle for Sevastopol,2015,https://boxd.it/7UPWTP,,,,2024-11-27
2024-11-29,The Color Wheel,2011,https://boxd.it/7VkHq1,,,,2024-11-28
2024-11-30,Poison,2023,https://boxd.it/7VMlrR,,Yes,,2024-11-29
2024-11-30,Art Paul of Playboy: The Man Behind the Bunny,2020,https://boxd.it/7VNoyX,,,,2024-11-29
2024-12-01,"Phil Wang: Wang in There, Baby!",2024,https://boxd.it/7Wx7Ld,,,,2024-11-30
2024-12-02,Ellen DeGeneres: For Your Approval,2024,https://boxd.it/7WOhBh,,,,2024-12-01
2024-12-02,Deadpool & Wolverine,2024,https://boxd.it/7X2Ord,,,,2024-12-01
2024-12-02,Inside Out 2,2024,https://boxd.it/7X6v5P,,,,2024-12-01
2024-12-03,The Affairs of Aphrodite,1970,https://boxd.it/7Xy5UD,,,,2024-12-02
2024-12-03,Taking Chance,2009,https://boxd.it/7XAmcx,,,,2024-12-02
2024-12-04,Deceptive Practice: The Mysteries and Mentors of Ricky Jay,2012,https://boxd.it/7Y1IFb,,Yes,,2024-12-03
2024-12-05,Normal People Confessions,2020,https://boxd.it/7YpBzN,,,youtube,2024-12-04
2024-12-05,Ani*Kuri15: Good Morning,2007,https://boxd.it/7YpO2n,,,youtube,2024-12-04
2024-12-05,Scarlett,2016,https://boxd.it/7YpTIX,,,youtube,2024-12-04
2024-12-05,The Note,2022,https://boxd.it/7Yq1HN,,,youtube,2024-12-04
2024-12-06,4444444444,1998,https://boxd.it/7YThyP,,,youtube,2024-12-05
2024-12-06,In a Corner,1998,https://boxd.it/7YTkb5,,,youtube,2024-12-05
2024-12-06,Too Many Cooks,2014,https://boxd.it/7YTtjx,,,youtube,2024-12-05
2024-12-07,Presto,2008,https://boxd.it/7Zj8HP,,,youtube,2024-12-06
2024-12-07,Room 8,2013,https://boxd.it/7ZjhVL,,,youtube,2024-12-06
2024-12-07,Francis,2013,https://boxd.it/7ZjpjZ,,,youtube,2024-12-06
2024-12-07,The Eagleman Stag,2010,https://boxd.it/7ZjzHx,,,youtube,2024-12-06
2024-12-08,Beetlejuice,1988,https://boxd.it/7ZReNx,,Yes,,2024-12-07
2024-12-08,Beetlejuice Beetlejuice,2024,https://boxd.it/7ZRfPJ,,,,2024-12-07
2024-12-09,The Way Things Go,1987,https://boxd.it/80ixev,,,youtube,2024-12-08
2024-12-09,Bathtime in Clerkenwell,2002,https://boxd.it/80rtUb,,,youtube,2024-12-08
2024-12-09,Silent,2014,https://boxd.it/80rx2x,,,youtube,2024-12-08
2024-12-09,Elms,2014,https://boxd.it/80rBAN,,,youtube,2024-12-08
2024-12-09,Spanky: To the Pier and Back,2008,https://boxd.it/80rGvN,,,youtube,2024-12-08
2024-12-09,Fifty Percent Grey,2001,https://boxd.it/80rKZ3,,,youtube,2024-12-08
2024-12-10,The Holiday,2006,https://boxd.it/80TVah,,Yes,tv,2024-12-09
2024-12-10,Vantage Point,2008,https://boxd.it/80U4pF,,,tv,2024-12-09
2024-12-12,Spectre,2015,https://boxd.it/81NXCT,,,,2024-12-10
2024-12-12,Candy Cane Lane,2023,https://boxd.it/81OzkN,,,tv,2024-12-11
2024-12-12,No Time to Die,2021,https://boxd.it/81OFMD,,Yes,tv,2024-12-11
2024-12-12,Mistletoe Match,2022,https://boxd.it/81RIfN,,,tv,2024-12-11
2024-12-14,Here,2024,https://boxd.it/82x82n,,,,2024-12-12
2024-12-14,Daaaaaalí!,2023,https://boxd.it/82xgM9,,,,2024-12-12
2024-12-14,Porcelain Unicorn,2010,https://boxd.it/82M3tt,,,youtube,2024-12-13
2024-12-14,Coffer,2014,https://boxd.it/82MbJf,,,youtube,2024-12-13
2024-12-14,Lights Out,2013,https://boxd.it/82MmLh,,,youtube,2024-12-13
2024-12-15,Pros and Cons of Being Single,2024,https://boxd.it/83nRGh,,,,2024-12-14
2024-12-15,Yannick,2023,https://boxd.it/83p4Uj,,,,2024-12-14
2024-12-16,Wow! A Talking Fish!,1983,https://boxd.it/842iZv,,,youtube,2024-12-15
2024-12-16,Don't Hug Me I'm Scared 2,2014,https://boxd.it/842riv,,,youtube,2024-12-15
2024-12-16,Don't Hug Me I'm Scared 4,2015,https://boxd.it/842v6X,,,youtube,2024-12-15
2024-12-16,Don't Hug Me I'm Scared 5,2015,https://boxd.it/842AjH,,,youtube,2024-12-15
2024-12-16,Mermaid,1997,https://boxd.it/842Dc5,,,youtube,2024-12-15
2024-12-17,Allen Sunshine,2024,https://boxd.it/84AWip,,,,2024-12-16
2024-12-17,The Maker,2011,https://boxd.it/84Bu4L,,,youtube,2024-12-16
2024-12-17,The Employment,2008,https://boxd.it/84BBZ5,,,youtube,2024-12-16
2024-12-17,More,1998,https://boxd.it/84BNRn,,,youtube,2024-12-16
2024-12-18,Incredible But True,2022,https://boxd.it/8575at,,,,2024-12-17
2024-12-18,Eager,2014,https://boxd.it/857evZ,,,youtube,2024-12-17
2024-12-18,How to Lose Weight in 4 Easy Steps!,2016,https://boxd.it/857p1V,,,youtube,2024-12-17
2024-12-18,Bottle,2010,https://boxd.it/857B6X,,,vimeo,2024-12-17
2024-12-20,Deerskin,2019,https://boxd.it/85SFQ5,,,,2024-12-18
2024-12-20,Shadow Billionaire,2009,https://boxd.it/85SGR9,,,,2024-12-18
2024-12-20,The Dante Quartet,1987,https://boxd.it/867uDf,,,youtube,2024-12-19
2024-12-20,Remembering Gene Wilder,2023,https://boxd.it/86a0Nv,,,,2024-12-19
2024-12-20,Sisyphus,1974,https://boxd.it/86apq7,,,youtube,2024-12-19
2024-12-21,Smoking Causes Coughing,2022,https://boxd.it/86UKXD,,,,2024-12-20
2024-12-21,The Promise: The Making of Darkness on the Edge of Town,2010,https://boxd.it/86UMFh,,,,2024-12-20
2024-12-22,Fugue,1998,https://boxd.it/87jG9J,,,,2024-12-21
2024-12-22,Mandibles,2020,https://boxd.it/87poqp,,,,2024-12-21
2024-12-22,BOIS CERVEAU TV (1),2020,https://boxd.it/87ARKv,,,youtube,2024-12-22
2024-12-23,Head Over Heels,2012,https://boxd.it/881rAN,,,vimeo,2024-12-22
2024-12-23,Unedited Footage of a Bear,2014,https://boxd.it/8826kV,,,youtube,2024-12-22
2024-12-24,The Second Act,2024,https://boxd.it/88yVOr,,,,2024-12-22
2024-12-24,Head Over Heels,2012,https://boxd.it/88yWZl,,Yes,,2024-12-23
2024-12-24,Red One,2024,https://boxd.it/890fiJ,,,,2024-12-23
2024-12-24,Steak,2007,https://boxd.it/890fHf,,,,2024-12-23
2024-12-25,Take Cover,2024,https://boxd.it/89ztMD,,,,2024-12-24
2024-12-25,At the Drive-In,2017,https://boxd.it/89zwax,,,,2024-12-24
2024-12-26,The Backwater Gospel,2011,https://boxd.it/8ahjRL,,,youtube,2024-12-25
2024-12-26,Bio-Cop,2012,https://boxd.it/8ajXZz,,,youtube,2024-12-25
2024-12-26,Muto,2008,https://boxd.it/8akRPv,,,,2024-12-25
2024-12-26,Coffee and Cigarettes II,1989,https://boxd.it/8akW1l,,,,2024-12-25
2024-12-26,Big Bang Big Boom,2010,https://boxd.it/8alkBH,,,,2024-12-25
2024-12-27,Bo Burnham: Inside,2021,https://boxd.it/8bx0bR,,,,2024-12-26
2024-12-27,The 4:30 Movie,2024,https://boxd.it/8bx193,,,,2024-12-26
2024-12-28,The Wild Robot,2024,https://boxd.it/8coBoJ,,,,2024-12-27
2024-12-28,Money Shot: The Pornhub Story,2023,https://boxd.it/8coC0D,,,,2024-12-27
2024-12-28,I Used to Be Funny,2023,https://boxd.it/8coFhn,,,,2024-12-27
2024-12-29,The Visit,2015,https://boxd.it/8dmjD7,,,,2024-12-28
2024-12-29,The Critic,2023,https://boxd.it/8dmmBj,,,,2024-12-28
2024-12-29,Lady Chatterley's Lover,2022,https://boxd.it/8dmquh,,,,2024-12-28
2024-12-30,Fallen Leaves,2023,https://boxd.it/8dLZO7,,,,2024-12-29
2024-12-30,Keep an Eye Out,2018,https://boxd.it/8e3pcH,,,,2024-12-29
2024-12-30,Wrong Cops,2013,https://boxd.it/8e3qoJ,,,,2024-12-29
2024-12-31,I Lost My Body,2019,https://boxd.it/8ferrF,,,,2024-12-30
2024-12-31,Memoir of a Snail,2024,https://boxd.it/8fetfh,,,,2024-12-30
2025-01-02,Meanwhile on Earth,2024,https://boxd.it/8g4IhL,,,,2024-12-31
2025-01-02,Killer Heat,2024,https://boxd.it/8g4Iz1,,,,2024-12-31
2025-01-02,The Fish Child,2009,https://boxd.it/8h9yb3,,,,2025-01-01
2025-01-03,Kinds of Kindness,2024,https://boxd.it/8hQV0X,,,,2025-01-02
2025-01-04,A Different Man,2024,https://boxd.it/8jd8zf,,,,2025-01-03
2025-01-05,My First Film,2024,https://boxd.it/8jZl4P,,,,2025-01-04
2025-01-06,Carry-On,2024,https://boxd.it/8lnGJL,,,,2025-01-05
2025-01-07,Panic,2000,https://boxd.it/8mimqt,,,,2025-01-06
2025-01-07,Ceremony,2010,https://boxd.it/8mio0H,,,,2025-01-06
2025-01-08,Raymond & Ray,2022,https://boxd.it/8n6t9p,,,,2025-01-07
2025-01-08,Sapiosexual,2023,https://boxd.it/8n6wBV,,,,2025-01-07
2025-01-09,The Northman,2022,https://boxd.it/8o8W4B,,,,2025-01-08
2025-01-09,(Untitled),2009,https://boxd.it/8o92x5,,,,2025-01-08
2025-01-10,Cunk on Life,2024,https://boxd.it/8oRhHn,,,,2025-01-09
2025-01-10,Smiley Face,2007,https://boxd.it/8oRiuf,,,,2025-01-09
2025-01-11,Worlds Apart,2024,https://boxd.it/8pYqav,,,,2025-01-10
2025-01-11,Punch-Drunk Love,2002,https://boxd.it/8pYsF1,,Yes,,2025-01-10
2025-01-12,Zero,2010,https://boxd.it/8r5zuR,,,youtube,2025-01-11
2025-01-12,The Chest,2007,https://boxd.it/8r6NTD,,,vimeo,2025-01-11
2025-01-13,Black Box Diaries,2024,https://boxd.it/8syWFF,,,,2025-01-12
2025-01-13,Loverboy,2005,https://boxd.it/8syXED,,,,2025-01-12
2025-01-14,Memory,2023,https://boxd.it/8t6oMF,,,,2025-01-13
2025-01-15,The Paragon,2023,https://boxd.it/8tLTUH,,,,2025-01-14
2025-01-16,Paths of Hate,2011,https://boxd.it/8uvC39,,,,2025-01-15
2025-01-16,Neuro,2004,https://boxd.it/8uvZCB,,,youtube,2025-01-15
2025-01-16,EU & USA,2018,https://boxd.it/8uw8FJ,,,youtube,2025-01-15
2025-01-16,Splashback,2023,https://boxd.it/8uwWfB,,,,2025-01-15
2025-01-16,Paths of Hate,2011,https://boxd.it/8uvCsX,,Yes,youtube,2025-01-16
2025-01-17,Juror #2,2024,https://boxd.it/8vfz2z,,,,2025-01-16
2025-01-18,Megalopolis,2024,https://boxd.it/8wgNIP,,,,2025-01-17
2025-01-19,My Old Ass,2024,https://boxd.it/8x5NXR,,,,2025-01-18
2025-01-20,Misunderstood,1966,https://boxd.it/8y3SGr,,,,2025-01-19
2025-01-21,Misbehaviour,2020,https://boxd.it/8yPMS3,,,,2025-01-20
2025-01-22,The Way We Speak,2024,https://boxd.it/8zuMan,,,,2025-01-21
2025-01-22,Go Fish,1994,https://boxd.it/8zuMIT,,,,2025-01-21
2025-01-23,Continue,2022,https://boxd.it/8zZZAl,,,,2025-01-22
2025-01-25,The Protagonists,1999,https://boxd.it/8BfNOL,,,,2025-01-22
2025-02-08,Look Who's Back,2015,https://boxd.it/8L3Erp,,,,2025-01-23
2025-01-26,Guillermo del Toro's Pinocchio,2022,https://boxd.it/8C8fyT,,,,2025-01-24
2025-01-26,Team Thor: Part 2,2017,https://boxd.it/8Ce5nt,,,youtube,2025-01-24
2025-01-26,Are You the Favorite Person of Anybody?,2005,https://boxd.it/8Ce95X,,,youtube,2025-01-24
2025-01-26,I Met the Walrus,2007,https://boxd.it/8CelUX,,,youtube,2025-01-24
2025-01-27,Six Men Getting Sick,1967,https://boxd.it/8Dbdhh,,,,2025-01-25
2025-01-27,The Grandmother,1970,https://boxd.it/8DbeeN,,,,2025-01-25
2025-01-27,The Amputee,1974,https://boxd.it/8Dbfep,,,,2025-01-25
2025-01-27,Lumière & Company,1995,https://boxd.it/8DbguX,,,,2025-01-25
2025-01-28,Love,1964,https://boxd.it/8DRcWd,,,youtube,2025-01-27
2025-01-28,Get a Job,1985,https://boxd.it/8DRj5l,,,youtube,2025-01-27
2025-01-30,Moneyball,2011,https://boxd.it/8EYZtn,,Yes,tv,2025-01-28
2025-01-30,Wicked,2024,https://boxd.it/8FkZSB,,,,2025-01-29
2025-02-01,Erotic Passion,1981,https://boxd.it/8GpPol,,,,2025-01-30
2025-02-07,Looking for Her,2022,https://boxd.it/8KR5nj,,,,2025-02-06
2025-02-07,Top End Wedding,2019,https://boxd.it/8KR7AT,,,,2025-02-06
2025-02-08,Nosferatu,1922,https://boxd.it/8LGOaL,,,,2025-02-07
2025-02-08,Nosferatu,2024,https://boxd.it/8LGQ8x,,,,2025-02-07
2025-02-10,The Booksellers,2019,https://boxd.it/8Mxknr,,,,2025-02-08
2025-02-10,Anora,2024,https://boxd.it/8MFyK1,,,,2025-02-09
2025-02-10,Polygon,1977,https://boxd.it/8MUZO5,,,youtube,2025-02-09
2025-02-11,Silent Night,2023,https://boxd.it/8NDt6l,,,,2025-02-10
2025-02-12,A Real Pain,2024,https://boxd.it/8NZ24h,,,,2025-02-11
2025-02-12,Daphne,2017,https://boxd.it/8ObAQt,,,,2025-02-11
2025-02-13,Eden,2014,https://boxd.it/8ODw9L,,,,2025-02-12
2025-02-14,Mine,2016,https://boxd.it/8PfFm1,,,tv,2025-02-13
2025-02-14,Momentum,2015,https://boxd.it/8PfHYh,,,tv,2025-02-13
2025-02-14,By the Sea,2015,https://boxd.it/8PfKJJ,,,tv,2025-02-13
2025-02-14,Man of Tai Chi,2013,https://boxd.it/8PhRBV,,,tv,2025-02-13
2025-02-14,I See You,2019,https://boxd.it/8Pinzx,,,tv,2025-02-13
2025-02-15,Cobra,1986,https://boxd.it/8PO6ZH,,,tv,2025-02-14
2025-02-15,Assassin's Bullet,2012,https://boxd.it/8POzCH,,,tv,2025-02-14
2025-02-15,The Quest,1996,https://boxd.it/8POTUV,,,tv,2025-02-14
2025-02-16,Ambulance,2022,https://boxd.it/8QvvMT,,,tv,2025-02-15
2025-02-16,Evan Almighty,2007,https://boxd.it/8QvQWl,,,tv,2025-02-15
2025-02-16,Maid in Manhattan,2002,https://boxd.it/8QxeWV,,,tv,2025-02-15
2025-02-16,Sweet Home Alabama,2002,https://boxd.it/8QBa9D,,,tv,2025-02-15
2025-02-16,The Night House,2020,https://boxd.it/8QBT5r,,,tv,2025-02-15
2025-02-17,Kingdom of Heaven,2005,https://boxd.it/8ReXqr,,Yes,tv,2025-02-16
2025-02-17,A Perfect Match,2021,https://boxd.it/8RfoTb,,,tv,2025-02-16
2025-02-17,Allied,2016,https://boxd.it/8Rmc1Z,,,tv,2025-02-16
2025-02-17,Ava,2020,https://boxd.it/8RmgzV,,,tv,2025-02-16
2025-02-18,Over Her Dead Body,2008,https://boxd.it/8S1lKL,,,tv,2025-02-17
2025-02-18,Savages,2012,https://boxd.it/8S5Z9t,,Yes,tv,2025-02-17
2025-02-18,Tenet,2020,https://boxd.it/8S9X6F,,Yes,tv,2025-02-17
2025-02-18,There's Only One Jimmy Grimble,2000,https://boxd.it/8Sb7f5,,,tv,2025-02-17
2025-02-19,Twin Dragons,1992,https://boxd.it/8SFHuF,,,tv,2025-02-18
2025-02-19,Now You See Me,2013,https://boxd.it/8SJac7,,Yes,tv,2025-02-18
2025-02-19,The Gentlemen,2019,https://boxd.it/8SJNzz,,Yes,tv,2025-02-18
2025-02-19,Rambo: Last Blood,2019,https://boxd.it/8SJTjR,,,tv,2025-02-18
2025-02-20,The Hating Game,2021,https://boxd.it/8Tilsv,,Yes,tv,2025-02-19
2025-02-20,Shotgun Wedding,2022,https://boxd.it/8TjzIf,,,tv,2025-02-19
2025-02-20,Bride Wars,2009,https://boxd.it/8TjCI3,,,tv,2025-02-19
2025-02-21,Accidental Love,2015,https://boxd.it/8TPvSz,,Yes,tv,2025-02-20
2025-02-21,The Boss,2016,https://boxd.it/8TPyOF,,,tv,2025-02-20
2025-02-21,American Gangster,2007,https://boxd.it/8TTii7,,Yes,tv,2025-02-20
2025-02-22,A Taste of Romance,2012,https://boxd.it/8UrZuX,,,tv,2025-02-21
2025-02-22,Predator,1987,https://boxd.it/8UxqVr,,Yes,tv,2025-02-21
2025-02-23,Savages,2012,https://boxd.it/8VdeRV,,Yes,tv,2025-02-22
2025-02-23,Iron Mask,2019,https://boxd.it/8VdnWZ,,,tv,2025-02-22
2025-02-23,Fire with Fire,2012,https://boxd.it/8Vdxmx,,,tv,2025-02-22
2025-02-23,Twin Dragons,1992,https://boxd.it/8Veh4z,,Yes,tv,2025-02-22
2025-02-23,Shazam!,2019,https://boxd.it/8VgWlZ,,,tv,2025-02-22
2025-02-23,For Richer or Poorer,1997,https://boxd.it/8ViqVb,,,tv,2025-02-22
2025-02-23,Promising Young Woman,2020,https://boxd.it/8VjT4x,,,tv,2025-02-22
2025-02-24,Exodus: Gods and Kings,2014,https://boxd.it/8VSD5J,,,tv,2025-02-23
2025-02-24,Minority Report,2002,https://boxd.it/8VXNp5,,Yes,tv,2025-02-23
2025-02-24,The Marksman,2021,https://boxd.it/8VYXtD,,,tv,2025-02-23
2025-02-25,The Runner,2015,https://boxd.it/8WBiKV,,,tv,2025-02-24
2025-02-25,Hostage,2005,https://boxd.it/8WDJ55,,,tv,2025-02-24
2025-02-26,Police Story 4: First Strike,1996,https://boxd.it/8Xbhdt,,Yes,tv,2025-02-25
2025-02-26,The Dilemma,2011,https://boxd.it/8Xbj0r,,,tv,2025-02-25
2025-02-26,Beyond a Reasonable Doubt,2009,https://boxd.it/8XdNyn,,,tv,2025-02-25
2025-02-26,Unlocked,2017,https://boxd.it/8Xf0zv,,,tv,2025-02-25
2025-02-26,We Die Young,2019,https://boxd.it/8XilI5,,,tv,2025-02-25
2025-02-26,Kung Fu Yoga,2017,https://boxd.it/8Xj96Z,,,tv,2025-02-25
2025-02-27,Manglehorn,2014,https://boxd.it/8XJvEr,,Yes,tv,2025-02-26
2025-02-27,Around the World in 80 Days,2004,https://boxd.it/8XJzqN,,,tv,2025-02-26
2025-03-01,The Brutalist,2024,https://boxd.it/8ZcFt1,,,παλλάς,2025-02-28
2025-03-05,The Professor and the Madman,2019,https://boxd.it/91AcD3,,Yes,tv,2025-03-04
2025-03-05,Flightplan,2005,https://boxd.it/91Agld,,Yes,tv,2025-03-04
2025-03-05,Unbreakable,2000,https://boxd.it/91CEhX,,Yes,tv,2025-03-04
2025-03-06,Meet Joe Black,1998,https://boxd.it/92hZFD,,Yes,tv,2025-03-05
2025-03-08,"Oh, Canada",2024,https://boxd.it/93b8cb,,,,2025-03-06
2025-03-08,Conclave,2024,https://boxd.it/93nfLr,,,,2025-03-07
2025-03-09,When in Rome,2024,https://boxd.it/943kVF,,,,2025-03-08
2025-03-09,American Fiction,2023,https://boxd.it/94xpIV,,,,2025-03-08
2025-03-10,Lee Mack's Road to Soccer Aid,2021,https://boxd.it/94VcLl,,,,2025-03-09
2025-03-11,Confessions of a Romance Narrator,2025,https://boxd.it/95o6GR,,,,2025-03-09
2025-03-12,The First Slam Dunk,2022,https://boxd.it/969jZr,,,,2025-03-10
2025-03-12,American Meltdown,2023,https://boxd.it/96qGAX,,,,2025-03-11
2025-03-14,Hellboy,2004,https://boxd.it/97cDeP,,,,2025-03-12
2025-03-14,Hellboy II: The Golden Army,2008,https://boxd.it/97vNLd,,,,2025-03-13
2025-03-15,Thomas Müller - One of a Kind,2025,https://boxd.it/97MNZN,,,,2025-03-14
2025-03-16,Asteroid City,2023,https://boxd.it/98swPb,,,,2025-03-15
2025-03-17,All the Wrong Ingredients,2023,https://boxd.it/99l6et,,,,2025-03-15
2025-03-17,Too Funny to Fail: The Life & Death of The Dana Carvey Show,2017,https://boxd.it/99l9s9,,,,2025-03-16
2025-03-18,The Doom Generation,1995,https://boxd.it/9a8Ho9,,,,2025-03-17
2025-03-18,Upgraded,2024,https://boxd.it/9a8HMP,,,,2025-03-17
2025-03-19,Clairevoyant,2021,https://boxd.it/9atLan,,,,2025-03-18
2025-03-21,Levels,2024,https://boxd.it/9bj0dt,,,,2025-03-19
2025-03-21,Team Thor,2016,https://boxd.it/9bpciR,,,youtube,2025-03-20
2025-03-21,The Man Who Was Afraid of Falling,2011,https://boxd.it/9bpgHh,,,vimeo,2025-03-20
2025-03-21,Harpy,1979,https://boxd.it/9bppxZ,,,youtube,2025-03-20
2025-03-21,Consent,2004,https://boxd.it/9bpumn,,,youtube,2025-03-20
2025-03-22,Old Guy,2024,https://boxd.it/9c1hDr,,,,2025-03-21
2025-03-23,Le Week-End,2013,https://boxd.it/9cwPbX,,,,2025-03-22
2025-03-23,Cunk on Shakespeare,2016,https://boxd.it/9cwSid,,,,2025-03-22
2025-03-23,Turn Me On,2024,https://boxd.it/9cF6y1,,,,2025-03-22
2025-03-23,I Am Still Here,2017,https://boxd.it/9cF869,,,,2025-03-22
2025-03-24,Guillermo del Toro's Pinocchio: Handcarved Cinema,2022,https://boxd.it/9dpR9z,,,,2025-03-23
2025-03-24,Knox Goes Away,2023,https://boxd.it/9dpS0t,,,,2025-03-23
2025-03-24,The Doors Are Open,1968,https://boxd.it/9dpT1R,,,,2025-03-23
2025-03-27,Sign Painters,2014,https://boxd.it/9eJSV9,,,,2025-03-24
2025-03-27,Bus 44,2001,https://boxd.it/9eWt9l,,,youtube,2025-03-26
2025-03-27,The OceanMaker,2014,https://boxd.it/9eWuCD,,,youtube,2025-03-26
2025-03-28,Milk of Amnesia,1992,https://boxd.it/9frLGp,,,youtube,2025-03-27
2025-03-28,Hunger,1974,https://boxd.it/9frPfn,,,youtube,2025-03-27
2025-03-30,Calamari Union,1985,https://boxd.it/9gh2Td,,,,2025-03-28
2025-03-30,Chelsea Walls,2001,https://boxd.it/9ghd3d,,,,2025-03-28
2025-03-30,Curiosa,2019,https://boxd.it/9gQ4eV,,,,2025-03-29
2025-03-30,Bad Tidings,2024,https://boxd.it/9gQ99L,,,,2025-03-29
2025-03-31,The Hero,1994,https://boxd.it/9h6xAj,,,,2025-03-30
2025-03-31,Thank You Very Much,2023,https://boxd.it/9hgXPf,,,,2025-03-30
2025-03-31,Just Before Losing Everything,2013,https://boxd.it/9hgZDl,,,,2025-03-30
2025-04-01,The Marching Band,2024,https://boxd.it/9i3Dhl,,,,2025-03-31
2025-04-01,Fresh Kill,1994,https://boxd.it/9i3EGr,,,,2025-03-31
2025-04-02,Trunk - Locked In,2023,https://boxd.it/9iwujv,,,,2025-04-01
2025-04-02,The War with Grandpa,2020,https://boxd.it/9iwuGp,,,,2025-04-01
2025-04-03,Back in Action,2025,https://boxd.it/9j09gP,,,,2025-04-02
2025-04-04,Desert Blue,1998,https://boxd.it/9jw18n,,,,2025-04-03
2025-04-04,My Dead Friend Zoe,2024,https://boxd.it/9jwd5v,,,,2025-04-03
2025-04-05,A Good Enough Day,2022,https://boxd.it/9k1Ltt,,,,2025-04-04
2025-04-06,Black Rider,1993,https://boxd.it/9kpdqX,,,youtube,2025-04-05
2025-04-06,Shift,1982,https://boxd.it/9kpwjr,,,youtube,2025-04-05
2025-04-06,Everything Is a Number,1967,https://boxd.it/9kpEmj,,,youtube,2025-04-05
2025-04-06,The Cat Piano,2009,https://boxd.it/9kpHM5,,,youtube,2025-04-05
2025-04-07,Herbie,1966,https://boxd.it/9lbOeZ,,,,2025-04-06
2025-04-07,Rope Dance,1986,https://boxd.it/9ls7Ef,,,,2025-04-06
2025-04-08,Broken English,2007,https://boxd.it/9lNCep,,,,2025-04-07
2025-04-13,Nightmare at School,2007,https://boxd.it/9onZPN,,,youtube,2025-04-12
2025-04-13,The Absent-Minded Waiter,1977,https://boxd.it/9oo3Ez,,,youtube,2025-04-12
2025-04-14,Caldera,2012,https://boxd.it/9p4q3Z,,,youtube,2025-04-13
2025-04-14,The Girl Who Hated Books,2006,https://boxd.it/9p4zk1,,,youtube,2025-04-13
2025-04-15,Uncanny Valley,2015,https://boxd.it/9pAjGJ,,,youtube,2025-04-14
2025-04-15,78 Tours,1985,https://boxd.it/9pAzGP,,,youtube,2025-04-14
2025-04-15,"Very Nice, Very Nice",1961,https://boxd.it/9pAFy3,,,youtube,2025-04-14
2025-04-19,Parthenope,2024,https://boxd.it/9s80kv,,,,2025-04-18
2025-04-20,Maisie Adam: Appraisal,2024,https://boxd.it/9sz3Bj,,,,2025-04-19
2025-04-21,Sean Lock: Purple Van Man,2013,https://boxd.it/9tr2xt,,,,2025-04-19
2025-04-21,Good Grief,2023,https://boxd.it/9tr4t9,,,,2025-04-20
2025-04-21,Die Alone,2024,https://boxd.it/9tr5xV,,,,2025-04-20
2025-04-23,A Working Man,2025,https://boxd.it/9usSmD,,,,2025-04-21
2025-04-23,Rich Flu,2024,https://boxd.it/9usT33,,,,2025-04-21
2025-04-24,Super Zeroes,2012,https://boxd.it/9vq5TD,,,,2025-04-22
2025-04-24,Savoring Paris,2024,https://boxd.it/9vq6iN,,,,2025-04-23
2025-04-24,Scenes from the Life of Andy Warhol: Friendships and Intersections,1990,https://boxd.it/9vq8cn,,,,2025-04-23
2025-04-25,The Passion of Martin,1991,https://boxd.it/9vYmAr,,,,2025-04-24
2025-04-25,Thong Girls,1987,https://boxd.it/9vYn8t,,,,2025-04-24
2025-04-26,Batman: Strange Days,2014,https://boxd.it/9wfYdT,,,youtube,2025-04-25
2025-04-26,Azureus Rising,2010,https://boxd.it/9wg6pj,,,youtube,2025-04-25
2025-04-27,"Television, the Eye of Tomorrow",1947,https://boxd.it/9wHmI1,,,youtube,2025-04-26
2025-04-27,Process Red,1966,https://boxd.it/9wXncR,,,youtube,2025-04-26
2025-04-27,Migration (for Jack Nelson),1976,https://boxd.it/9wXpeb,,,youtube,2025-04-26
2025-04-27,Santa's Workshop,1932,https://boxd.it/9wXr5b,,,youtube,2025-04-26
2025-04-27,Even Pigeons Go to Heaven,2007,https://boxd.it/9wXyWL,,,youtube,2025-04-26
2025-04-28,Choose Me,1984,https://boxd.it/9xHPvT,,,,2025-04-27
2025-04-28,Magpie,2024,https://boxd.it/9xHQBt,,,,2025-04-27
2025-04-30,The Last Showgirl,2024,https://boxd.it/9yzOv7,,,,2025-04-28
2025-04-30,Black Bag,2025,https://boxd.it/9ySIHz,,,,2025-04-29
2025-05-01,Cottontail,2023,https://boxd.it/9zksrV,,,,2025-04-30
2025-05-01,Becoming Led Zeppelin,2025,https://boxd.it/9zktnb,,,,2025-04-30
2025-05-02,Trigger Happy,2025,https://boxd.it/9zWLE1,,,,2025-05-01
2025-05-03,The Marsh King's Daughter,2023,https://boxd.it/9AyK5b,,,,2025-05-02
2025-05-03,Cleaner,2025,https://boxd.it/9AyLph,,,,2025-05-02
2025-05-04,Poor Things,2023,https://boxd.it/9B1fLj,,,,2025-05-03
2025-05-04,Kinetta,2005,https://boxd.it/9B1gMn,,,,2025-05-03
2025-05-05,The Life List,2025,https://boxd.it/9C3aBV,,,,2025-05-04
2025-05-05,The Rubber-Keyed Wonder,2024,https://boxd.it/9C3boX,,,,2025-05-04
2025-05-07,The Outrun,2024,https://boxd.it/9CVBSH,,,,2025-05-06
2025-05-08,Auction,2024,https://boxd.it/9Drgel,,,,2025-05-07
2025-05-08,A Billion Colour Story,2016,https://boxd.it/9DriuZ,,,,2025-05-07
2025-05-09,Chronesthesia,2016,https://boxd.it/9E406j,,,,2025-05-08
2025-05-11,The End,2024,https://boxd.it/9FgRrx,,,,2025-05-10
2025-05-11,The Outsiders,1983,https://boxd.it/9FgWC1,,,,2025-05-10
2025-05-11,Two Scoops of Italy,2024,https://boxd.it/9Fh2zn,,,,2025-05-10
2025-05-12,Young Woman and the Sea,2024,https://boxd.it/9FXIvr,,,,2025-05-11
2025-05-13,Black Bear,2020,https://boxd.it/9GsViR,,,,2025-05-12
2025-05-14,Sex,2024,https://boxd.it/9GXfFV,,,,2025-05-12
2025-05-14,Last Night,1998,https://boxd.it/9GXgwP,,,,2025-05-13
2025-05-15,King of the Hill,1993,https://boxd.it/9HtWrh,,,,2025-05-14
2025-05-15,Katherine Ryan: Missus,2022,https://boxd.it/9HtXJ7,,,,2025-05-14
2025-05-17,ABBA: Against the Odds,2024,https://boxd.it/9IyQcz,,,,2025-05-16
2025-05-17,John Kearns: The Varnishing Days,2024,https://boxd.it/9IyQFL,,,,2025-05-16
2025-05-18,I Want to Live on Mars,2023,https://boxd.it/9Jdr01,,,,2025-05-17
2025-05-18,I Went Down,1997,https://boxd.it/9Jdsb5,,,,2025-05-17
2025-05-20,How to Make a Killing,2024,https://boxd.it/9KsPtb,,,,2025-05-19
2025-05-20,How Deep is the Ocean,2023,https://boxd.it/9KsQJf,,,,2025-05-19
2025-05-21,Female Teacher in Rope Hell,1981,https://boxd.it/9KR7qx,,,,2025-05-20
2025-05-22,The Lady and the Reaper,2009,https://boxd.it/9Lix4r,,,youtube,2025-05-21
2025-05-22,Sunspring,2016,https://boxd.it/9LiIiT,,Yes,youtube,2025-05-21
2025-05-22,It's No Game,2017,https://boxd.it/9LiKn7,,,youtube,2025-05-21
2025-05-24,The Chair,1963,https://boxd.it/9Muw8F,,,youtube,2025-05-23
2025-05-25,The Ballad of Wallis Island,2025,https://boxd.it/9Nt7r5,,,,2025-05-24
2025-05-25,The Parenting,2025,https://boxd.it/9Nt927,,,,2025-05-24
2025-05-26,I'm Still Here,2024,https://boxd.it/9O1jdd,,,,2025-05-25
2025-05-27,In the Bedroom,2001,https://boxd.it/9OUFiT,,,,2025-05-26
2025-05-28,Nowhere,1997,https://boxd.it/9PuIOl,,,,2025-05-27
2025-05-28,Sight: Extended,2023,https://boxd.it/9PuKll,,,,2025-05-27
2025-05-29,Thank You Mask Man,1971,https://boxd.it/9PNwdl,,,youtube,2025-05-28
2025-05-29,The Black Hole,2008,https://boxd.it/9PNAGV,,Yes,youtube,2025-05-28
2025-05-29,Suckablood,2012,https://boxd.it/9PNKGh,,,youtube,2025-05-28
2025-05-30,The Assessment,2024,https://boxd.it/9QuUdZ,,,,2025-05-29
2025-05-30,I Am Easy to Find,2019,https://boxd.it/9Qv7Kx,,,youtube,2025-05-30
2025-06-01,Greg Davies: The Back of My Mum's Head,2013,https://boxd.it/9RuhAp,,,,2025-05-30
2025-06-01,Greg Davies: Firing Cheeseballs at a Dog,2011,https://boxd.it/9RuiiB,,,,2025-05-30
2025-06-01,The Rat Catcher,2023,https://boxd.it/9RzpVb,,,,2025-05-31
2025-06-02,Maybe Forever,2024,https://boxd.it/9S7x1t,,,,2025-05-31
2025-06-02,Bernard and the Genie,1991,https://boxd.it/9S7C77,,,,2025-05-31
2025-06-02,Brothers,2024,https://boxd.it/9SBjk7,,,,2025-06-01
2025-06-02,God of Love,2010,https://boxd.it/9SBkjT,,,,2025-06-01
2025-06-02,Stereo (Tile 3B of a CAEE Educational Mosaic),1969,https://boxd.it/9SKw6P,,,,2025-06-02
2025-06-02,Medusa,1998,https://boxd.it/9SKY4n,,,youtube,2025-06-02
2025-06-03,Steam,2007,https://boxd.it/9SWO1d,,,youtube,2025-06-02
2025-06-03,From Roger Moore with Love,2024,https://boxd.it/9TiYpt,,,,2025-06-02
2025-06-04,Fractured,2019,https://boxd.it/9TRtxh,,,,2025-06-03
2025-06-04,Fight or Flight,2024,https://boxd.it/9TRBxJ,,,,2025-06-03
2025-06-05,The Return,2024,https://boxd.it/9U9AV7,,,youtube,2025-06-04
2025-06-05,C'mon C'mon,2021,https://boxd.it/9Us1oP,,,,2025-06-04
2025-06-07,Snow White,2025,https://boxd.it/9VeSNf,,,,2025-06-05
2025-06-07,Sneakers,1992,https://boxd.it/9VeVLV,,Yes,,2025-06-05
2025-06-07,Room 666,1982,https://boxd.it/9VjSkx,,,,2025-06-06
2025-06-08,Jack Reacher,2012,https://boxd.it/9WdIvd,,Yes,,2025-06-07
2025-06-08,Jack Reacher: Never Go Back,2016,https://boxd.it/9WdJgj,,Yes,,2025-06-07
2025-06-09,IT'S SO OVER,,https://boxd.it/9WleLL,,,vimeo,2025-06-08
2025-06-09,The Accountant,2016,https://boxd.it/9WWkaP,,Yes,,2025-06-08
2025-06-09,The Accountant²,2025,https://boxd.it/9WWkVB,,,,2025-06-08
2025-06-10,Mr. K,2024,https://boxd.it/9XqYjd,,,,2025-06-09
2025-06-10,Mountainhead,2025,https://boxd.it/9XqZlf,,,,2025-06-09
2025-06-10,Paycheck,2003,https://boxd.it/9Xr2up,,Yes,,2025-06-09
2025-06-11,Three Birthdays,2023,https://boxd.it/9XVVo7,,,,2025-06-10
2025-06-11,Nora,2012,https://boxd.it/9XW70h,,,youtube,2025-06-10
2025-06-12,Where the Truth Lies,2005,https://boxd.it/9YwDLL,,,,2025-06-11
2025-06-13,The Old Mill,1937,https://boxd.it/9Z1UvH,,,youtube,2025-06-12
2025-06-13,The Consequences of Feminism,1906,https://boxd.it/9Z2ciL,,,youtube,2025-06-12
2025-06-13,Code 8,2016,https://boxd.it/9Z2hMV,,,youtube,2025-06-12
2025-06-13,Hippy Porn,1991,https://boxd.it/9Zg9Vt,,,,2025-06-12
2025-06-14,The Substance,2024,https://boxd.it/9ZGmk3,,,,2025-06-13
2025-06-15,The Friend,2024,https://boxd.it/a0nG91,,,,2025-06-14
2025-06-16,"Love, Simon",2018,https://boxd.it/a1aoIb,,Yes,,2025-06-15
2025-06-16,The Graduates,2023,https://boxd.it/a1aqjH,,,,2025-06-15
2025-06-17,Good Girl Jane,2022,https://boxd.it/a1NLeL,,,,2025-06-16
2025-06-18,Nightmare Alley,2021,https://boxd.it/a2ojlj,,,,2025-06-17
2025-06-19,Broke,2025,https://boxd.it/a3aYZF,,,,2025-06-18
2025-06-20,I Am Mother,2019,https://boxd.it/a3PxXT,,,,2025-06-19
2025-06-21,The Gunfighter,2014,https://boxd.it/a4bsej,,,vimeo,2025-06-20
2025-06-21,One Man Band,2005,https://boxd.it/a4buBp,,,vimeo,2025-06-20
2025-06-21,Run,2012,https://boxd.it/a4bG0Z,,,vimeo,2025-06-20
2025-06-22,Midsommar,2019,https://boxd.it/a51hdD,,,,2025-06-21
2025-06-23,The Arrival of a Train at La Ciotat,1896,https://boxd.it/a5ve1J,,,cinémathèque,2025-06-22
2025-06-23,Workers Leaving the Lumière Factory,1895,https://boxd.it/a5veID,,,cinémathèque,2025-06-22
2025-06-23,The Sprinkler Sprinkled,1895,https://boxd.it/a5vfBN,,,cinémathèque,2025-06-22
2025-06-23,Baby's Meal,1895,https://boxd.it/a5vgjP,,,cinémathèque,2025-06-22
2025-06-23,The Photographical Congress Arrives in Lyon,1895,https://boxd.it/a5vh0p,,,cinémathèque,2025-06-22
2025-06-23,Demolition of a Wall,1896,https://boxd.it/a5vi3f,,,cinémathèque,2025-06-22
2025-06-23,The Card Game,1896,https://boxd.it/a5viYv,,,cinémathèque,2025-06-22
2025-06-23,The Blacksmiths,1895,https://boxd.it/a5vkwD,,,cinémathèque,2025-06-22
2025-06-23,Landing of Dreyfus at Quiberon,1899,https://boxd.it/a5vyZJ,,,cinémathèque,2025-06-22
2025-06-23,Robinson Crusoe,1902,https://boxd.it/a5vA1B,,,cinémathèque,2025-06-22
2025-06-23,Whimsical Illusions,1909,https://boxd.it/a5vBrP,,,cinémathèque,2025-06-22
2025-06-23,The One-Man Band,1900,https://boxd.it/a5vCwL,,,cinémathèque,2025-06-22
2025-06-23,Joan of Arc,1900,https://boxd.it/a5vDil,,,cinémathèque,2025-06-22
2025-06-23,The Man with the Rubber Head,1901,https://boxd.it/a5vE4f,,,cinémathèque,2025-06-22
2025-06-23,The Kingdom of the Fairies,1903,https://boxd.it/a5vFQ5,,,cinémathèque,2025-06-22
2025-06-23,The Four Troublesome Heads,1898,https://boxd.it/a5vGBb,,,cinémathèque,2025-06-22
2025-06-23,The Infernal Cauldron,1903,https://boxd.it/a5vHzl,,,cinémathèque,2025-06-22
2025-06-23,The Astronomer's Dream,1898,https://boxd.it/a5vIw3,,,cinémathèque,2025-06-22
2025-06-23,A Trip to the Moon,1902,https://boxd.it/a5vJAv,,Yes,cinémathèque,2025-06-22
2025-06-26,Jurassic World: Fallen Kingdom,2018,https://boxd.it/a7APzr,,,sncf,2025-06-25
2025-06-26,Revoir Paris,2022,https://boxd.it/a7FzG7,,,,2025-06-25
2025-06-27,Boiling Point,2019,https://boxd.it/a8styp,,,,2025-06-26
2025-06-27,Goodrich,2024,https://boxd.it/a8sumJ,,,,2025-06-26
2025-06-28,Dunderklumpen!,1974,https://boxd.it/a8xCBd,,,youtube,2025-06-27
2025-06-28,Walking and Talking,1996,https://boxd.it/a8StBF,,,,2025-06-27
2025-06-29,Walking Tall,2004,https://boxd.it/a9KgKn,,,,2025-06-28
2025-06-29,Wait Until Dark,1967,https://boxd.it/a9KhWT,,,,2025-06-28
2025-06-30,The Boy Who Wanted To Be A Lion,2010,https://boxd.it/aa3trr,,,youtube,2025-06-29
2025-06-30,Rocks,2001,https://boxd.it/aa3z1f,,,youtube,2025-06-29
2025-06-30,Malaria,2013,https://boxd.it/aa3JGR,,,vimeo,2025-06-29
2025-06-30,The Amateur,2025,https://boxd.it/aajYN1,,,,2025-06-29
2025-06-30,Saint John of Las Vegas,2009,https://boxd.it/aak0lX,,,,2025-06-29
2025-07-01,Palindromes,2004,https://boxd.it/abbOEL,,,,2025-06-30
2025-07-02,Venice 70: Future Reloaded,2013,https://boxd.it/abjXv5,,,youtube,2025-07-01
2025-07-02,Venice 70: Future Reloaded,2013,https://boxd.it/abjZDP,,,youtube,2025-07-01
2025-07-02,The Phoenician Scheme,2025,https://boxd.it/abzRJd,,,,2025-07-01
2025-07-02,Art of Love,1983,https://boxd.it/abzUNn,,,,2025-07-01
2025-07-03,Venice 70: Future Reloaded,2013,https://boxd.it/ac4qPZ,,,youtube,2025-07-02
2025-07-03,Venice 70: Future Reloaded,2013,https://boxd.it/ac5hcB,,,youtube,2025-07-02
2025-07-03,Venice 70: Future Reloaded,2013,https://boxd.it/ac5mh7,,,youtube,2025-07-02
2025-07-03,Venice 70: Future Reloaded,2013,https://boxd.it/ac5ocX,,,youtube,2025-07-02
2025-07-03,Venice 70: Future Reloaded,2013,https://boxd.it/ac5rrL,,Yes,youtube,2025-07-02
2025-07-03,Venice 70: Future Reloaded,2013,https://boxd.it/ac5tLX,,,youtube,2025-07-02
2025-07-03,Venice 70: Future Reloaded,2013,https://boxd.it/ac5x2d,,,youtube,2025-07-02
2025-07-03,Venice 70: Future Reloaded,2013,https://boxd.it/ac5zCH,,,youtube,2025-07-02
2025-07-03,Venice 70: Future Reloaded,2013,https://boxd.it/ac5CKf,,,youtube,2025-07-02
2025-07-03,Venice 70: Future Reloaded,2013,https://boxd.it/ac5EON,,,youtube,2025-07-02
2025-07-03,Venice 70: Future Reloaded,2013,https://boxd.it/ac5JI1,,,youtube,2025-07-02
2025-07-03,Venice 70: Future Reloaded,2013,https://boxd.it/ac5KQ1,,,youtube,2025-07-02
2025-07-03,Venice 70: Future Reloaded,2013,https://boxd.it/ac5LH5,,,youtube,2025-07-02
2025-07-03,Venice 70: Future Reloaded,2013,https://boxd.it/ac5OaN,,,youtube,2025-07-02
2025-07-03,Venice 70: Future Reloaded,2013,https://boxd.it/ac5Twz,,,youtube,2025-07-02
2025-07-03,Venice 70: Future Reloaded,2013,https://boxd.it/ac5Wrx,,,youtube,2025-07-02
2025-07-03,Venice 70: Future Reloaded,2013,https://boxd.it/ac5Xu3,,,youtube,2025-07-02
2025-07-03,Venice 70: Future Reloaded,2013,https://boxd.it/ac5YnR,,,youtube,2025-07-02
2025-07-03,Venice 70: Future Reloaded,2013,https://boxd.it/ac69P3,,,youtube,2025-07-02
2025-07-03,Venice 70: Future Reloaded,2013,https://boxd.it/ac6dKB,,,youtube,2025-07-02
2025-07-03,Noël Coward's Present Laughter,2017,https://boxd.it/ac7qlL,,,,2025-07-02
2025-07-03,"Literally, Right Before Aaron",2017,https://boxd.it/acx2jt,,,,2025-07-02
2025-07-03,A Greek Recipe for Romance,2024,https://boxd.it/acx33L,,,,2025-07-02
2025-07-04,The Penguin Lessons,2024,https://boxd.it/adaHZN,,,,2025-07-03
2025-07-05,Balestra,2024,https://boxd.it/adxmu1,,,,2025-07-04
2025-07-06,Better Man,2024,https://boxd.it/aejKr7,,,,2025-07-05
2025-07-07,Deep Cover,2025,https://boxd.it/af7LE7,,,,2025-07-06
2026-05-17,The Counterfeit Coin,1955,https://boxd.it/eokaeF,,Yes,,2025-07-10
2025-07-16,This Is How the World Ends,2000,https://boxd.it/alN0pd,,,youtube,2025-07-15
2025-07-17,Rampage,2018,https://boxd.it/amxe33,,Yes,tv,2025-07-16
2025-07-17,Guess Who,2005,https://boxd.it/amxhrd,,,tv,2025-07-16
2025-07-18,The Last Witch Hunter,2015,https://boxd.it/anv3yp,,Yes,tv,2025-07-17
2025-07-22,Jobs,2013,https://boxd.it/aqp6fb,,,tv,2025-07-21
2025-07-22,The Day After Tomorrow,2004,https://boxd.it/aqpc4N,,Yes,tv,2025-07-21
2025-07-22,Edge of Tomorrow,2014,https://boxd.it/aqpkNL,,Yes,tv,2025-07-21
2025-07-22,One True Thing,1998,https://boxd.it/aqP5EB,,,tv,2025-07-21
2025-07-23,Bad Company,1972,https://boxd.it/arh7ml,,,,2025-07-22
2025-07-25,Ghost Dog: The Way of the Samurai,1999,https://boxd.it/aspuQD,,,,2025-07-23
2025-07-27,Results,2015,https://boxd.it/auPdlt,,,,2025-07-26
2025-07-27,The Speedway Murders,2023,https://boxd.it/auPey9,,,,2025-07-26
2025-07-28,The Intervention,2016,https://boxd.it/avR0Gr,,,,2025-07-27
2025-07-28,The Dead Don't Die,2019,https://boxd.it/avR2ST,,,,2025-07-27
2025-07-29,The Rounders,1914,https://boxd.it/aw3SAr,,,youtube,2025-07-28
2025-07-30,Blink Twice,2024,https://boxd.it/awOnL3,,,,2025-07-28
2025-07-30,Film Geek,2023,https://boxd.it/ax42H7,,,,2025-07-29
2025-07-30,Late Shift,2025,https://boxd.it/axbJQv,,,,2025-07-29
2025-07-30,For People in Trouble,2023,https://boxd.it/axbLUz,,,,2025-07-29
2025-07-31,Rhod Gilbert: The Book of John,2022,https://boxd.it/aycG3V,,,,2025-07-30
2025-07-31,The Half-Breed,1916,https://boxd.it/aycGih,,,,2025-07-30
2025-08-01,Materialists,2025,https://boxd.it/ayID5X,,,,2025-07-31
2025-08-01,I'm Not a Robot,2023,https://boxd.it/az11Bp,,,youtube,2025-08-01
2025-08-02,Vera and the Pleasure of Others,2023,https://boxd.it/aznh5N,,,,2025-08-01
2025-08-03,Robert Wilson: The Beauty of the Mysterious,2022,https://boxd.it/azPD5L,,,youtube,2025-08-02
2025-08-03,Absolute Wilson,2006,https://boxd.it/azQceX,,,dailymotion,2025-08-02
2025-08-03,I Don't Understand You,2024,https://boxd.it/aAdI4h,,,,2025-08-02
2025-08-03,The Annunciation of Marie,1991,https://boxd.it/aAdN2l,,,,2025-08-02
2025-08-04,"To Barcelona, with Love",2025,https://boxd.it/aBdZk1,,,,2025-08-03
2025-08-04,"To Barcelona, Forever",2025,https://boxd.it/aBe16b,,,,2025-08-03
2025-08-05,Notice to Quit,2024,https://boxd.it/aCfZTt,,,,2025-08-04
2025-08-06,Friendship,2024,https://boxd.it/aD4fmZ,,,,2025-08-05
2025-08-07,Cure,1997,https://boxd.it/aDH3zF,,,,2025-08-06
2025-08-08,Melvin Goes to Dinner,2003,https://boxd.it/aErmlz,,,,2025-08-07
2025-08-09,My Penguin Friend,2024,https://boxd.it/aETPsF,,,,2025-08-08
2025-08-09,How to Train Your Dragon,2025,https://boxd.it/aETQwN,,,,2025-08-08
2025-08-10,Thunderbolts*,2025,https://boxd.it/aFyFyl,,,,2025-08-09
2025-08-10,The Manhattan Project,2022,https://boxd.it/aFKBE9,,,,2025-08-09
2025-08-10,The Moderns,1988,https://boxd.it/aFKDRf,,,,2025-08-09
2025-08-11,Remember My Name,1978,https://boxd.it/aGsJ3t,,,,2025-08-10
2025-08-12,Inheritance,2024,https://boxd.it/aHnp8R,,,,2025-08-11
2025-08-13,BRATS,2024,https://boxd.it/aIpqM7,,,,2025-08-12
2025-08-13,Attack of the Hollywood Clichés!,2021,https://boxd.it/aIptPX,,,,2025-08-12
2025-08-14,His Three Daughters,2023,https://boxd.it/aINQDX,,,,2025-08-13
2025-08-16,He Loves Me… He Loves Me Not,2002,https://boxd.it/aK2N2X,,,,2025-08-14
2025-08-16,Law Abiding Citizen,2009,https://boxd.it/aK9SYB,,Yes,,2025-08-15
2025-08-16,Mary Poppins Returns,2018,https://boxd.it/aKeLqn,,,,2025-08-15
2025-08-16,Closed Set,2014,https://boxd.it/aKeSRv,,,,2025-08-15
2025-08-16,Les Biches,1968,https://boxd.it/aKg3Vl,,,,2025-08-15
2025-08-17,Along Came a Spider,2001,https://boxd.it/aL3owz,,,,2025-08-16
2025-08-17,Kiss the Girls,1997,https://boxd.it/aL3qS3,,,,2025-08-16
2025-08-17,Ice,1970,https://boxd.it/aL3KEv,,,,2025-08-16
2025-08-18,Lili,1953,https://boxd.it/aLpJcT,,,,2025-08-17
2025-08-18,Poor Cow,1967,https://boxd.it/aLUcht,,,,2025-08-17
2025-08-18,Rated X,2000,https://boxd.it/aLUdG5,,,,2025-08-17
2025-08-19,Plainclothes,2025,https://boxd.it/aME4aV,,,,2025-08-18
2025-08-19,P.S. I Love You,2007,https://boxd.it/aME5wD,,,,2025-08-18
2025-08-20,Long Distance,2024,https://boxd.it/aNj6OZ,,,,2025-08-19
2025-08-21,Logan Lucky,2017,https://boxd.it/aOcRGN,,,,2025-08-20
2025-08-22,As of Yet,2021,https://boxd.it/aOGk1H,,,,2025-08-21
2025-08-23,Maria,2024,https://boxd.it/aPBvrb,,,,2025-08-22
2025-08-23,Love Me,2024,https://boxd.it/aPDlDl,,,,2025-08-22
2025-08-24,Spencer,2021,https://boxd.it/aQk7c7,,,,2025-08-23
2025-08-24,Destino,2003,https://boxd.it/aQk8ah,,,,2025-08-23
2025-08-24,Happiest Season,2020,https://boxd.it/aQkbOf,,,,2025-08-23
2025-08-27,Mission: Impossible,1996,https://boxd.it/aSj3B9,,Yes,,2025-08-24
2025-08-27,Mission: Impossible II,2000,https://boxd.it/aSj65F,,Yes,,2025-08-24
2025-08-27,Mission: Impossible III,2006,https://boxd.it/aSj7VR,,,,2025-08-24
2025-08-27,Mission: Impossible – Ghost Protocol,2011,https://boxd.it/aSj9kt,,,,2025-08-25
2025-08-27,Mission: Impossible – Rogue Nation,2015,https://boxd.it/aSjarF,,,,2025-08-25
2025-08-27,Mission: Impossible – Fallout,2018,https://boxd.it/aSjc0V,,,,2025-08-25
2025-08-27,Mission: Impossible – Dead Reckoning,2023,https://boxd.it/aSjd1P,,,,2025-08-26
2025-08-27,Mission: Impossible – The Final Reckoning,2025,https://boxd.it/aSjdFv,,,,2025-08-26
2025-08-28,The Saga of Biorn,2011,https://boxd.it/aSTST1,,,youtube,2025-08-27
2025-08-28,Rare Exports Inc.,2003,https://boxd.it/aSVg1z,,,,2025-08-27
2025-08-29,Superman,2025,https://boxd.it/aTMypl,,,,2025-08-28
2025-08-30,Nobody Else But You,2011,https://boxd.it/aUpLbp,,,,2025-08-29
2025-08-31,Airplane Mode,2019,https://boxd.it/aUJPFD,,,,2025-08-30
2025-08-31,n[eon],2002,https://boxd.it/aUSyMv,,,,2025-08-30
2025-08-31,Moonshine,1918,https://boxd.it/aUTfKR,,,,2025-08-30
2025-09-01,Not an Artist,2023,https://boxd.it/aVxlZj,,,,2025-08-31
2025-09-01,Tag,2018,https://boxd.it/aVJyyJ,,,,2025-08-31
2025-09-02,The Isle,2000,https://boxd.it/aWxHlz,,,,2025-09-01
2025-09-02,Top End Wedding,2019,https://boxd.it/aWxJf9,,Yes,,2025-09-01
2025-09-03,Pieta,2012,https://boxd.it/aX6TsR,,,,2025-09-02
2025-09-04,Taking Lives,2004,https://boxd.it/aXFmpF,,,tv,2025-09-03
2025-09-04,Furious 7,2015,https://boxd.it/aXFsoj,,,tv,2025-09-03
2025-09-04,Beyond a Reasonable Doubt,2009,https://boxd.it/aXIAe3,,Yes,tv,2025-09-03
2025-09-04,The Hunted,2003,https://boxd.it/aXJWtB,,,tv,2025-09-03
2025-09-05,Mamma Mia!,2008,https://boxd.it/aYdsmP,,Yes,tv,2025-09-04
2025-09-05,The Cold Light of Day,2012,https://boxd.it/aYdxaT,,,tv,2025-09-04
2025-09-05,Robin Hood,2010,https://boxd.it/aYdBZ7,,Yes,tv,2025-09-04
2025-09-06,Firewall,2006,https://boxd.it/aZ5Lz7,,Yes,tv,2025-09-05
2025-09-07,The Roses,2025,https://boxd.it/aZzf4B,,,αττικόν χανιά,2025-09-06
2025-09-08,The Woman Driver,1964,https://boxd.it/b0mv41,,Yes,tv,2025-09-07
2025-09-08,Mine,2016,https://boxd.it/b0mxsf,,Yes,tv,2025-09-07
2025-09-08,Absolution,2015,https://boxd.it/b0mFUh,,,tv,2025-09-07
2025-09-08,Vertical Limit,2000,https://boxd.it/b0n9V5,,,tv,2025-09-07
2025-09-08,The Dukes of Hazzard,2005,https://boxd.it/b0nqkb,,,tv,2025-09-07
2025-09-08,The Notorious Landlady,1962,https://boxd.it/b0qYzF,,,tv,2025-09-07
2025-09-09,Peggy Sue Got Married,1986,https://boxd.it/b0YsQd,,Yes,tv,2025-09-08
2025-09-09,Gladiator,2000,https://boxd.it/b0YtYn,,Yes,tv,2025-09-08
2025-09-09,Sex and the City 2,2010,https://boxd.it/b0Yv3X,,,tv,2025-09-08
2025-09-09,Keeping Up with the Joneses,2016,https://boxd.it/b10WaF,,Yes,tv,2025-09-08
2025-09-10,Ticket to Paradise,2022,https://boxd.it/b1tAxF,,Yes,tv,2025-09-09
2025-09-10,Runaway Bride,1999,https://boxd.it/b1uWgt,,Yes,tv,2025-09-09
2025-09-10,The Accountant,2016,https://boxd.it/b1yeZH,,Yes,tv,2025-09-09
2025-09-10,Gilda,1946,https://boxd.it/b1zElv,,Yes,tv,2025-09-09
2025-09-10,Sicario,2015,https://boxd.it/b1zH9n,,Yes,tv,2025-09-09
2025-09-10,Yes Man,2008,https://boxd.it/b1Ohqx,,Yes,tv,2025-09-09
2025-09-11,Gangster Squad,2013,https://boxd.it/b25Vvh,,Yes,tv,2025-09-10
2025-09-11,Benediction,2021,https://boxd.it/b26ChR,,,tv,2025-09-10
2025-09-11,Terminator: Dark Fate,2019,https://boxd.it/b26EOX,,Yes,tv,2025-09-10
2025-09-11,The Art of the Steal,2013,https://boxd.it/b27KeX,,Yes,tv,2025-09-10
2025-09-12,Deep Blue Sea,1999,https://boxd.it/b2BtPx,,Yes,tv,2025-09-11
2025-09-12,The International,2009,https://boxd.it/b2Bxzj,,Yes,tv,2025-09-11
2025-09-12,The Invisible Fight,2023,https://boxd.it/b2Ec5X,,,tv,2025-09-11
2025-09-12,Hotel Artemis,2018,https://boxd.it/b2FJrf,,Yes,tv,2025-09-11
2025-09-12,Take the Lead,2006,https://boxd.it/b2FUFn,,,tv,2025-09-11
2025-09-13,Panama,2022,https://boxd.it/b3bV4B,,,tv,2025-09-12
2025-09-13,Chevalier,2015,https://boxd.it/b3cCqv,,,tv,2025-09-12
2025-09-13,Winter's Tale,2014,https://boxd.it/b3cWFl,,,tv,2025-09-12
2025-09-14,Breaking In,2018,https://boxd.it/b3RZbF,,,tv,2025-09-13
2025-09-14,Dr. Strangelove or: How I Learned to Stop Worrying and Love the Bomb,1964,https://boxd.it/b3S4vl,,Yes,tv,2025-09-13
2025-09-14,Everly,2014,https://boxd.it/b3U0ud,,,tv,2025-09-13
2025-09-14,Payback,1999,https://boxd.it/b3Ua7N,,,tv,2025-09-13
2025-09-14,Tower Heist,2011,https://boxd.it/b3UzYH,,,tv,2025-09-13
2025-09-15,The Vow,2012,https://boxd.it/b4xDFR,,,tv,2025-09-14
2025-09-15,Run All Night,2015,https://boxd.it/b4y6fD,,,tv,2025-09-14
2025-09-15,Cold Blood,2019,https://boxd.it/b4A2JD,,,tv,2025-09-14
2025-09-15,Into the Storm,2014,https://boxd.it/b4FQ5N,,,tv,2025-09-14
2025-09-15,Trauma Center,2019,https://boxd.it/b4G1f5,,,tv,2025-09-14
2025-09-15,Meet the Spartans,2008,https://boxd.it/b4G4oT,,,tv,2025-09-14
2025-09-16,Three Friends,2024,https://boxd.it/b5gnYj,,,αττικόν χανιά,2025-09-15
2025-09-16,The Meddler,2015,https://boxd.it/b5gs1V,,,tv,2025-09-15
2025-09-16,Gold,2022,https://boxd.it/b5ht4X,,,tv,2025-09-15
2025-09-16,9/11,2017,https://boxd.it/b5i7yN,,,tv,2025-09-15
2025-09-17,The Way We Were,1973,https://boxd.it/b5LKFV,,Yes,tv,2025-09-16
2025-09-17,Ava,2020,https://boxd.it/b5N2mT,,Yes,tv,2025-09-16
2025-09-18,The Glorias,2020,https://boxd.it/b6grQ3,,,tv,2025-09-17
2025-09-18,Atomic Blonde,2017,https://boxd.it/b6ibcZ,,Yes,tv,2025-09-17
2025-09-18,Deep Blue Sea,1999,https://boxd.it/b6ljp9,,Yes,tv,2025-09-17
2025-09-18,Out of Africa,1985,https://boxd.it/b6ljI1,,,tv,2025-09-17
2025-09-19,Bel Canto,2018,https://boxd.it/b6NvC1,,,tv,2025-09-18
2025-09-19,Night Hunter,2018,https://boxd.it/b6NxmT,,,tv,2025-09-18
2025-09-19,Havana,1990,https://boxd.it/b6OLGF,,Yes,tv,2025-09-18
2025-09-19,Snakes on a Plane,2006,https://boxd.it/b6Qrl7,,Yes,tv,2025-09-18
2025-09-19,Death at a Funeral,2007,https://boxd.it/b6QML1,,Yes,tv,2025-09-18
2025-09-20,Sentimental Value,2025,https://boxd.it/b7khIZ,,,αττικόν χανιά,2025-09-19
2025-09-20,Men in Black II,2002,https://boxd.it/b7kl61,,Yes,tv,2025-09-19
2025-09-20,Don't Say a Word,2001,https://boxd.it/b7knyL,,,tv,2025-09-19
2025-09-20,Xenia,2014,https://boxd.it/b7kuiv,,Yes,tv,2025-09-19
2025-09-20,Seraphim Falls,2006,https://boxd.it/b7ltNT,,,tv,2025-09-19
2025-09-21,Jason Bourne,2016,https://boxd.it/b7UC7n,,,tv,2025-09-20
2025-09-21,A Day in the Life of a Teddy Bear,2022,https://boxd.it/b7UNvZ,,,tv,2025-09-20
2025-09-21,The Mirror Has Two Faces,1996,https://boxd.it/b7VqeX,,,tv,2025-09-20
2025-09-21,Brain on Fire,2016,https://boxd.it/b7VwGN,,,tv,2025-09-20
2025-09-21,Armageddon,1998,https://boxd.it/b7WlZL,,Yes,tv,2025-09-20
2025-09-21,This Is 40,2012,https://boxd.it/b81r9V,,,tv,2025-09-20
2025-09-23,Dark Shadows,2012,https://boxd.it/b9l9dT,,Yes,tv,2025-09-21
2025-09-23,Parker,2013,https://boxd.it/b9lihb,,Yes,tv,2025-09-22
2025-09-24,Miss Congeniality 2: Armed and Fabulous,2005,https://boxd.it/b9TQah,,Yes,tv,2025-09-23
2025-09-24,Rambo: Last Blood,2019,https://boxd.it/b9TRg1,,Yes,tv,2025-09-23
2025-09-24,The Guardian,2006,https://boxd.it/b9TSwf,,,tv,2025-09-23
2025-09-25,Dreamcatcher,2003,https://boxd.it/barBKR,,,tv,2025-09-24
2025-09-26,The Transporter,2002,https://boxd.it/baU3Jt,,,tv,2025-09-25
2025-09-26,Gran Torino,2008,https://boxd.it/baU4M9,,Yes,tv,2025-09-25
2025-09-26,Angel Has Fallen,2019,https://boxd.it/baUWBz,,,tv,2025-09-25
2025-09-27,Showtime,2002,https://boxd.it/bbugCR,,Yes,tv,2025-09-26
2025-09-27,A Simple Favor,2018,https://boxd.it/bbuj8Z,,,tv,2025-09-26
2025-09-27,I Am Legend,2007,https://boxd.it/bbxhwh,,Yes,tv,2025-09-26
2025-09-28,The Great Gatsby,2013,https://boxd.it/bcaC71,,Yes,tv,2025-09-27
2025-09-28,Offline,2023,https://boxd.it/bcbDGX,,,vimeo,2025-09-27
2025-09-29,Wind River,2017,https://boxd.it/bcZLZt,,Yes,tv,2025-09-28
2025-09-29,Judge Dredd,1995,https://boxd.it/bcZPBF,,Yes,tv,2025-09-28
2025-09-30,The Invasion,2007,https://boxd.it/bdxy0Z,,,tv,2025-09-29
2025-09-30,Blacklight,2022,https://boxd.it/bdxBY9,,,tv,2025-09-29
2025-09-30,Undisputed II: Last Man Standing,2006,https://boxd.it/bdOyFd,,,tv,2025-09-29
2025-09-30,Fatale,2020,https://boxd.it/bdOzen,,,tv,2025-09-29
2025-09-30,Gran Torino,2008,https://boxd.it/bdOzGh,,Yes,tv,2025-09-29
2025-10-01,Sherlock Holmes,2009,https://boxd.it/be7vcv,,Yes,tv,2025-09-30
2025-10-01,Wrath of Man,2021,https://boxd.it/be7wt3,,,tv,2025-09-30
2025-10-02,The Batman,2022,https://boxd.it/beAFep,,,tv,2025-10-01
2025-10-02,Two Weeks Notice,2002,https://boxd.it/beI4oX,,Yes,tv,2025-10-01
2025-10-02,Horrible Bosses 2,2014,https://boxd.it/beI5Sf,,Yes,tv,2025-10-01
2025-10-03,No Reservations,2007,https://boxd.it/bfdDWR,,Yes,tv,2025-10-02
2025-10-03,Plane,2023,https://boxd.it/bfdEQv,,Yes,tv,2025-10-02
2025-10-03,Human Capital,2019,https://boxd.it/bfgYEF,,,tv,2025-10-02
2025-10-03,American Animals,2018,https://boxd.it/bfiBaL,,Yes,tv,2025-10-02
2025-10-03,Out of Death,2021,https://boxd.it/bfiCv1,,,tv,2025-10-02
2025-10-04,Ocean's Eleven,2001,https://boxd.it/bfQbMn,,Yes,tv,2025-10-03
2025-10-04,The Beguiled,2017,https://boxd.it/bfQdcr,,Yes,tv,2025-10-03
2025-10-04,Griffin & Phoenix,2006,https://boxd.it/bfQgEt,,,tv,2025-10-03
2025-10-05,Aquaman,2018,https://boxd.it/bgwn13,,,tv,2025-10-04
2025-10-05,Amsterdam,2022,https://boxd.it/bgzsyn,,,tv,2025-10-04
2025-10-05,Two Weeks Notice,2002,https://boxd.it/bgztB3,,Yes,tv,2025-10-04
2025-10-05,For Love of the Game,1999,https://boxd.it/bgzvUh,,,tv,2025-10-04
2025-10-05,The Internship,2013,https://boxd.it/bgzyzV,,,tv,2025-10-04
2025-10-06,Top Gun: Maverick,2022,https://boxd.it/bhgYoP,,Yes,tv,2025-10-05
2025-10-06,Get Smart,2008,https://boxd.it/bhmxcp,,Yes,tv,2025-10-05
2025-10-07,License to Wed,2007,https://boxd.it/bhWA17,,Yes,tv,2025-10-06
2025-10-07,Horrible Bosses,2011,https://boxd.it/bihzUR,,Yes,tv,2025-10-06
2025-10-08,Sherlock Holmes: A Game of Shadows,2011,https://boxd.it/biuM6V,,,tv,2025-10-07
2025-10-08,Déjà Vu,2006,https://boxd.it/biP8Lr,,Yes,tv,2025-10-07
2025-10-08,Darkest Hour,2017,https://boxd.it/biP9wn,,Yes,tv,2025-10-07
2025-10-09,Edge of Tomorrow,2014,https://boxd.it/bj6OzB,,Yes,tv,2025-10-08
2025-10-10,Boxing Match,1927,https://boxd.it/bjHsG5,,,youtube,2025-10-09
2025-10-10,The Last Gunfighter,2002,https://boxd.it/bjHxVz,,,youtube,2025-10-09
2025-10-11,Aftersun,2022,https://boxd.it/bkjHld,,,,2025-10-10
2025-10-11,Girls on Top,2001,https://boxd.it/bkjIeH,,,,2025-10-10
2025-10-12,Beast,2011,https://boxd.it/bl4psJ,,,,2025-10-11
2025-10-12,The Threesome,2025,https://boxd.it/bl4vzB,,,,2025-10-11
2025-10-13,F1,2025,https://boxd.it/blTpof,,,,2025-10-12
2025-10-13,Fair Play,2023,https://boxd.it/blTrbR,,,,2025-10-12
2025-10-14,Paying for It,2024,https://boxd.it/bmv3WZ,,,,2025-10-13
2025-10-14,The Pleasure Girls,1965,https://boxd.it/bmv9tf,,,,2025-10-13
2025-10-15,Sketch,2024,https://boxd.it/bnpVnL,,,,2025-10-14
2025-10-15,Steve,2025,https://boxd.it/bnpWpD,,,,2025-10-14
2025-10-16,The Hypnosis,2023,https://boxd.it/bnKG0p,,,,2025-10-15
2025-10-17,Americans in Bed,2013,https://boxd.it/box3K7,,,,2025-10-16
2025-10-17,Computer Chess,2013,https://boxd.it/box5fv,,,,2025-10-16
2025-10-18,Unstrung Heroes,1995,https://boxd.it/bpcyn1,,,,2025-10-17
2025-10-19,Cardinals,2017,https://boxd.it/bpXWLv,,,,2025-10-18
2025-10-20,The Fantastic 4: First Steps,2025,https://boxd.it/bqMMaV,,,,2025-10-19
2025-10-21,Splitsville,2025,https://boxd.it/broYuz,,,,2025-10-20
2025-10-22,Lucky,2005,https://boxd.it/brPshx,,,youtube,2025-10-21
2025-10-22,Imagine,1987,https://boxd.it/brPAor,,,,2025-10-21
2025-10-24,Solitude,2023,https://boxd.it/bsFWHp,,,,2025-10-22
2025-10-24,The Insomniac,1971,https://boxd.it/bsFXOB,,,,2025-10-22
2025-10-24,Never Rarely Sometimes Always,2020,https://boxd.it/btafnN,,,,2025-10-23
2025-10-28,Marmalade,2024,https://boxd.it/bwhXBZ,,,,2025-10-27
2025-10-28,"Oh, Hi!",2025,https://boxd.it/bwhZ4X,,,,2025-10-27
2025-10-30,Re:Uniting,2023,https://boxd.it/bx2kAd,,,,2025-10-28
2025-10-30,Ratcatcher,1999,https://boxd.it/bx2lH5,,Yes,,2025-10-28
2025-10-31,37 Seconds,2019,https://boxd.it/bxTmFb,,,,2025-10-29
2025-10-31,Am I OK?,2022,https://boxd.it/bxTpz1,,,,2025-10-29
2025-10-31,Copenhagen,2002,https://boxd.it/bycCkh,,,,2025-10-30
2025-11-01,Deep Water,2022,https://boxd.it/byXTs7,,,,2025-10-31
2025-11-01,Don't Tell,2017,https://boxd.it/byXX2H,,,,2025-10-31
2025-11-02,Pitch Black,2000,https://boxd.it/bzMQLH,,,,2025-11-01
2025-11-02,Popular Theory,2023,https://boxd.it/bzMRof,,,,2025-11-01
2025-11-03,Anemic Cinema,1926,https://boxd.it/bAhWCt,,,youtube,2025-11-02
2025-11-03,Animated History of Poland,2010,https://boxd.it/bAi7dT,,,youtube,2025-11-02
2025-11-03,Snow-White,1933,https://boxd.it/bAioFb,,,youtube,2025-11-02
2025-11-06,Inside,2002,https://boxd.it/bCbwU3,,,youtube,2025-11-05
2025-11-06,Contre temps,2013,https://boxd.it/bCbOQX,,,youtube,2025-11-05
2025-11-07,A Certain Killer,1967,https://boxd.it/bCHYJ7,,,,2025-11-06
2025-11-08,Black Rain,1989,https://boxd.it/bDEruL,,Yes,tv,2025-11-07
2025-11-08,Sebastian,2024,https://boxd.it/bDEt91,,,,2025-11-07
2025-11-09,Austin Powers: The Spy Who Shagged Me,1999,https://boxd.it/bE6VTn,,Yes,tv,2025-11-08
2025-11-09,Slingshot,2024,https://boxd.it/bEdoQ5,,,,2025-11-08
2025-11-11,Dark City,1998,https://boxd.it/bG38bt,,,,2025-11-10
2025-11-12,Chinese Coffee,2000,https://boxd.it/bGJokF,,,,2025-11-11
2025-11-12,Extreme Movie,2008,https://boxd.it/bGJoJF,,,,2025-11-11
2025-11-13,The Naked Gun,2025,https://boxd.it/bHkIoV,,,,2025-11-12
2025-11-13,Career Opportunities,1991,https://boxd.it/bHkPbz,,,,2025-11-12
2025-11-15,Bad Shabbos,2024,https://boxd.it/bI7j0x,,,,2025-11-13
2025-11-29,Good Fortune,2025,https://boxd.it/bSj6t1,,,,2025-11-13
2025-11-15,Babygirl,2024,https://boxd.it/bI7jCV,,,,2025-11-14
2025-11-15,Black Hawk Down,2001,https://boxd.it/bIcY7T,,,,2025-11-14
2025-11-16,The Human Condition I: No Greater Love,1959,https://boxd.it/bIRIQv,,,,2025-11-15
2025-11-16,The Human Condition II: Road to Eternity,1959,https://boxd.it/bIRJwB,,,,2025-11-15
2025-11-16,The Human Condition III: A Soldier's Prayer,1961,https://boxd.it/bIRKxF,,,,2025-11-15
2025-11-16,Nouvelle Vague,2025,https://boxd.it/bJaxm3,,,,2025-11-15
2025-11-17,When We Went MAD!,2025,https://boxd.it/bKgQdF,,,,2025-11-16
2025-11-18,Laggies,2014,https://boxd.it/bKVKZl,,,,2025-11-17
2025-11-20,The Squid and the Whale,2005,https://boxd.it/bLyHmD,,,,2025-11-18
2025-11-20,The Woman in Cabin 10,2025,https://boxd.it/bLyOVF,,,,2025-11-18
2025-11-21,One Battle After Another,2025,https://boxd.it/bMkdbh,,,,2025-11-19
2025-11-21,One of One,2025,https://boxd.it/bMkdF7,,,,2025-11-19
2025-11-21,Bank of Dave,2023,https://boxd.it/bMLDAL,,,,2025-11-20
2025-11-21,Being Canadian,2015,https://boxd.it/bMLF1N,,,,2025-11-20
2025-11-23,The Piano Accident,2025,https://boxd.it/bNB7sJ,,,,2025-11-21
2025-11-23,Wicked: One Wonderful Night,2025,https://boxd.it/bNB8UJ,,,,2025-11-21
2025-11-24,Hearts of Darkness: A Filmmaker's Apocalypse,1991,https://boxd.it/bOBU41,,,,2025-11-22
2025-11-24,Messy,2024,https://boxd.it/bOSXS3,,,,2025-11-23
2025-11-25,Chronesthesia,2016,https://boxd.it/bPRf5N,,Yes,,2025-11-24
2025-11-25,He's Just Not That Into You,2009,https://boxd.it/bPRfGf,,,,2025-11-24
2025-11-26,Alita: Battle Angel,2019,https://boxd.it/bQssQh,,,,2025-11-25
2025-11-27,The Beast,2023,https://boxd.it/bR5xK7,,,,2025-11-26
2025-11-27,The Life of Chuck,2024,https://boxd.it/bR5Ctv,,,,2025-11-26
2025-11-29,Her Smell,2018,https://boxd.it/bRIc4H,,,,2025-11-27
2025-12-01,Lilo & Stitch,2025,https://boxd.it/bTaFTp,,,,2025-11-27
2025-11-29,Haunted Heart,2024,https://boxd.it/bSj6RH,,,,2025-11-28
2025-11-29,He Ain't Heavy,2024,https://boxd.it/bSjd4H,,,,2025-11-28
2025-11-29,Heaven Help Us,1985,https://boxd.it/bSjeUT,,,,2025-11-28
2025-11-30,Louder Than Bombs,2015,https://boxd.it/bSGHNX,,,,2025-11-29
2025-11-30,Destino,2003,https://boxd.it/bSGJx3,,Yes,,2025-11-29
2025-11-30,Homesick,2015,https://boxd.it/bT5rM5,,Yes,,2025-11-29
2025-11-30,Moon,2024,https://boxd.it/bT5sBx,,,,2025-11-29
2025-12-01,Symbiopsychotaxiplasm: Take One,1968,https://boxd.it/bTx8MB,,,,2025-11-30
2025-12-01,Symbiopsychotaxiplasm: Take 2½,2005,https://boxd.it/bTx9u9,,,,2025-11-30
2025-12-01,All the Money in the World,2017,https://boxd.it/bTR66t,,,,2025-11-30
2025-12-02,World of Tomorrow,2015,https://boxd.it/bUhb6P,,,,2025-12-01
2025-12-02,World of Tomorrow Episode Two: The Burden of Other People's Thoughts,2017,https://boxd.it/bUhcZh,,,,2025-12-01
2025-12-02,World of Tomorrow Episode Three: The Absent Destinations of David Prime,2020,https://boxd.it/bUhdPx,,,,2025-12-01
2025-12-03,The Colors of Evil,2012,https://boxd.it/bV5eRz,,,youtube,2025-12-02
2025-12-03,The Black Imp,1905,https://boxd.it/bV61xj,,,,2025-12-02
2025-12-05,Blue Moon,2025,https://boxd.it/bVHYoJ,,,,2025-12-03
2025-12-06,A House of Dynamite,2025,https://boxd.it/bWiNwh,,,,2025-12-04
2025-12-06,Christmas Eve in Miller's Point,2024,https://boxd.it/bWiOil,,,,2025-12-04
2025-12-06,Highball,2002,https://boxd.it/bWJa0P,,,,2025-12-05
2025-12-07,Maria by Callas,2017,https://boxd.it/bXm5E9,,,,2025-12-06
2025-12-07,Causeway,2022,https://boxd.it/bXJ41h,,,,2025-12-06
2025-12-08,Sex in the Soviet Union,2025,https://boxd.it/bXUj8J,,,,2025-12-07
2025-12-09,Frankenstein,2025,https://boxd.it/bYDS9n,,,,2025-12-07
2025-12-09,In the Land of Saints and Sinners,2023,https://boxd.it/bYDTd1,,,,2025-12-07
2025-12-10,She's Funny That Way,2014,https://boxd.it/bZnj1l,,,,2025-12-08
2025-12-10,A West Wing Special to Benefit When We All Vote,2020,https://boxd.it/bZnkrf,,,,2025-12-08
2025-12-10,Drop,2025,https://boxd.it/bZV8Vl,,,,2025-12-09
2025-12-10,Eenie Meanie,2025,https://boxd.it/bZV9HJ,,,,2025-12-09
2025-12-11,Waltzing with Brando,2024,https://boxd.it/c0k9tH,,,,2025-12-10
2025-12-11,Don't Come Upstairs,2025,https://boxd.it/c0kORF,,,,2025-12-10
2025-12-13,Underwater,2020,https://boxd.it/c1hmnl,,,,2025-12-11
2025-12-13,Wonderwall,1968,https://boxd.it/c1hnwt,,,,2025-12-11
2025-12-13,The Reinvention of Normal,2015,https://boxd.it/c1zbkr,,,vimeo,2025-12-12
2025-12-13,Jealousy,2013,https://boxd.it/c1CU5d,,,,2025-12-12
2025-12-14,Keep Calling,2020,https://boxd.it/c2qAk3,,,vimeo,2025-12-13
2025-12-14,The Way of the Dodo,2013,https://boxd.it/c2qRjh,,,vimeo,2025-12-13
2025-12-14,Tales from a Town Called Blackburn,2018,https://boxd.it/c2rbpT,,,vimeo,2025-12-13
2025-12-15,The Weekend,2018,https://boxd.it/c3HR9T,,,,2025-12-14
2025-12-15,Dracula,2025,https://boxd.it/c3HTld,,,,2025-12-14
2025-12-15,The Uninvited,2024,https://boxd.it/c3HYrl,,,,2025-12-14
2025-12-17,You Can Count on Me,2000,https://boxd.it/c4A7e9,,,,2025-12-15
2025-12-18,Hana,2006,https://boxd.it/c5u4vN,,,,2025-12-16
2025-12-18,The Running Man,2025,https://boxd.it/c5u59X,,,,2025-12-16
2025-12-18,28 Years Later,2025,https://boxd.it/c6kvD9,,,,2025-12-17
2025-12-19,Wake Up Dead Man,2025,https://boxd.it/c6T22X,,,,2025-12-18
2025-12-19,The Darktown Revue,1931,https://boxd.it/c6UEXp,,,,2025-12-18
2025-12-20,Now You See Me: Now You Don't,2025,https://boxd.it/c7Sgkt,,,,2025-12-19
2025-12-21,High and Low,1963,https://boxd.it/c9iKHN,,,,2025-12-20
2025-12-21,Highest 2 Lowest,2025,https://boxd.it/c9iLdf,,,,2025-12-20
2025-12-22,Emily the Criminal,2022,https://boxd.it/cacvu7,,,,2025-12-21
2025-12-22,The Recruit,2003,https://boxd.it/cadxsJ,,,,2025-12-21
2025-12-23,Die My Love,2025,https://boxd.it/cbCfW1,,,,2025-12-22
2025-12-23,Sacramento,2024,https://boxd.it/cbChMn,,,,2025-12-22
2025-12-24,Sigmund,1984,https://boxd.it/cchNrX,,,youtube,2025-12-23
2025-12-24,Berlin Horse,1970,https://boxd.it/cchYat,,,youtube,2025-12-23
2025-12-24,A Portrait of Ga,1952,https://boxd.it/cci5E1,,,youtube,2025-12-23
2025-12-24,Baeus,1987,https://boxd.it/ccibB3,,,youtube,2025-12-23
2025-12-24,Rumor Has It...,2005,https://boxd.it/ccLwyn,,,,2025-12-23
2025-12-25,Bugonia,2025,https://boxd.it/cdkrNR,,,,2025-12-24
2025-12-25,No Hard Feelings,2023,https://boxd.it/cdNVQf,,,,2025-12-24
2025-12-25,Kumail Nanjiani: Night Thoughts,2025,https://boxd.it/cdOuJX,,,,2025-12-24
2025-12-26,My Sister's Keeper,2009,https://boxd.it/cf1V9H,,,,2025-12-25
2025-12-27,Close,2022,https://boxd.it/cgcewT,,,,2025-12-26
2025-12-27,Companion,2025,https://boxd.it/cgclSR,,,,2025-12-26
2025-12-28,Jane Got a Gun,2015,https://boxd.it/chqvkH,,,,2025-12-27
2025-12-28,Die Hart,2023,https://boxd.it/chqxsj,,,,2025-12-27
2025-12-29,Moonland,1926,https://boxd.it/cieQUB,,,youtube,2025-12-28
2025-12-29,The Sleepover,2012,https://boxd.it/cifpdd,,,youtube,2025-12-28
2025-12-29,Autobiographical Scene Number 6882,2005,https://boxd.it/cifIef,,,youtube,2025-12-28
2025-12-29,A Short Love Story in Stop Motion,2008,https://boxd.it/cifNaR,,,youtube,2025-12-28
2025-12-29,Despair,2010,https://boxd.it/cig3D1,,,youtube,2025-12-28
2025-12-29,The Cat with Hands,2001,https://boxd.it/cigivV,,,youtube,2025-12-28
2025-12-29,Field Notes from Dimension X: Oasis,2009,https://boxd.it/cigqlJ,,,youtube,2025-12-28
2025-12-29,Tomatos Another Day,1934,https://boxd.it/cigCXv,,,youtube,2025-12-28
2025-12-29,The Fall of the House of Usher,1928,https://boxd.it/cihdcB,,,youtube,2025-12-28
2025-12-31,Anna,2019,https://boxd.it/ck5Wyr,,,,2025-12-29
2025-12-31,A Woman of Paris: A Drama of Fate,1923,https://boxd.it/ck5ZnB,,,,2025-12-29
2025-12-31,The Firm,1989,https://boxd.it/cktDQz,,,,2025-12-30
2025-12-31,Femmes Fatales,1976,https://boxd.it/ckK1H9,,,,2025-12-30
2026-01-01,McKellen: Playing the Part,2017,https://boxd.it/clwNtl,,,,2025-12-31
2026-01-01,King Otto,2021,https://boxd.it/clHedp,,Yes,,2025-12-31
2026-01-01,Train Dreams,2025,https://boxd.it/clQiu3,,,,2025-12-31
2026-01-01,The Girl Is Mime,2009,https://boxd.it/clQsvP,,,youtube,2025-12-31
2026-01-01,Dinner for One,1963,https://boxd.it/clSPNr,,Yes,youtube,2025-12-31
2026-01-02,The Movie Orgy,1968,https://boxd.it/cnzwKD,,,,2026-01-01
2026-01-02,Attack of the 50 Foot Woman,1958,https://boxd.it/cnzzr5,,Yes,,2026-01-01
2026-01-02,Speed Crazy,1959,https://boxd.it/cnzA4L,,,,2026-01-01
2026-01-02,Survival Under Atomic Attack,1951,https://boxd.it/cnFh0d,,,,2026-01-01
2026-01-02,College Confidential,1960,https://boxd.it/cnFm2N,,,,2026-01-01
2026-01-02,The Great Adventures of Wild Bill Hickok,1938,https://boxd.it/cnFoCt,,,,2026-01-01
2026-01-02,One Million B.C.,1940,https://boxd.it/cnFpsT,,,,2026-01-01
2026-01-02,Zamba,1949,https://boxd.it/cnFqkr,,,,2026-01-01
2026-01-03,Commando Cody: Sky Marshal of the Universe,1953,https://boxd.it/cnFrPP,,,,2026-01-01
2026-01-03,Tarantula,1955,https://boxd.it/cnFt1H,,,,2026-01-01
2026-01-03,Earth vs. the Flying Saucers,1956,https://boxd.it/cnFtNB,,,,2026-01-01
2026-01-03,The Giant Claw,1957,https://boxd.it/cnFuMf,,,,2026-01-01
2026-01-03,Beginning of the End,1957,https://boxd.it/cnFwlF,,,,2026-01-01
2026-01-03,The Amazing Colossal Man,1957,https://boxd.it/cnFxlr,,,,2026-01-01
2026-01-03,Teenagers from Outer Space,1959,https://boxd.it/cnFyZx,,,,2026-01-01
2026-01-03,The Giant Gila Monster,1959,https://boxd.it/cnFzP9,,,,2026-01-01
2026-01-03,The Absent-Minded Professor,1961,https://boxd.it/cnFCtP,,,,2026-01-01
2026-01-03,Killers of the Flower Moon,2023,https://boxd.it/cppsQv,,,,2026-01-02
2026-01-03,River,2022,https://boxd.it/cppF5H,,,,2026-01-02
2026-01-04,The Act of Killing,2012,https://boxd.it/cr7Tel,,,,2026-01-03
2026-01-05,A Girl Like Her,2015,https://boxd.it/csFv0h,,,,2026-01-04
2026-01-05,A Good Year,2006,https://boxd.it/csFwd7,,,,2026-01-04
2026-01-05,Hackers: Wizards of the Electronic Age,1984,https://boxd.it/csFAmH,,Yes,youtube,2026-01-05
2026-01-06,"'night, Mother",1986,https://boxd.it/ctYqTD,,,,2026-01-05
2026-01-07,Evil Does Not Exist,2023,https://boxd.it/cvadT9,,,,2026-01-06
2026-01-07,Exhibiting Forgiveness,2024,https://boxd.it/cvaML5,,,,2026-01-06
2026-01-08,The Landlord,2007,https://boxd.it/cvFufd,,,youtube,2026-01-07
2026-01-08,True Skin,2012,https://boxd.it/cvFGcb,,,youtube,2026-01-07
2026-01-08,Abracadabra,1970,https://boxd.it/cvGDTj,,,youtube,2026-01-07
2026-01-08,Rock the Boat,1944,https://boxd.it/cvGJSB,,,youtube,2026-01-07
2026-01-08,Asako I & II,2018,https://boxd.it/cvTKQ3,,,,2026-01-07
2026-01-09,Oppressed Majority,2010,https://boxd.it/cwKN8p,,,youtube,2026-01-08
2026-01-09,The Stairs,1969,https://boxd.it/cwMWuN,,,youtube,2026-01-08
2026-01-09,Wheel of Fortune and Fantasy,2021,https://boxd.it/cxi8tT,,,,2026-01-08
2026-01-09,Being Eddie,2025,https://boxd.it/cxi98x,,,,2026-01-08
2026-01-10,Happy Hour,2015,https://boxd.it/cy8Ibb,,,,2026-01-08
2026-01-11,Ash,2025,https://boxd.it/czRfp3,,,,2026-01-10
2026-01-11,American Buffalo,1996,https://boxd.it/czRgED,,,,2026-01-10
2026-01-12,Someone's Gaze,2013,https://boxd.it/cAinqH,,,youtube,2026-01-11
2026-01-12,Tolerantia,2008,https://boxd.it/cAiOSt,,,youtube,2026-01-11
2026-01-12,Post-It Love,2009,https://boxd.it/cAjenL,,,youtube,2026-01-11
2026-01-12,"It's Never Over, Jeff Buckley",2025,https://boxd.it/cBc2Mz,,,,2026-01-11
2026-01-12,Richard Linklater: Dream Is Destiny,2016,https://boxd.it/cBc5DF,,,,2026-01-11
2026-01-13,Red Post on Escher Street,2020,https://boxd.it/cCecsR,,,,2026-01-12
2026-01-14,Thy Kingdom Come,2018,https://boxd.it/cCH0eh,,,,2026-01-13
2026-01-14,Mr. Burton,2025,https://boxd.it/cDdbSB,,,,2026-01-13
2026-01-15,Brain Divided,2013,https://boxd.it/cDEC0v,,,youtube,2026-01-14
2026-01-15,Hubert Bals Handshake,1989,https://boxd.it/cDEUmf,,,youtube,2026-01-14
2026-01-15,Sovereign,2025,https://boxd.it/cEavAF,,,,2026-01-14
2026-01-16,Warfare,2025,https://boxd.it/cF7Kul,,,,2026-01-15
2026-01-16,Civil War,2024,https://boxd.it/cF7LOr,,,,2026-01-15
2026-01-17,Jay Kelly,2025,https://boxd.it/cGdxmJ,,,,2026-01-16
2026-01-18,Fantasmagorie,1908,https://boxd.it/cGTAlX,,,youtube,2026-01-17
2026-01-18,R'ha,2013,https://boxd.it/cGTKsp,,,youtube,2026-01-17
2026-01-20,Margot at the Wedding,2007,https://boxd.it/cIJjTh,,,,2026-01-18
2026-01-20,You Are Alone,2005,https://boxd.it/cIJlwT,,,,2026-01-18
2026-01-20,Kicking and Screaming,1995,https://boxd.it/cJDxX5,,,,2026-01-19
2026-01-21,Greenberg,2010,https://boxd.it/cKyE1V,,,,2026-01-20
2026-01-21,TWST / Things We Said Today,2024,https://boxd.it/cKyGAN,,,,2026-01-20
2026-01-23,Bring Her Back,2025,https://boxd.it/cLA8fz,,,,2026-01-21
2026-01-23,Caught Stealing,2025,https://boxd.it/cLAgLj,,,,2026-01-21
2026-01-23,Noise,2007,https://boxd.it/cMntSZ,,,,2026-01-22
2026-01-23,Phantom Parrot,2023,https://boxd.it/cMnvrV,,,,2026-01-22
2026-01-25,One Last Evening,2023,https://boxd.it/cNuInv,,,,2026-01-23
2026-01-25,The Hot Touch,1981,https://boxd.it/cOHPsd,,,,2026-01-24
2026-01-26,Micky Flanagan: Peeping Behind the Curtain,2020,https://boxd.it/cOQJxz,,,,2026-01-25
2026-01-27,The Beekeeper,2024,https://boxd.it/cQA4Kj,,Yes,tv,2026-01-26
2026-01-27,Mr. & Mrs. Smith,2005,https://boxd.it/cQA6ML,,Yes,tv,2026-01-26
2026-01-28,Cliff Walkers,2021,https://boxd.it/cRuOOt,,,tv,2026-01-27
2026-01-30,Spare Change,2008,https://boxd.it/cTorBn,,,youtube,2026-01-29
2026-01-30,The Marathon,1988,https://boxd.it/cToBmn,,,youtube,2026-01-29
2026-01-31,The Gendarme in New York,1965,https://boxd.it/cUn0u7,,,tv,2026-01-30
2026-01-31,The Thomas Beale Cipher,2010,https://boxd.it/cUpcqZ,,,youtube,2026-01-30
2026-02-02,Dog Day Afternoon,1975,https://boxd.it/cWLhap,,Yes,tv,2026-02-01
2026-02-02,U.F.Oh Yeah,2015,https://boxd.it/cWOR1f,,,youtube,2026-02-01
2026-02-03,Mona Lisa,1973,https://boxd.it/cXqURf,,,youtube,2026-02-02
2026-02-03,Likeness,2013,https://boxd.it/cXrcid,,,youtube,2026-02-02
2026-02-03,Wicked: For Good,2025,https://boxd.it/cY7UaL,,,,2026-02-02
2026-02-04,Unorthodox,2020,https://boxd.it/cYF1Ht,,,netflix,2026-02-03
2026-02-04,Anna & Bella,1984,https://boxd.it/cYIlNR,,,youtube,2026-02-03
2026-02-05,La Palma,2024,https://boxd.it/cZfAdF,,,netflix,2026-02-04
2026-02-05,Spenser Confidential,2020,https://boxd.it/cZSAtL,,,netflix,2026-02-04
2026-02-06,Slimtime,2010,https://boxd.it/d0sfNH,,,youtube,2026-02-05
2026-02-06,"Film in Which There Appear Edge Lettering, Sprocket Holes, Dirt Particles, Etc.",1966,https://boxd.it/d0szDn,,,youtube,2026-02-05
2026-02-07,One Rat Short,2006,https://boxd.it/d1ffSv,,,youtube,2026-02-06
2026-02-08,David Blaine: Beyond Magic,2016,https://boxd.it/d2jSXh,,,,2026-02-07
2026-02-08,Pillion,2025,https://boxd.it/d2jV3B,,,,2026-02-07
2026-02-09,I Am Curious (Yellow),1967,https://boxd.it/d3pDjx,,,,2026-02-08
2026-02-09,I Am Curious (Blue),1968,https://boxd.it/d3pDW5,,,,2026-02-08
2026-02-10,The Muppet Show,2026,https://boxd.it/d4clip,,,,2026-02-09
2026-02-10,Ice Merchants,2022,https://boxd.it/d4cmqf,,,,2026-02-09
2026-02-10,Happyend,2024,https://boxd.it/d4cnef,,,,2026-02-09
2026-02-11,Shiva Baby,2020,https://boxd.it/d5eX8b,,,,2026-02-10
2026-02-12,Red Rooms,2023,https://boxd.it/d5GOO9,,,,2026-02-11
2026-02-13,I Wish You All the Best,2024,https://boxd.it/d6tmlV,,,,2026-02-12
2026-02-13,Gladiator II,2024,https://boxd.it/d6toif,,,,2026-02-12
2026-02-14,Hairy Legs,2024,https://boxd.it/d7fMgD,,,,2026-02-13
2026-02-15,Babylon 5: The Gathering,1993,https://boxd.it/d7HWpL,,Yes,youtube,2026-02-14
2026-02-15,Jacob Collier: In the Room Where It Happens,2022,https://boxd.it/d835V9,,,youtube,2026-02-14
2026-02-16,Freaky Friday,2003,https://boxd.it/d9AUaD,,Yes,,2026-02-15
2026-02-16,Freakier Friday,2025,https://boxd.it/d9B05z,,,,2026-02-15
2026-02-16,Valentine's Day,2010,https://boxd.it/d9B3oT,,,,2026-02-15
2026-02-17,Gordon Ramsay's American Road Trip,2021,https://boxd.it/daf5iX,,,,2026-02-16
2026-02-17,Ghost Town,2008,https://boxd.it/daVw0Z,,,,2026-02-16
2026-02-19,F Valentine's Day,2026,https://boxd.it/dbYaNl,,,,2026-02-17
2026-02-19,Why Worry?,1923,https://boxd.it/dbYcYP,,,,2026-02-17
2026-02-20,Shell,2024,https://boxd.it/dcQXIx,,,,2026-02-18
2026-02-20,Gayniggers from Outer Space,1993,https://boxd.it/dcQZcj,,,,2026-02-18
2026-02-20,Dear Imelda,2024,https://boxd.it/ddfhaX,,,,2026-02-19
2026-02-20,Ritual in Transfigured Time,1946,https://boxd.it/ddisUj,,,,2026-02-19
2026-02-22,Rental Family,2025,https://boxd.it/deSKgH,,,,2026-02-20
2026-02-22,Next Goal Wins,2023,https://boxd.it/deSYWd,,,,2026-02-20
2026-02-22,Jacob's Ladder,1990,https://boxd.it/dfgTI9,,Yes,,2026-02-21
2026-02-22,Eternity,2025,https://boxd.it/dfgXYb,,,,2026-02-21
2026-02-23,The Thing with Feathers,2025,https://boxd.it/dgLAXl,,,,2026-02-22
2026-02-23,The Telephone Book,1971,https://boxd.it/dgLCNx,,,,2026-02-22
2026-02-23,The Sure Thing,1985,https://boxd.it/dgLEBN,,,,2026-02-22
2026-02-24,The House Is Black,1963,https://boxd.it/dhkZ0X,,,,2026-02-23
2026-02-24,Lucy Beaumont: Live From The Royal Court Theatre,2024,https://boxd.it/dhmpIX,,,,2026-02-23
2026-02-25,Marty Supreme,2025,https://boxd.it/dibqJJ,,,,2026-02-24
2026-02-25,Between Bears,2010,https://boxd.it/dibYa9,,,vimeo,2026-02-24
2026-02-26,A Friend of Dorothy,2025,https://boxd.it/diVwN5,,,youtube,2026-02-25
2026-02-26,Nick Cave's Veiled World,2025,https://boxd.it/dj09up,,,,2026-02-25
2026-02-27,Spinal Tap II: The End Continues,2025,https://boxd.it/djK1ZB,,,,2026-02-26
2026-02-27,Spin Me Round,2022,https://boxd.it/djK3kl,,,,2026-02-26
2026-02-28,The Finishing Line,1977,https://boxd.it/dksfbN,,,,2026-02-27
2026-02-28,La petite Maison,1952,https://boxd.it/dksp9x,,,youtube,2026-02-27
2026-02-28,The Horribly Slow Murderer with the Extremely Inefficient Weapon,2008,https://boxd.it/dkszKj,,,youtube,2026-02-27
2026-03-01,Men,2022,https://boxd.it/dlMpaf,,,,2026-02-28
2026-03-01,Egghead Republic,2025,https://boxd.it/dlMstz,,,,2026-02-28
2026-03-02,Sex,2024,https://boxd.it/dmKGLR,,Yes,,2026-03-01
2026-03-02,Dreams,2024,https://boxd.it/dmKH1b,,,,2026-03-01
2026-03-02,Love,2024,https://boxd.it/dmKHlF,,,,2026-03-01
2026-03-03,Blackbird,1958,https://boxd.it/dnf93z,,,youtube,2026-03-02
2026-03-03,Bunny,1998,https://boxd.it/dnfcZV,,,youtube,2026-03-02
2026-03-03,Epithet,2012,https://boxd.it/dnfhlL,,,youtube,2026-03-02
2026-03-04,Nuremberg,2025,https://boxd.it/dodWer,,,,2026-03-03
2026-03-04,I'm Chevy Chase and You're Not,2025,https://boxd.it/dodWO5,,,,2026-03-03
2026-03-05,The Boy Who Turned Yellow,1972,https://boxd.it/doERF7,,,,2026-03-04
2026-03-05,Skyscraper Live,2026,https://boxd.it/doESnt,,,,2026-03-04
2026-03-06,All That We Love,2024,https://boxd.it/dpyQFx,,,,2026-03-05
2026-03-06,Fame Is the Name of the Game,1966,https://boxd.it/dpyRdJ,,,,2026-03-05
2026-03-07,For Your Consideration,2006,https://boxd.it/dpXXsb,,,,2026-03-06
2026-03-07,What Really Happened to Baby Jane,1963,https://boxd.it/dpZQT9,,,,2026-03-06
2026-03-07,Dust,2013,https://boxd.it/dq1pIH,,,youtube,2026-03-06
2026-03-08,Tim Minchin and the Heritage Orchestra,2011,https://boxd.it/dqYSgZ,,,,2026-03-07
2026-03-08,Alan Carr: Regional Trinket,2023,https://boxd.it/dr0SMb,,,,2026-03-07
2026-03-10,F Marry Kill,2025,https://boxd.it/dsCJYx,,,,2026-03-09
2026-03-10,Ned Rifle,2014,https://boxd.it/dsMQ4B,,,,2026-03-09
2026-03-10,Pools,2024,https://boxd.it/dsMS57,,,,2026-03-09
2026-03-11,Best Sellers,2021,https://boxd.it/dttF9L,,,,2026-03-10
2026-03-11,Retouches,2008,https://boxd.it/dttKaf,,,youtube,2026-03-10
2026-03-12,Flirt,1995,https://boxd.it/du7OBJ,,,,2026-03-11
2026-03-12,Honey Don't!,2025,https://boxd.it/du7Qi5,,,,2026-03-11
2026-03-13,"Black God, White Devil",1964,https://boxd.it/duH6P5,,,,2026-03-12
2026-03-13,Winter Light,1963,https://boxd.it/duHQad,,,,2026-03-12
2026-03-14,Big Little Lies,2017,https://boxd.it/dv8h5L,,,,2026-03-13
2026-03-14,Two Tons of Turquoise to Taos Tonight,1975,https://boxd.it/dv8w3l,,,,2026-03-13
2026-03-15,All That Jazz,1979,https://boxd.it/dwymtf,,Yes,tv,2026-03-14
2026-03-15,Braveheart,1995,https://boxd.it/dwyoBb,,Yes,tv,2026-03-14
2026-03-15,Everything Everywhere All at Once,2022,https://boxd.it/dwytth,,Yes,tv,2026-03-14
2026-03-15,Kramer vs. Kramer,1979,https://boxd.it/dwAsA1,,Yes,tv,2026-03-14
2026-03-15,Blood Work,2002,https://boxd.it/dwAwjt,,Yes,tv,2026-03-14
2026-03-16,Bram Stoker's Dracula,1992,https://boxd.it/dxwlxl,,Yes,tv,2026-03-15
2026-03-16,Parker,2013,https://boxd.it/dxwxX1,,Yes,tv,2026-03-15
2026-03-16,Gold,2022,https://boxd.it/dxC5gv,,Yes,tv,2026-03-15
2026-03-16,In the Name of the King: A Dungeon Siege Tale,2007,https://boxd.it/dxCd8f,,,tv,2026-03-15
2026-03-17,Green Book,2018,https://boxd.it/dyoxYr,,Yes,tv,2026-03-16
2026-03-17,The Kill Team,2019,https://boxd.it/dyoHA5,,,tv,2026-03-16
2026-03-17,Conspiracy Theory,1997,https://boxd.it/dyNW8F,,Yes,tv,2026-03-16
2026-03-18,The Menu,2022,https://boxd.it/dzajPL,,Yes,tv,2026-03-17
2026-03-18,Blade Runner 2049,2017,https://boxd.it/dzfkz5,,Yes,tv,2026-03-17
2026-03-18,A Perfect Murder,1998,https://boxd.it/dzfsZF,,,tv,2026-03-17
2026-03-19,The Age of Adaline,2015,https://boxd.it/dzSrpT,,,tv,2026-03-18
2026-03-19,Cold Blood,2019,https://boxd.it/dzUlU1,,Yes,tv,2026-03-18
2026-03-19,What's Eating Gilbert Grape,1993,https://boxd.it/dzWIIV,,,tv,2026-03-18
2026-03-19,Poseidon,2006,https://boxd.it/dzXVj7,,Yes,tv,2026-03-18
2026-03-19,Life on the Line,2015,https://boxd.it/dA27lx,,,tv,2026-03-18
2026-03-19,Outbreak,1995,https://boxd.it/dA2txv,,Yes,tv,2026-03-18
2026-03-20,Jason Bourne,2016,https://boxd.it/dAEtqv,,Yes,tv,2026-03-19
2026-03-20,The Women,2008,https://boxd.it/dAEwKX,,,tv,2026-03-19
2026-03-21,Dear John,2010,https://boxd.it/dBm08b,,,tv,2026-03-20
2026-03-21,The Transporter,2002,https://boxd.it/dBm61v,,Yes,tv,2026-03-20
2026-03-21,John Wick: Chapter 3 – Parabellum,2019,https://boxd.it/dBuNLn,,Yes,tv,2026-03-20
2026-03-21,The Big Short,2015,https://boxd.it/dBAk89,,Yes,tv,2026-03-20
2026-03-21,Admiral,2015,https://boxd.it/dBAqnJ,,,tv,2026-03-20
2026-03-21,The Devil's Advocate,1997,https://boxd.it/dBAsgl,,Yes,tv,2026-03-20
2026-03-22,Justice League,2017,https://boxd.it/dCtn1v,,,tv,2026-03-21
2026-03-22,The Butler,2013,https://boxd.it/dCw2lZ,,,tv,2026-03-21
2026-03-22,Lansky,2021,https://boxd.it/dCxPkD,,,tv,2026-03-21
2026-03-22,Rush Hour,1998,https://boxd.it/dCACkL,,Yes,tv,2026-03-21
2026-03-23,My Name Is Eftihia,2019,https://boxd.it/dDwMrj,,,tv,2026-03-22
2026-03-23,The A-Team,2010,https://boxd.it/dDxw17,,Yes,tv,2026-03-22
2026-03-23,Absolute Power,1997,https://boxd.it/dDKLZx,,Yes,tv,2026-03-22
2026-03-24,The Fugitive,1993,https://boxd.it/dEBPLl,,Yes,tv,2026-03-23
2026-03-24,The Good Girl,2002,https://boxd.it/dED1gV,,,tv,2026-03-23
2026-03-25,Domingo,2007,https://boxd.it/dFvgdv,,,youtube,2026-03-24
2026-03-25,1933,1967,https://boxd.it/dFvs4l,,,youtube,2026-03-24
2026-03-26,Lesbian Space Princess,2025,https://boxd.it/dGpfZv,,,,2026-03-25
2026-03-26,Fire Down Below,1997,https://boxd.it/dGpqjv,,,tv,2026-03-25
2026-03-26,The Flower of the Lake,1999,https://boxd.it/dGptfB,,,tv,2026-03-25
2026-03-27,The Tomorrow Man,2019,https://boxd.it/dH3Ynr,,,tv,2026-03-26
2026-03-27,Bridesmaids,2011,https://boxd.it/dH97uV,,Yes,tv,2026-03-26
2026-03-27,The Women,2008,https://boxd.it/dH9NqL,,Yes,tv,2026-03-26
2026-03-27,Lansky,2021,https://boxd.it/dHbwl9,,Yes,tv,2026-03-26
2026-03-28,The Lord of the Rings: The Return of the King,2003,https://boxd.it/dHU26j,,Yes,tv,2026-03-27
2026-03-28,Dragons Forever,1988,https://boxd.it/dHU7HJ,,,tv,2026-03-27
2026-03-29,Tired,2014,https://boxd.it/dIL3Gj,,,youtube,2026-03-28
2026-03-29,Light Is Calling,2004,https://boxd.it/dILbzl,,,youtube,2026-03-28
2026-03-29,Date Night,2010,https://boxd.it/dIVKhL,,Yes,tv,2026-03-28
2026-03-29,The Next Three Days,2010,https://boxd.it/dIVSB5,,Yes,tv,2026-03-28
2026-03-29,Do You Do You Saint-Tropez,2021,https://boxd.it/dJkbiz,,,tv,2026-03-28
2026-03-29,Yesterday,2019,https://boxd.it/dJkcjt,,Yes,tv,2026-03-28
2026-03-30,Lone,2014,https://boxd.it/dJWNUx,,,youtube,2026-03-29
2026-03-30,MIGRANTS,2020,https://boxd.it/dJWU2R,,,youtube,2026-03-29
2026-03-31,The Silent City,2006,https://boxd.it/dKUN39,,,youtube,2026-03-30
2026-03-31,The Queen's Gambit,2020,https://boxd.it/dLi2sz,,,netflix,2026-03-30
2026-04-01,Knives Out,2019,https://boxd.it/dMaX4n,,Yes,tv,2026-03-31
2026-04-02,The Hating Game,2021,https://boxd.it/dMvM4D,,Yes,tv,2026-04-01
2026-04-02,Homefront,2013,https://boxd.it/dME9YF,,,tv,2026-04-01
2026-04-02,Old,2021,https://boxd.it/dMItMR,,,tv,2026-04-01
2026-04-03,Survivor,2015,https://boxd.it/dNmemf,,,tv,2026-04-02
2026-04-03,Eraser,1996,https://boxd.it/dNvDdZ,,,tv,2026-04-02
2026-04-04,The Expendables 3,2014,https://boxd.it/dOAN5b,,Yes,tv,2026-04-03
2026-04-04,Bridge of Spies,2015,https://boxd.it/dOASiT,,Yes,tv,2026-04-03
2026-04-04,Haute Couture,2021,https://boxd.it/dOAWbR,,,tv,2026-04-03
2026-04-04,Jack Ryan: Shadow Recruit,2014,https://boxd.it/dOFgJd,,,tv,2026-04-03
2026-04-04,Jolt,2021,https://boxd.it/dOFhLf,,Yes,tv,2026-04-03
2026-04-04,Street Kings,2008,https://boxd.it/dOFjyR,,,tv,2026-04-03
2026-04-04,Knockaround Guys,2001,https://boxd.it/dOFmwz,,,tv,2026-04-03
2026-04-04,Taris,1931,https://boxd.it/dP2FAB,,,youtube,2026-04-04
2026-04-04,When the Day Breaks,1999,https://boxd.it/dP2Qrl,,,youtube,2026-04-04
2026-04-06,Marooned,2019,https://boxd.it/dQHMtD,,,,2026-04-05
2026-04-06,Two Knights of Vaudeville,1915,https://boxd.it/dQWHQd,,,,2026-04-05
2026-04-07,Arco,2025,https://boxd.it/dRW3Y1,,,,2026-04-06
2026-04-07,Sarah Millican: Late Bloomer,2025,https://boxd.it/dS1YhX,,,,2026-04-06
2026-04-08,Surviving Sex Trafficking,2021,https://boxd.it/dSsOkL,,,,2026-04-07
2026-04-08,Five Days Till Tomorrow,2022,https://boxd.it/dSsRFx,,,,2026-04-07
2026-04-09,Out-Takes from the Life of a Happy Man,2012,https://boxd.it/dTyhhb,,,,2026-04-08
2026-04-09,Zootopia 2,2025,https://boxd.it/dTWgTL,,,,2026-04-08
2026-04-09,The Wasteland,2014,https://boxd.it/dTWhYd,,,,2026-04-08
2026-04-10,Häxan,1922,https://boxd.it/dU2kMV,,,,2026-04-09
2026-04-10,Dinner with Friends,2025,https://boxd.it/dUHWpR,,,,2026-04-09
2026-04-11,Daybreak Express,1957,https://boxd.it/dV7YRv,,,youtube,2026-04-10
2026-04-11,Wrong Reasons,2022,https://boxd.it/dVyCnR,,,,2026-04-10
2026-04-12,Jayne Mansfield's Car,2012,https://boxd.it/dWz8wF,,,,2026-04-11
2026-04-12,Paradise Records,2025,https://boxd.it/dWzdLZ,,,,2026-04-11
2026-04-13,The Microsoft Dilemma,2018,https://boxd.it/dWTtqt,,,,2026-04-12
2026-04-13,The Wrong Guy,1997,https://boxd.it/dXevLF,,,,2026-04-12
2026-04-14,The Year of the Deer,1995,https://boxd.it/dY557b,,,youtube,2026-04-13
2026-04-14,2084: Video Clip for the Trade Unions' Reflection and Pleasure,1984,https://boxd.it/dY5cp7,,,youtube,2026-04-13
2026-04-15,Pictured,2014,https://boxd.it/dYMBBD,,,youtube,2026-04-14
2026-04-16,Closet Space,2016,https://boxd.it/dZymFh,,,youtube,2026-04-15
2026-04-16,Not Alone in Here,2020,https://boxd.it/dZyrvh,,,youtube,2026-04-15
2026-04-17,Adicolor Yellow,2006,https://boxd.it/e083eN,,,youtube,2026-04-16
2026-04-17,Eva,2005,https://boxd.it/e08mbj,,,youtube,2026-04-16
2026-04-18,Elephants Dream,2006,https://boxd.it/e0Sasz,,,youtube,2026-04-17
2026-04-18,How Wings Are Attached to the Backs of Angels,1996,https://boxd.it/e0Sold,,,youtube,2026-04-17
2026-04-18,Two People Exchanging Saliva,2024,https://boxd.it/e0Td6j,,,youtube,2026-04-17
2026-04-19,Rooty Toot Toot,1951,https://boxd.it/e1JH8j,,,youtube,2026-04-18
2026-04-19,Somebody,2014,https://boxd.it/e1K0pj,,,youtube,2026-04-18
2026-04-20,Wolf Daddy,2005,https://boxd.it/e2EcBD,,,youtube,2026-04-19
2026-04-20,Cargo,2013,https://boxd.it/e2Ey4B,,,youtube,2026-04-19
2026-04-21,Bill Bailey: Larks in Transit,2021,https://boxd.it/e3AKB9,,,,2026-04-20
2026-04-21,Mind My Mind,2019,https://boxd.it/e3Ep89,,,,2026-04-20
2026-04-24,Filming 'The Trial',2002,https://boxd.it/e5F9zD,,,,2026-04-21
2026-04-24,I Am Steve McQueen,2014,https://boxd.it/e5FcTV,,,,2026-04-21
2026-04-23,Invocation,2013,https://boxd.it/e56ENr,,,youtube,2026-04-22
2026-04-23,Enigma: Nazo,1978,https://boxd.it/e56MPb,,,youtube,2026-04-22
2026-04-24,Not So Fast,2014,https://boxd.it/e5KyDb,,,youtube,2026-04-23
2026-04-24,The Ravishing of Frank N. Stein,1982,https://boxd.it/e5KBeD,,,youtube,2026-04-23
2026-04-25,Lavatory Lovestory,2006,https://boxd.it/e6qSzd,,,youtube,2026-04-24
2026-04-25,The Design,1981,https://boxd.it/e6rvyN,,,youtube,2026-04-24
2026-04-26,Preparation for the Next Life,2025,https://boxd.it/e7GuxD,,,,2026-04-25
2026-04-26,Prompt,2025,https://boxd.it/e7GvEF,,,,2026-04-25
2026-04-26,Power: The Downfall of Huw Edwards,2026,https://boxd.it/e7Gwh3,,,,2026-04-25
2026-04-27,Talk to Me,2022,https://boxd.it/e8GB4d,,,,2026-04-26
2026-04-27,The Man Who Sleeps,1974,https://boxd.it/e8GCsZ,,,,2026-04-26
2026-04-27,"The Pink Pill: Sex, Drugs and Who Has Control",2025,https://boxd.it/e8GDP1,,,,2026-04-26
2026-04-28,Apricot,2009,https://boxd.it/e91wCV,,,youtube,2026-04-27
2026-04-28,The Sandman,1991,https://boxd.it/e91XnX,,,youtube,2026-04-27
2026-04-29,Lemon,1969,https://boxd.it/e9O0Sl,,,youtube,2026-04-28
2026-04-29,The God,2003,https://boxd.it/e9O4iV,,,youtube,2026-04-28
2026-04-30,Island,1973,https://boxd.it/eatYgN,,,youtube,2026-04-29
2026-05-01,Daruma,2023,https://boxd.it/eaQevj,,,,2026-04-29
2026-05-01,Bridges-Go-Round 1,1958,https://boxd.it/eb8yvJ,,,youtube,2026-04-30
2026-05-01,For the Birds,2000,https://boxd.it/eb8LFd,,,youtube,2026-04-30
2026-05-02,Dog,2001,https://boxd.it/ec1aFb,,,youtube,2026-05-01
2026-05-02,The Nose,1963,https://boxd.it/ec1u95,,,youtube,2026-05-01
2026-05-03,Color Theories by Julio Torres. A Guide to Seeing the World,2026,https://boxd.it/ed08yT,,,,2026-05-02
2026-05-03,Sound of the Surf,2022,https://boxd.it/ed6wt1,,,,2026-05-02
2026-05-04,Exit 8,2025,https://boxd.it/ee1Mhz,,,,2026-05-03
2026-05-04,Megadoc,2025,https://boxd.it/ee1NP3,,,,2026-05-03
2026-05-04,The Legend of the Scarecrow,2005,https://boxd.it/ee6lT7,,,youtube,2026-05-03
2026-05-05,The Book of Life,1998,https://boxd.it/eeTBU9,,,,2026-05-04
2026-05-05,Nymphlight,1957,https://boxd.it/eeTL6j,,,youtube,2026-05-04
2026-05-06,Sissy-Boy Slap-Party,2004,https://boxd.it/efC2Kt,,,youtube,2026-05-05
2026-05-06,The Wind,1986,https://boxd.it/efCa0t,,,youtube,2026-05-05
2026-05-08,My Suicide,2009,https://boxd.it/egKA7l,,,,2026-05-06
2026-05-08,Syrinx,1965,https://boxd.it/eh24GJ,,,youtube,2026-05-07
2026-05-08,Stanley Pickle,2010,https://boxd.it/eh2bw7,,,youtube,2026-05-07
2026-05-09,Apex,2026,https://boxd.it/ehKAsR,,,,2026-05-08
2026-05-09,Super Happy Forever,2024,https://boxd.it/ehL8vb,,,,2026-05-08
2026-05-10,Sweet Dreams,2008,https://boxd.it/eiEy91,,,youtube,2026-05-09
2026-05-10,The Lunch Date,1989,https://boxd.it/eiEQRv,,,youtube,2026-05-09
2026-05-10,Manhatta,1921,https://boxd.it/eiFbeJ,,,youtube,2026-05-09
2026-05-11,The Employment,2008,https://boxd.it/ejkuI1,,Yes,youtube,2026-05-10
2026-05-11,Project Hail Mary,2026,https://boxd.it/ejFW0N,,,,2026-05-10
2026-05-12,The Imitation Game,2014,https://boxd.it/ekmOND,,Yes,,2026-05-11
2026-05-12,The Drama,2026,https://boxd.it/ekskF7,,,,2026-05-11
2026-05-13,Apple Thieves,2024,https://boxd.it/ekOY9p,,,,2026-05-12
2026-05-13,The Million Dollar Bet,2024,https://boxd.it/el4coX,,,,2026-05-12
2026-05-14,Museum,2026,https://boxd.it/elRKfN,,,dokfestmuenchen,2026-05-13
2026-05-14,Two Days with My Father,2014,https://boxd.it/elSORD,,,,2026-05-13
2026-05-15,The Shape of Something Squashed,2014,https://boxd.it/emyHwn,,,,2026-05-14
2026-05-15,Remarkably Bright Creatures,2026,https://boxd.it/emEvNX,,,,2026-05-14
2026-05-16,The Moment,2026,https://boxd.it/enlQMn,,,,2026-05-15
2026-05-16,Roofman,2025,https://boxd.it/enrg89,,,,2026-05-15
2026-05-17,Sidonie in Japan,2023,https://boxd.it/eo4OuB,,,,2026-05-16
2026-05-17,Closed Mondays,1974,https://boxd.it/eojlYx,,,youtube,2026-05-16
2026-05-17,The Close,2026,https://boxd.it/eojAqb,,,youtube,2026-05-16
2026-05-18,Writing Doom,2024,https://boxd.it/epb2Sj,,,youtube,2026-05-17
2026-05-18,Emilie Muller,1993,https://boxd.it/epdujl,,,youtube,2026-05-17
2026-05-18,The God Man,2025,https://boxd.it/ephd4L,,,youtube,2026-05-17
2026-05-19,Emilie Muller,1993,https://boxd.it/epX6Xt,,Yes,,2026-05-18
2026-05-19,A Big Bold Beautiful Journey,2025,https://boxd.it/eqbaLz,,,,2026-05-18
2026-05-20,The Thinking Game,2024,https://boxd.it/eqKIcj,,,youtube,2026-05-19
2026-05-20,Timepiece,2024,https://boxd.it/eqPGIn,,,youtube,2026-05-19
2026-05-20,Black Box,2021,https://boxd.it/eqUSAl,,,,2026-05-19
2026-05-21,The Last Shift,2020,https://boxd.it/erB66X,,,,2026-05-20
2026-05-21,"history of the entire world, i guess",2017,https://boxd.it/erB9T9,,Yes,youtube,2026-05-20
2026-05-22,The Solitary Gourmet,2024,https://boxd.it/esf2hH,,,,2026-05-21
2026-05-22,Over the Garden Wall 10th Anniversary Tribute,2024,https://boxd.it/esf4ZV,,,youtube,2026-05-21
2026-05-23,Memorable,2019,https://boxd.it/et0C3l,,,youtube,2026-05-22
2026-05-23,Lust Weekend,1967,https://boxd.it/et0CNN,,,,2026-05-22
2026-05-23,The Bizarre Ones,1968,https://boxd.it/et0Dsh,,,,2026-05-22
2026-05-24,Goodbye Jerome!,2021,https://boxd.it/etSsVb,,,youtube,2026-05-23
2026-05-24,Eusebeia,2025,https://boxd.it/etSOHP,,,youtube,2026-05-23
2026-05-24,Double King,2017,https://boxd.it/etSSOF,,,youtube,2026-05-23
2026-05-25,Li'l Quinquin,2014,https://boxd.it/euOdFX,,,,2026-05-24
2026-05-25,EO,2022,https://boxd.it/euOTVX,,,,2026-05-24
2026-05-26,Do I Know You From Somewhere?,2024,https://boxd.it/evOkZz,,,,2026-05-25
2026-05-26,Dear Coward on the Moon,2017,https://boxd.it/evPMyD,,,,2026-05-25
2026-05-27,Black Narcissus,1947,https://boxd.it/ewBdAF,,,,2026-05-26
2026-05-27,Life After Beth,2014,https://boxd.it/ewFLuJ,,,,2026-05-26
2026-05-28,Killing Time at Home,2003,https://boxd.it/exhTIF,,,youtube,2026-05-27
2026-05-28,Junkopia,1981,https://boxd.it/exi4wv,,,youtube,2026-05-27
2026-05-29,Misogynist,2013,https://boxd.it/exMNYz,,,,2026-05-28
2026-05-29,Rapsodeus,2013,https://boxd.it/exNUbr,,,youtube,2026-05-28
2026-05-29,Blackfly,1991,https://boxd.it/exYWGN,,,youtube,2026-05-28
2026-05-30,Outcome,2026,https://boxd.it/eyDUOR,,,,2026-05-29
2026-05-30,Wicked Little Letters,2023,https://boxd.it/ez162L,,,,2026-05-29
2026-05-31,"Two Cars, One Night",2003,https://boxd.it/ezUuLP,,,youtube,2026-05-30
2026-05-31,Afternoon Class,2015,https://boxd.it/ezULwH,,,youtube,2026-05-30
2026-05-31,(OO),2017,https://boxd.it/ezUZtR,,,youtube,2026-05-30
2026-06-01,Wrath of Man,2021,https://boxd.it/eAXrmn,,Yes,tv,2026-05-31
2026-06-01,The Nice Guys,2016,https://boxd.it/eAXB07,,Yes,tv,2026-05-31
2026-06-02,Life Is Flashing Before Your Eyes,1984,https://boxd.it/eBPRkv,,,youtube,2026-06-01
2026-06-02,The Big Snit,1985,https://boxd.it/eBTDtr,,,youtube,2026-06-01
2026-06-03,Butterfly of Love,2004,https://boxd.it/eCFmnR,,,youtube,2026-06-02
2026-06-03,The Little Mermaid,2011,https://boxd.it/eCFLaD,,,youtube,2026-06-02
2026-06-04,Female Perversions,1996,https://boxd.it/eDheeN,,,,2026-06-02
2026-06-04,The Wonder Ring,1955,https://boxd.it/eDxaXh,,,youtube,2026-06-03
2026-06-04,Zombie in a Penguin Suit,2011,https://boxd.it/eDxr8l,,,youtube,2026-06-03
2026-06-05,Humanist Vampire Seeking Consenting Suicidal Person,2023,https://boxd.it/eEsAx9,,,,2026-06-04
2026-06-05,We Were Dangerous,2024,https://boxd.it/eEwMqR,,,,2026-06-04
2026-06-06,New Boy,2007,https://boxd.it/eFeQoj,,,youtube,2026-06-05
2026-06-06,Flipped,2010,https://boxd.it/eFFUnt,,,,2026-06-05
2026-06-06,Flicker,2012,https://boxd.it/eFFWUT,,,,2026-06-05
2026-06-08,On Becoming a Guinea Fowl,2024,https://boxd.it/eH4yAp,,,,2026-06-06
2026-06-08,One Last Deal,2026,https://boxd.it/eH4B7l,,,,2026-06-06
2026-06-08,Monster Roll,2012,https://boxd.it/eHh13X,,,youtube,2026-06-07
2026-06-08,A Castle Within a Castle,1954,https://boxd.it/eHhrXR,,,youtube,2026-06-07
2026-06-08,Marvel One-Shot: All Hail the King,2014,https://boxd.it/eHNUgV,,,,2026-06-08
2026-06-10,Little Trouble Girls,2025,https://boxd.it/eJ2VZB,,,,2026-06-08
2026-06-10,She and Her Cat,1999,https://boxd.it/eJ98gh,,,youtube,2026-06-09
2026-06-10,Doll Face,2005,https://boxd.it/eJ9b9D,,,youtube,2026-06-09
2026-06-10,Propeller One-Way Night Coach,2026,https://boxd.it/eJaSe9,,,,2026-06-09
2026-06-11,Address Is Approximate,2011,https://boxd.it/eJUVO7,,,youtube,2026-06-10
2026-06-11,Pinched,2012,https://boxd.it/eJV9fF,,,vimeo,2026-06-10
2026-06-11,Black Hole,2010,https://boxd.it/eJVLqL,,,vimeo,2026-06-10
2026-06-12,Meet Joe Black,1998,https://boxd.it/eKG3Ib,,Yes,tv,2026-06-11
2026-06-12,Five Minutes of Pure Cinema,1926,https://boxd.it/eKG5ub,,,youtube,2026-06-11
2026-06-13,Lot254,2012,https://boxd.it/eLtNKF,,,youtube,2026-06-12
2026-06-13,The Cure: Anniversary 1978 - 2018 - (Live In Hyde Park),2018,https://boxd.it/eLNA6n,,,tv,2026-06-12
2026-06-14,2AM: The Smiling Man,2013,https://boxd.it/eMkIiH,,,youtube,2026-06-13
2026-06-14,Time Trap,2014,https://boxd.it/eMkZ6j,,,youtube,2026-06-13
2026-06-15,PROXiMITY,2013,https://boxd.it/eNpIpR,,,youtube,2026-06-14
2026-06-15,SENTiNEL,2017,https://boxd.it/eNq2C7,,,vimeo,2026-06-14
2026-06-16,National Theatre Live: Hangmen,2016,https://boxd.it/eOf4ID,,,,2026-06-15
2026-06-16,Death Does Not Exist,2025,https://boxd.it/eOf6Fh,,,,2026-06-15
2026-06-17,Acid Rain,2019,https://boxd.it/eP1roH,,,youtube,2026-06-16
2026-06-17,A Bird Hit My Window and Now I'm a Lesbian,2024,https://boxd.it/eP1JbV,,,youtube,2026-06-16
2026-06-17,The Windshield Wiper,2021,https://boxd.it/eP1VgD,,,youtube,2026-06-16
2026-06-17,Patty Is Such a Girly Name,2025,https://boxd.it/eP6Te1,,,,2026-06-16
2026-06-18,Prehistoric Beast,1984,https://boxd.it/ePPKbx,,,youtube,2026-06-17
2026-06-18,The Centrifuge Brain Project,2012,https://boxd.it/ePPUXr,,,youtube,2026-06-17
2026-06-19,Coda,2013,https://boxd.it/eQzGEn,,,vimeo,2026-06-18
2026-06-19,Comingled Containers,1996,https://boxd.it/eQzLLj,,,youtube,2026-06-18
2026-06-20,The Snow Queen,1957,https://boxd.it/eQYLf3,,,,2026-06-19
2026-06-20,Atanarjuat: The Fast Runner,2001,https://boxd.it/eRq7oZ,,,,2026-06-19
2026-06-21,Out of a Forest,2010,https://boxd.it/eSgVWr,,,youtube,2026-06-20
2026-06-21,Critical Care,1997,https://boxd.it/eSE3iv,,,,2026-06-20
2026-06-22,Meetings with Remarkable Men,1979,https://boxd.it/eTefxT,,,,2026-06-21
2026-06-22,Fantasy Life,2025,https://boxd.it/eTD8Jj,,,,2026-06-21
2026-06-23,Office Romance,2026,https://boxd.it/eTXBS5,,,,2026-06-22
2026-06-23,The Tender Game,1958,https://boxd.it/eU8lIv,,,youtube,2026-06-22
2026-06-23,How to Make a Killing,2026,https://boxd.it/eUwSE5,,,,2026-06-22
2026-06-24,It's All Good,2018,https://boxd.it/eUCsGL,,,,2026-06-23
2026-06-24,The Mastermind,2025,https://boxd.it/eVmbkF,,,,2026-06-23
2026-06-25,Borrowed Time,2015,https://boxd.it/eVOQER,,,vimeo,2026-06-24
2026-06-25,21-87,1963,https://boxd.it/eVPaY3,,,youtube,2026-06-24
2026-06-26,Jason Bourne,2016,https://boxd.it/eWD6zD,,Yes,tv,2026-06-25
2026-06-26,Black Lotus,2023,https://boxd.it/eWD8pl,,,tv,2026-06-25
2026-06-26,Escape Plan: The Extractors,2019,https://boxd.it/eWDaJd,,,tv,2026-06-25
2026-06-27,Yes Man,2008,https://boxd.it/eXpJsR,,Yes,tv,2026-06-26
2026-06-27,Spider-Man: No Way Home,2021,https://boxd.it/eXud49,,,tv,2026-06-26
2026-06-27,The Martian,2015,https://boxd.it/eXuekd,,Yes,tv,2026-06-26
2026-06-27,Jurassic World: Fallen Kingdom,2018,https://boxd.it/eXufuN,,Yes,tv,2026-06-26
2026-06-30,The House Is Black,1963,https://boxd.it/f0rv8J,,Yes,,2026-06-28
2026-06-30,Barbarian,2022,https://boxd.it/f0rxGj,,,tv,2026-06-29
2026-06-30,Sicario: Day of the Soldado,2018,https://boxd.it/f0rAed,,Yes,tv,2026-06-29
2026-06-30,The Green Hornet,2011,https://boxd.it/f0rBOL,,Yes,tv,2026-06-29
2026-06-30,Marmaduke,2010,https://boxd.it/f0rDqr,,,tv,2026-06-29
2026-07-01,Only the Brave,2017,https://boxd.it/f131DN,,,tv,2026-06-30
2026-07-01,The Forbidden Kingdom,2008,https://boxd.it/f1vu7x,,Yes,tv,2026-06-30
2026-07-02,Survivor,2015,https://boxd.it/f1VlaT,,Yes,tv,2026-07-01
2026-07-02,War,2007,https://boxd.it/f1VmpF,,,tv,2026-07-01
2026-07-02,A Very English Scandal,2018,https://boxd.it/f1YdtT,,,tv,2026-07-01
2026-07-02,The Commuter,2018,https://boxd.it/f28a0z,,Yes,tv,2026-07-01
2026-07-02,What Happens in Vegas,2008,https://boxd.it/f28dwD,,Yes,tv,2026-07-01
2026-07-02,Nanook of the North,1922,https://boxd.it/f28g9x,,Yes,tv,2026-07-01
2026-07-02,Siberia,2018,https://boxd.it/f28ilZ,,,tv,2026-07-01
2026-07-04,The Amazing Spider-Man,2012,https://boxd.it/f446kF,,Yes,tv,2026-07-03
2026-07-04,The Fast and the Furious,2001,https://boxd.it/f44cIX,,Yes,tv,2026-07-03
2026-07-04,The Man Who Stole the Scream,2023,https://boxd.it/f44fcl,,,tv,2026-07-03
2026-07-04,Mr. & Mrs. Smith,2005,https://boxd.it/f46MeX,,Yes,tv,2026-07-03
2026-07-04,No Reservations,2007,https://boxd.it/f46OE9,,Yes,tv,2026-07-03
2026-07-04,I Wanna Dance with Somebody,2022,https://boxd.it/f46UOz,,,tv,2026-07-03
2026-07-04,The Other Woman,2014,https://boxd.it/f4a4TF,,Yes,tv,2026-07-03
2026-07-04,The Forger,2014,https://boxd.it/f4c2yJ,,Yes,tv,2026-07-03
2026-07-05,Loving Vincent,2017,https://boxd.it/f4YWj7,,Yes,tv,2026-07-04
2026-07-05,The Lord of the Rings: The Fellowship of the Ring,2001,https://boxd.it/f4Zz91,,Yes,tv,2026-07-04
2026-07-05,Zombieland,2009,https://boxd.it/f57NVz,,Yes,tv,2026-07-04
2026-07-05,Mile 22,2018,https://boxd.it/f57Rs7,,Yes,tv,2026-07-04
2026-07-05,Vendetta,2022,https://boxd.it/f58eZD,,,tv,2026-07-04
2026-07-06,Waterworld,1995,https://boxd.it/f6d1EL,,Yes,tv,2026-07-05
2026-07-06,The Bone Collector,1999,https://boxd.it/f6dlAp,,Yes,tv,2026-07-05
2026-07-06,Gravity,2013,https://boxd.it/f6dnIP,,Yes,tv,2026-07-05
2026-07-06,Intolerable Cruelty,2003,https://boxd.it/f6jQO5,,,tv,2026-07-05
2026-07-06,In Her Shoes,2005,https://boxd.it/f6k3eT,,,tv,2026-07-05
2026-07-07,5 Flights Up,2014,https://boxd.it/f77aVt,,,tv,2026-07-06
2026-07-07,The Mauritanian,2021,https://boxd.it/f77svN,,,tv,2026-07-06
2026-07-07,Jobs,2013,https://boxd.it/f78okX,,Yes,tv,2026-07-06
2026-07-08,Bombshell,2019,https://boxd.it/f83Izx,,Yes,tv,2026-07-07
2026-07-08,Keanu,2016,https://boxd.it/f84j21,,Yes,tv,2026-07-07
2026-07-10,Hustlers,2019,https://boxd.it/f9R2e7,,Yes,tv,2026-07-08
2026-07-10,In the Name of the Father,1993,https://boxd.it/f9R42H,,,tv,2026-07-08
2026-07-10,Problem Child,1990,https://boxd.it/f9RarN,,,tv,2026-07-08
2026-07-10,Zombieland: Double Tap,2019,https://boxd.it/f9Snun,,Yes,tv,2026-07-09
2026-07-10,Revolver,2005,https://boxd.it/f9SAC5,,,tv,2026-07-09
2026-07-10,Fall,2022,https://boxd.it/f9TABD,,,tv,2026-07-09
2026-07-10,"Hail, Caesar!",2016,https://boxd.it/f9VQgb,,Yes,tv,2026-07-09
2026-07-11,The Glimmer Man,1996,https://boxd.it/faL1bX,,,tv,2026-07-10
2026-07-11,Rush Hour,1998,https://boxd.it/faSZHt,,Yes,tv,2026-07-10
2026-07-12,Die Hard,1988,https://boxd.it/fbTsax,,Yes,tv,2026-07-11
2026-07-12,Death at a Funeral,2007,https://boxd.it/fbTt9F,,Yes,tv,2026-07-11
2026-07-12,Last Days in the Desert,2015,https://boxd.it/fbV5lr,,,tv,2026-07-11
2026-07-13,The Boss Baby: Family Business,2021,https://boxd.it/fclvFT,,,tv,2026-07-12
2026-07-13,I Don't Know How She Does It,2011,https://boxd.it/fclx1V,,,tv,2026-07-12
2026-07-13,Where the Crawdads Sing,2022,https://boxd.it/fcOWNN,,,tv,2026-07-12
2026-07-13,12 Strong,2018,https://boxd.it/fcP4Qv,,,tv,2026-07-12
2026-07-13,Die Hard With a Vengeance,1995,https://boxd.it/fcQBhZ,,Yes,tv,2026-07-12
2026-07-13,Taken,2008,https://boxd.it/fcRf5T,,Yes,tv,2026-07-12
2026-07-13,Shooting Blanks,2023,https://boxd.it/fcRow5,,,tv,2026-07-12
2026-07-14,King of Thieves,2018,https://boxd.it/fdQ6sV,,Yes,tv,2026-07-13
2026-07-14,Daylight,1996,https://boxd.it/fdQEUf,,Yes,tv,2026-07-13
2026-07-14,Charming the Hearts of Men,2021,https://boxd.it/fdV0JB,,,tv,2026-07-13
2026-07-14,Snowden,2016,https://boxd.it/fdYNY7,,Yes,tv,2026-07-13
2026-07-14,High Crimes,2002,https://boxd.it/fe2gYL,,,tv,2026-07-13
2026-07-15,Copshop,2021,https://boxd.it/feXxgv,,,tv,2026-07-14
2026-07-15,The Long Kiss Goodnight,1996,https://boxd.it/ff3yxT,,,tv,2026-07-14
2026-07-16,The Town,2010,https://boxd.it/ffPSz7,,Yes,tv,2026-07-15
2026-07-16,Fast and Sexy,1958,https://boxd.it/ffQgYZ,,,tv,2026-07-15
2026-07-20,Rear Window,1954,https://boxd.it/fkuvSD,,Yes,tv,2026-07-15
2026-07-17,Mercury Rising,1998,https://boxd.it/fgO7Nt,,Yes,tv,2026-07-16
2026-07-17,The Menu,2022,https://boxd.it/fgQq7v,,Yes,tv,2026-07-16
2026-07-18,Elevator to the Gallows,1958,https://boxd.it/fhIt19,,,tv,2026-07-17
2026-07-18,Scars We Love,2024,https://boxd.it/fhTmwh,,,tv,2026-07-17
2026-07-18,Return to Sender,2015,https://boxd.it/fhTAVl,,,tv,2026-07-17
2026-07-18,Loving Pablo,2017,https://boxd.it/fhUqSX,,Yes,tv,2026-07-17
2026-07-19,Soundtrack to a Coup d'Etat,2024,https://boxd.it/fiSEzl,,,,2026-07-18
2026-07-19,The Narcissists,2017,https://boxd.it/fiSHhz,,,,2026-07-18
2026-07-20,The Super Mario Bros. Movie,2023,https://boxd.it/fkqVEz,,,,2026-07-19
2026-07-20,The Birds,1963,https://boxd.it/fkuxBJ,,Yes,tv,2026-07-19
2026-07-20,The Social Network,2010,https://boxd.it/fkuzxJ,,Yes,tv,2026-07-19
2026-07-20,Love Potion No. 9,1992,https://boxd.it/fkuJFt,,,tv,2026-07-19
2026-07-21,Peggy Sue Got Married,1986,https://boxd.it/flthXL,,Yes,tv,2026-07-20
2026-07-21,Law Abiding Citizen,2009,https://boxd.it/fltnOb,,Yes,tv,2026-07-20
2026-07-22,Bandidas,2006,https://boxd.it/fmnXv7,,,tv,2026-07-21
2026-07-22,Django Unchained,2012,https://boxd.it/fmLi7V,,Yes,tv,2026-07-21
2026-07-22,Twelve Monkeys,1995,https://boxd.it/fmLj6f,,Yes,tv,2026-07-21
2026-07-22,Mrs. Henderson Presents,2005,https://boxd.it/fmLk4z,,Yes,tv,2026-07-21
2026-07-22,Grumpy Old Men,1993,https://boxd.it/fmLls3,,Yes,tv,2026-07-21
2026-07-23,The Poison Rose,2019,https://boxd.it/fnHH1p,,,tv,2026-07-22
2026-07-23,Inferno,2016,https://boxd.it/fnHKH9,,Yes,tv,2026-07-22
2026-07-23,Jane Got a Gun,2015,https://boxd.it/fnI0s5,,Yes,tv,2026-07-22
2026-07-23,Conan the Barbarian,2011,https://boxd.it/fnQZyf,,,tv,2026-07-22
2026-07-23,Artemis Fowl,2020,https://boxd.it/fnR1RD,,,tv,2026-07-22
2026-07-24,21 Bridges,2019,https://boxd.it/foOtEb,,,tv,2026-07-23
2026-07-24,Bohemian Rhapsody,2018,https://boxd.it/foTZrX,,Yes,tv,2026-07-23
2026-07-24,Millions,2004,https://boxd.it/foW0x7,,,tv,2026-07-23
2026-07-24,The Hunter's Prayer,2017,https://boxd.it/foW7eB,,Yes,tv,2026-07-23
2026-07-24,Wild Wild West,1999,https://boxd.it/fpirat,,,tv,2026-07-23
2026-07-25,Invitation to a Murder,2023,https://boxd.it/fpTrXJ,,,tv,2026-07-24
2026-07-25,The Interpreter,2005,https://boxd.it/fpTwAl,,Yes,tv,2026-07-24
2026-07-25,Weird: The Al Yankovic Story,2022,https://boxd.it/fq0UQ7,,,tv,2026-07-24
2026-07-26,23 Skidoo,1964,https://boxd.it/frgH4l,,,vimeo,2026-07-25
2026-07-26,Blind Spot,2011,https://boxd.it/frh8BV,,,youtube,2026-07-25
2026-07-27,American Made,2017,https://boxd.it/fsDKp7,,,,2026-07-26
2026-07-27,Carolina Caroline,2025,https://boxd.it/fsDPdv,,,,2026-07-26
2026-07-29,Emilie Muller,1993,https://boxd.it/fuChdR,,Yes,,2026-07-27
2026-07-29,"Marty, Life Is Short",2026,https://boxd.it/fuCiHN,,,,2026-07-27
2026-07-29,Juliet in Paris,1967,https://boxd.it/fv28c3,,,,2026-07-28
2026-07-29,Mass State Lottery,2025,https://boxd.it/fvx7MV,,,,2026-07-28
2026-07-30,Eaten Horizons,1950,https://boxd.it/fwbWCn,,,youtube,2026-07-29
2026-07-30,Lupo the Butcher,1987,https://boxd.it/fwc6W3,,,youtube,2026-07-29
2026-07-31,As Tears Go By,1988,https://boxd.it/fy62KX,,,,2026-07-30
2026-07-31,Changing Lanes,2025,https://boxd.it/fy64Bj,,,,2026-07-30
2026-08-01,Nuts!,2016,https://boxd.it/fzlyej,,,,2026-07-31
2026-08-01,Schoolgirl Hitchhikers,1973,https://boxd.it/fzlzbP,,,,2026-07-31
2026-08-01,Scrapper,2023,https://boxd.it/fzlDIt,,,,2026-07-31
2026-08-02,Obsession,2025,https://boxd.it/fAPjxT,,,,2026-08-01
2026-08-02,Off the Air,2026,https://boxd.it/fAPWDr,,,,2026-08-01
2026-08-03,Operation Fortune: Ruse de Guerre,2023,https://boxd.it/fCm2H3,,,,2026-08-02
2026-08-04,Elite Squad,2007,https://boxd.it/fDyOyh,,,,2026-08-03
2026-08-04,Elite Squad: The Enemy Within,2010,https://boxd.it/fDyOPn,,,,2026-08-03
2026-08-05,Chaos Walking,2021,https://boxd.it/fEMjch,,,,2026-08-04
2026-08-05,Eno,2024,https://boxd.it/fEMka7,,,,2026-08-04
2026-08-06,Lemonade Blessing,2025,https://boxd.it/fFW6Dj,,,,2026-08-05
2026-08-06,Leila and the Wolves,1984,https://boxd.it/fFW9DV,,,,2026-08-05
2026-08-06,The Nymphets,2015,https://boxd.it/fFWfyH,,,,2026-08-05
2026-08-07,The Shrouds,2024,https://boxd.it/fH4J5P,,,,2026-08-06
2026-08-08,Bitter Orange,2013,https://boxd.it/fHMp4P,,,youtube,2026-08-07
2026-08-08,La Salla,1996,https://boxd.it/fHMAup,,,youtube,2026-08-07
2026-08-09,Netherbeast Incorporated,2007,https://boxd.it/fJ0V9T,,,youtube,2026-08-08
2026-08-09,Chris & Martina: The Final Set,2026,https://boxd.it/fJykSZ,,,,2026-08-08
2026-08-09,The Souffleur,2025,https://boxd.it/fJymU9,,,,2026-08-08
2026-08-10,Disclosure Day,2026,https://boxd.it/fKKf2H,,,,2026-08-09
2026-08-10,Jimmy Carr: Natural Born Killer,2024,https://boxd.it/fKKikT,,,,2026-08-09
2026-08-11,Sympathy for Mr. Vengeance,2002,https://boxd.it/fM2yJ1,,,,2026-08-10
2026-08-11,Swingers,1996,https://boxd.it/fM2BhJ,,,,2026-08-10
2026-08-12,Incendies,2010,https://boxd.it/fN5UHr,,,,2026-08-11
2026-08-12,No Love Lost,2023,https://boxd.it/fN5WUx,,,,2026-08-11
2026-08-13,Lollipop,2024,https://boxd.it/fO0A49,,,,2026-08-12
2026-08-13,Long Shot,1978,https://boxd.it/fO0BBX,,,,2026-08-12
2026-08-13,Lorne,2026,https://boxd.it/fO0Cvr,,,,2026-08-12
2026-08-14,Petite Maman,2021,https://boxd.it/fP2aLz,,,,2026-08-13
2026-08-14,Little Amélie or the Character of Rain,2025,https://boxd.it/fP2c5Z,,,,2026-08-13
2026-08-15,Idem Paris,2013,https://boxd.it/fPpvc7,,,youtube,2026-08-14
2026-08-15,Angel,1957,https://boxd.it/fPpC0d,,,youtube,2026-08-14
2026-08-16,The Paper Bag Plan,2024,https://boxd.it/fRlJFR,,,,2026-08-15
2026-08-17,"Good Luck, Have Fun, Don't Die",2025,https://boxd.it/fSEKw9,,,,2026-08-16
2026-08-18,Carne,1991,https://boxd.it/fTa0wr,,,,2026-08-17
2026-08-19,A Light Through Coloured Glass,2022,https://boxd.it/fUj1iH,,,,2026-08-17
2026-08-19,The Thistle in the Kiss,2025,https://boxd.it/fUNQPn,,,,2026-08-18
2026-08-19,Modern Whore,2025,https://boxd.it/fUNRx5,,,,2026-08-18
2026-08-21,A Trip Elsewhere,2024,https://boxd.it/fVXGDP,,,,2026-08-19
2026-08-21,Dreaming Murakami,2017,https://boxd.it/fVXHnN,,,,2026-08-20
2026-08-21,Too Much Sleep,1997,https://boxd.it/fVZzJb,,,,2026-08-20
2026-08-21,The Boy and the Heron,2023,https://boxd.it/fWp4oD,,,,2026-08-20
2026-08-21,The Devil Wears Prada,2006,https://boxd.it/fWp5CL,,Yes,,2026-08-20
2026-08-22,The Devil Wears Prada 2,2026,https://boxd.it/fWS8Il,,,,2026-08-21
2026-08-22,The Mountain,2018,https://boxd.it/fXMz1P,,,,2026-08-21
2026-08-22,Truly Naked,2026,https://boxd.it/fXMDkh,,,,2026-08-21
2026-08-24,Dummy,2002,https://boxd.it/g0bKah,,,,2026-08-22
2026-08-24,Our Gang,1922,https://boxd.it/g0bKIX,,,,2026-08-22
2026-08-24,Blue,2018,https://boxd.it/g0bMY9,,Yes,,2026-08-23
2026-08-24,Blue Eyed Girl,2025,https://boxd.it/g0bPtN,,,,2026-08-23
2026-08-26,The Invite,2026,https://boxd.it/g1tQeT,,,,2026-08-24
2026-08-26,Risqué,2025,https://boxd.it/g1tV4p,,,,2026-08-24
2026-08-26,The Silent Hour,2024,https://boxd.it/g28w4B,,,,2026-08-25
2026-08-26,Armand,2024,https://boxd.it/g28y8l,,,,2026-08-25
2026-08-26,The Plagiarists,2019,https://boxd.it/g2aAuH,,,,2026-08-26
2026-08-27,Andy Warhol's Silver Flotations,1966,https://boxd.it/g2GzIx,,,youtube,2026-08-26
2026-08-27,Pigeon: Impossible,2009,https://boxd.it/g2GEx5,,,,2026-08-26
2026-08-29,Jaws,1975,https://boxd.it/g4pwdv,,Yes,tv,2026-08-27
2026-08-29,Strange Journey: The Story of Rocky Horror,2025,https://boxd.it/g4pzrF,,,tv,2026-08-27
2026-08-29,Doctor Strange,2016,https://boxd.it/g4ufWt,,Yes,tv,2026-08-28
2026-08-29,Sexy Beast,2000,https://boxd.it/g4uhqT,,Yes,tv,2026-08-28
2026-08-29,Tuesday,2023,https://boxd.it/g4uiI5,,,tv,2026-08-28
2026-08-30,David Hockney: A Bigger Picture,2009,https://boxd.it/g5yctv,,,bfi,2026-08-29
2026-08-30,Wooden Athelete,1912,https://boxd.it/g5yk8l,,,bfi,2026-08-29
2026-08-30,Experimental Animation,1933,https://boxd.it/g5yodT,,,bfi,2026-08-29
2026-08-30,Man of Steel,2013,https://boxd.it/g5yrQp,,,tv,2026-08-29
2026-08-31,The Italian Job,1969,https://boxd.it/g6ruHF,,Yes,tv,2026-08-30
2026-08-31,The Bridge on the River Kwai,1957,https://boxd.it/g6rxcP,,Yes,tv,2026-08-30
2026-08-31,Jurassic World,2015,https://boxd.it/g6rBEN,,,tv,2026-08-30
2026-08-31,The Godfather,1972,https://boxd.it/g6KIAL,,Yes,tv,2026-08-30
2026-09-01,Cream,2016,https://boxd.it/g7Wkb1,,,youtube,2026-08-31
2026-09-01,The Blue Umbrella,2013,https://boxd.it/g7WRWz,,,youtube,2026-08-31
2026-09-02,The Million Dollar Hotel,2000,https://boxd.it/g96uur,,,,2026-09-01
2026-09-02,The Man Who Stole the Sun,1979,https://boxd.it/g96vir,,,,2026-09-01
2026-09-03,"Papers, Please",2018,https://boxd.it/g9xPOL,,,youtube,2026-09-02
2026-09-03,Twinless,2025,https://boxd.it/g9YmMP,,,,2026-09-02
2026-09-03,White Hot: The Rise & Fall of Abercrombie & Fitch,2022,https://boxd.it/g9YnhD,,,,2026-09-02
2026-09-04,Mutiny,2026,https://boxd.it/ga4HW9,,,,2026-09-03
2026-09-04,Fear of Flying,2024,https://boxd.it/gara4J,,,,2026-09-03
2026-09-05,The Odyssey,2026,https://boxd.it/gbbIkN,,,astor,2026-09-04
2026-09-05,Dinner for Few,2015,https://boxd.it/gbhr2J,,,youtube,2026-09-04
2026-09-06,Horacio,2020,https://boxd.it/gccZb5,,,youtube,2026-09-05
2026-09-06,Cupid's Bow,2022,https://boxd.it/gckOwd,,,youtube,2026-09-05
2026-09-06,Pressure,2026,https://boxd.it/gcK0bB,,,,2026-09-05
2026-09-06,I Love Boosters,2026,https://boxd.it/gcK0IF,,,,2026-09-05
2026-09-07,The Order,2024,https://boxd.it/gdzr79,,,,2026-09-06
2026-09-07,Sweet Decision,2025,https://boxd.it/gdzwan,,,youtube,2026-09-06
2026-09-08,Unsaved,2025,https://boxd.it/ge9odv,,,youtube,2026-09-07
2026-09-08,The Three Wise Men,2024,https://boxd.it/ge9xVV,,,youtube,2026-09-07
2026-09-08,ONE SECOND LATE,2026,https://boxd.it/geZjXn,,,youtube,2026-09-08
2026-09-08,Silent Love,2014,https://boxd.it/geZlwt,,,youtube,2026-09-08
2026-09-10,Flying Padre,1951,https://boxd.it/gfWTRt,,,youtube,2026-09-09
2026-09-10,Day of the Fight,1951,https://boxd.it/gfWYg3,,,youtube,2026-09-09
2026-09-10,The Seafarers,1953,https://boxd.it/ggAUdp,,,youtube,2026-09-10
2026-09-10,Fear and Desire,1952,https://boxd.it/ggB1QD,,,youtube,2026-09-10
2026-09-12,Twin Peaks: The Return,2017,https://boxd.it/ghMkih,,,,2026-09-11
2026-09-12,Cope,2025,https://boxd.it/ghN2Cl,,,youtube,2026-09-11
2026-09-13,Lost Sheep,2023,https://boxd.it/giHvFP,,,youtube,2026-09-12
2026-09-13,The Place Beyond the Pines,2012,https://boxd.it/gjc4Np,,,,2026-09-12
2026-09-14,Nonnas,2025,https://boxd.it/gkhfUP,,,,2026-09-13
2026-09-14,Villa Amore,2025,https://boxd.it/gkhgqL,,,,2026-09-13
2026-09-15,Your Studio and You,1995,https://boxd.it/gkrezh,,,youtube,2026-09-14
2026-09-15,For Goodness Sake II,1996,https://boxd.it/gkrhtr,,,youtube,2026-09-14
2026-09-15,Themroc,1973,https://boxd.it/gl2H5T,,,,2026-09-14
2026-09-16,Mothlight,1963,https://boxd.it/glu1M3,,,youtube,2026-09-15
2026-09-16,String Theory,2026,https://boxd.it/gluabP,,,youtube,2026-09-15
2026-09-17,1995,2024,https://boxd.it/gm5TI9,,,,2026-09-15
2026-09-17,Take Me Naked,1966,https://boxd.it/gm5U4f,,,,2026-09-16
2026-09-17,Jofroi,1933,https://boxd.it/gm93d7,,,,2026-09-16
2026-09-18,Perfect Days,2023,https://boxd.it/gmVSAx,,,,2026-09-17
2026-09-18,Scenes of Friendly Ties,2025,https://boxd.it/gnl7MN,,,,2026-09-17
2026-09-19,Dreaming Murakami,2017,https://boxd.it/gnMxmZ,,Yes,,2026-09-18
2026-09-19,Trying,2021,https://boxd.it/gnNm8f,,,youtube,2026-09-18
2026-09-21,The Lost Bus,2025,https://boxd.it/gpwSEB,,,,2026-09-19
2026-09-21,How to Lose a Guy in 10 Days,2003,https://boxd.it/gpwTsh,,,,2026-09-19
2026-09-21,Where Is the Money George?,2010,https://boxd.it/gpZHUr,,,youtube,2026-09-20
2026-09-21,Frailty,2001,https://boxd.it/gqkFpj,,,,2026-09-20
2026-09-22,26F Seeking Friend,2026,https://boxd.it/gqwW9L,,,,2026-09-20
2026-09-22,Stranger's Pawn,2025,https://boxd.it/gqxbJz,,,youtube,2026-09-21
2026-09-22,The End of Oak Street,2026,https://boxd.it/grfkC1,,,,2026-09-21
2026-09-22,For Worse,2025,https://boxd.it/grfl53,,,,2026-09-21
2026-09-22,Walter,2019,https://boxd.it/grh0cV,,,youtube,2026-09-22
2026-09-22,Walter,2016,https://boxd.it/grh1WP,,,youtube,2026-09-22
2026-09-23,I Want Your Sex,2026,https://boxd.it/gs5xzX,,,,2026-09-22
2026-09-23,One Night Only,2026,https://boxd.it/gs5yVv,,,,2026-09-22
2026-09-24,My Summer of Love,2004,https://boxd.it/gsVtFV,,,,2026-09-23
2026-09-24,My Mother's Wedding,2023,https://boxd.it/gsVuh1,,,,2026-09-23
2026-09-25,Totally F***ed Up,1993,https://boxd.it/gtKxor,,,,2026-09-24
2026-09-25,The Cat Came Back,1988,https://boxd.it/gtKyy3,,,,2026-09-24
2026-09-26,Silent River,2021,https://boxd.it/gujWtL,,,,2026-09-25
2026-09-26,Silent Night,2023,https://boxd.it/gujZ4f,,Yes,,2026-09-25
2026-09-27,A Boat in the Garden,2024,https://boxd.it/gvn4ux,,,,2026-09-26
2026-09-27,Olympiacos: The Legend,2025,https://boxd.it/gvn6tB,,,,2026-09-26
2026-09-27,80 for Brady,2023,https://boxd.it/gvR7wh,,,,2026-09-26
2026-09-28,Influenced,2024,https://boxd.it/gwylhL,,,youtube,2026-09-27
2026-09-28,The Old Crocodile,2005,https://boxd.it/gwyqaF,,,youtube,2026-09-27
2026-09-28,Eat Pray Love,2010,https://boxd.it/gx1Nvp,,,,2026-09-27
2026-09-30,Teenage Sex and Death at Camp Miasma,2026,https://boxd.it/gyl3dN,,,,2026-09-28
2026-09-30,The Love Hypothesis,2026,https://boxd.it/gyl5EV,,,,2026-09-28
2026-09-30,Scary Movie,2026,https://boxd.it/gyP74v,,,,2026-09-29
2026-09-30,The Gutter,2024,https://boxd.it/gyP7uj,,,,2026-09-29
