Date,Name,Year,Letterboxd URI
2013-02-28,Frankenweenie,2012,https://boxd.it/bPS
2013-02-28,A History of Violence,2005,https://boxd.it/2bfa
2013-02-28,Killing Them Softly,2012,https://boxd.it/IQ
2013-02-28,Moon,2009,https://boxd.it/1IGQ
2013-02-28,Arbitrage,2012,https://boxd.it/fDc
2013-02-28,Dead Man,1995,https://boxd.it/29h4
2013-02-28,Pulp Fiction,1994,https://boxd.it/29Pq
2013-02-28,Inglourious Basterds,2009,https://boxd.it/1JzG
2013-02-28,Reservoir Dogs,1992,https://boxd.it/2agc
2013-02-28,Jackie Brown,1997,https://boxd.it/2aVO
2013-02-28,Sin City,2005,https://boxd.it/2aVk
2013-02-28,Kill Bill: Vol. 1,2003,https://boxd.it/70w
2013-02-28,Death Proof,2007,https://boxd.it/27GG
2013-02-28,Grindhouse,2007,https://boxd.it/8RwY
2013-02-28,Four Rooms,1995,https://boxd.it/73g
2013-02-28,Monsieur Hulot's Holiday,1953,https://boxd.it/29E8
2013-02-28,Mon Oncle,1958,https://boxd.it/2apy
2013-02-28,PlayTime,1967,https://boxd.it/1WLK
2013-02-28,Jour de Fête,1949,https://boxd.it/243Q
2013-02-28,Parade,1974,https://boxd.it/jSq
2013-02-28,School for Postmen,1946,https://boxd.it/2uAG
2013-02-28,Trafic,1971,https://boxd.it/1TZu
2013-02-28,Watch Your Left,1936,https://boxd.it/4mJE
2013-02-28,Landscape in the Mist,1988,https://boxd.it/JRy
2013-02-28,The Travelling Players,1975,https://boxd.it/29Oi
2013-02-28,Eternity and a Day,1998,https://boxd.it/1wSq
2013-02-28,Days of '36,1972,https://boxd.it/3PhW
2013-02-28,The Weeping Meadow,2004,https://boxd.it/177k
2013-02-28,The Beekeeper,1986,https://boxd.it/J1C
2013-02-28,Ulysses' Gaze,1995,https://boxd.it/1ApC
2013-02-28,Voyage to Cythera,1984,https://boxd.it/JS2
2013-02-28,Reconstruction,1970,https://boxd.it/32nc
2013-02-28,The Hunters,1977,https://boxd.it/3Pfc
2013-02-28,Alexander the Great,1980,https://boxd.it/3KY2
2013-02-28,The Suspended Step of the Stork,1991,https://boxd.it/KKe
2013-02-28,Dogtooth,2009,https://boxd.it/158K
2013-02-28,Z,1969,https://boxd.it/26pY
2013-02-28,For Your Eyes Only,1981,https://boxd.it/29MG
2013-02-28,300,2006,https://boxd.it/28XI
2013-02-28,Zorba the Greek,1964,https://boxd.it/1VQE
2013-02-28,My Big Fat Greek Wedding,2002,https://boxd.it/20k4
2013-02-28,Crying... Silicon Tears,2001,https://boxd.it/LuQ
2013-02-28,Strella,2009,https://boxd.it/DpS
2013-02-28,The Attack of the Giant Mousaka,1999,https://boxd.it/JIm
2013-02-28,One Day in August,2001,https://boxd.it/JKi
2013-02-28,Soul Kitchen,2009,https://boxd.it/1jGm
2013-02-28,Dogma,1999,https://boxd.it/284e
2013-02-28,Psycho,1960,https://boxd.it/2ab2
2013-02-28,Vertigo,1958,https://boxd.it/2apI
2013-02-28,Rear Window,1954,https://boxd.it/2a6Q
2013-02-28,North by Northwest,1959,https://boxd.it/2aRM
2013-02-28,Dial M for Murder,1954,https://boxd.it/2adW
2013-02-28,Strangers on a Train,1951,https://boxd.it/29tk
2013-02-28,Rope,1948,https://boxd.it/28yo
2013-02-28,The Birds,1963,https://boxd.it/2a6m
2013-02-28,Notorious,1946,https://boxd.it/2aDK
2013-02-28,Rebecca,1940,https://boxd.it/2aQa
2013-02-28,The 39 Steps,1935,https://boxd.it/2aKc
2013-02-28,Shadow of a Doubt,1943,https://boxd.it/1BtA
2013-02-28,Marnie,1964,https://boxd.it/2afe
2013-02-28,To Catch a Thief,1955,https://boxd.it/2avm
2013-02-28,The Man Who Knew Too Much,1956,https://boxd.it/2a5S
2013-02-28,The Lady Vanishes,1938,https://boxd.it/29ea
2013-02-28,Frenzy,1972,https://boxd.it/2a62
2013-02-28,Spellbound,1945,https://boxd.it/24Ji
2013-02-28,The Trouble with Harry,1955,https://boxd.it/1Ul6
2013-02-28,Saboteur,1942,https://boxd.it/1hX6
2013-02-28,The Man Who Knew Too Much,1934,https://boxd.it/20uI
2013-02-28,The Wrong Man,1956,https://boxd.it/1AqK
2013-02-28,Suspicion,1941,https://boxd.it/1TNo
2013-02-28,Lifeboat,1944,https://boxd.it/1Qpo
2013-02-28,Torn Curtain,1966,https://boxd.it/22zq
2013-02-28,Family Plot,1976,https://boxd.it/22t8
2013-02-28,Sabotage,1936,https://boxd.it/1RqC
2013-02-28,I Confess,1953,https://boxd.it/1lPK
2013-02-28,Foreign Correspondent,1940,https://boxd.it/1vlA
2013-02-28,Blackmail,1929,https://boxd.it/2aao
2013-02-28,Topaz,1969,https://boxd.it/26Ro
2013-02-28,The Lodger: A Story of the London Fog,1927,https://boxd.it/26m6
2013-02-28,Secret Agent,1936,https://boxd.it/26lW
2013-02-28,Young and Innocent,1937,https://boxd.it/26lM
2013-02-28,The Paradine Case,1947,https://boxd.it/1iAi
2013-02-28,Under Capricorn,1949,https://boxd.it/24J8
2013-02-28,Jamaica Inn,1939,https://boxd.it/1hXq
2013-02-28,Love Is Colder Than Death,1969,https://boxd.it/1RTY
2013-02-28,Katzelmacher,1969,https://boxd.it/20OI
2013-02-28,Why Does Herr R. Run Amok?,1970,https://boxd.it/1WzY
2013-02-28,The Merchant of Four Seasons,1972,https://boxd.it/1WzO
2013-02-28,The American Soldier,1970,https://boxd.it/ISK
2013-02-28,The Bitter Tears of Petra von Kant,1972,https://boxd.it/1WzE
2013-02-28,Ali: Fear Eats the Soul,1974,https://boxd.it/2aRi
2013-02-28,Effi Briest,1974,https://boxd.it/29Ly
2013-02-28,Mother Küsters Goes to Heaven,1975,https://boxd.it/Xlc
2013-02-28,Chinese Roulette,1976,https://boxd.it/1b2I
2013-02-28,The Stationmaster’s Wife,1977,https://boxd.it/42BA
2013-02-28,The Third Generation,1979,https://boxd.it/42QU
2013-02-28,The Marriage of Maria Braun,1979,https://boxd.it/29Su
2013-02-28,In a Year with 13 Moons,1978,https://boxd.it/Xt6
2013-02-28,Berlin Alexanderplatz,1980,https://boxd.it/B9mo
2013-02-28,Lili Marleen,1981,https://boxd.it/2aJo
2013-02-28,Lola,1981,https://boxd.it/273u
2013-02-28,Veronika Voss,1982,https://boxd.it/273O
2013-02-28,Querelle,1982,https://boxd.it/XEy
2013-02-28,Shrek,2001,https://boxd.it/29zi
2013-02-28,Toy Story 2,1999,https://boxd.it/29qq
2013-02-28,Corpse Bride,2005,https://boxd.it/24WQ
2013-02-28,Up,2009,https://boxd.it/1OEc
2013-02-28,Finding Nemo,2003,https://boxd.it/72i
2013-02-28,Ratatouille,2007,https://boxd.it/27ww
2013-02-28,WALL·E,2008,https://boxd.it/1VEo
2013-02-28,"Monsters, Inc.",2001,https://boxd.it/2a46
2013-02-28,A Bug's Life,1998,https://boxd.it/1Yyy
2013-02-28,Toy Story,1995,https://boxd.it/29qA
2013-03-01,Following,1998,https://boxd.it/1Tj4
2013-03-03,Hyde Park on Hudson,2012,https://boxd.it/35BQ
2013-03-03,Ghostbusters,1984,https://boxd.it/g2w
2013-03-03,Groundhog Day,1993,https://boxd.it/2b3e
2013-03-03,The Royal Tenenbaums,2001,https://boxd.it/1YHU
2013-03-03,The Life Aquatic with Steve Zissou,2004,https://boxd.it/2aqw
2013-03-03,The Darjeeling Limited,2007,https://boxd.it/24as
2013-03-03,Ed Wood,1994,https://boxd.it/2adM
2013-03-03,Broken Flowers,2005,https://boxd.it/2aCW
2013-03-03,Wild Things,1998,https://boxd.it/29Zq
2013-03-03,Tootsie,1982,https://boxd.it/1YkG
2013-03-03,Charlie's Angels,2000,https://boxd.it/24v6
2013-03-03,Space Jam,1996,https://boxd.it/26YO
2013-03-03,Scrooged,1988,https://boxd.it/1Y9e
2013-03-03,Coffee and Cigarettes,2003,https://boxd.it/29nc
2013-03-03,Kingpin,1996,https://boxd.it/1TB8
2013-03-03,Stripes,1981,https://boxd.it/gY6
2013-03-03,What About Bob?,1991,https://boxd.it/1WEk
2013-03-03,Mad Dog and Glory,1993,https://boxd.it/1Whg
2013-03-03,Meatballs,1979,https://boxd.it/1OTc
2013-03-03,The Razor's Edge,1984,https://boxd.it/1xDc
2013-03-03,Mulholland Drive,2001,https://boxd.it/297o
2013-03-03,Blue Velvet,1986,https://boxd.it/29BI
2013-03-03,The Straight Story,1999,https://boxd.it/2ass
2013-03-03,Lost Highway,1997,https://boxd.it/29Wc
2013-03-03,Twin Peaks: Fire Walk with Me,1992,https://boxd.it/27Qw
2013-03-03,Wild at Heart,1990,https://boxd.it/2aii
2013-03-03,The Elephant Man,1980,https://boxd.it/27LQ
2013-03-03,Eraserhead,1977,https://boxd.it/299u
2013-03-03,Stranger Than Paradise,1984,https://boxd.it/2ajU
2013-03-03,Down by Law,1986,https://boxd.it/28CA
2013-03-03,Night on Earth,1991,https://boxd.it/2ayq
2013-03-03,Coffee and Cigarettes,1987,https://boxd.it/2d2i
2013-03-04,The Killing,1956,https://boxd.it/2aMi
2013-03-04,Paths of Glory,1957,https://boxd.it/29b6
2013-03-04,Spartacus,1960,https://boxd.it/29bq
2013-03-04,Lolita,1962,https://boxd.it/29Ag
2013-03-04,Dr. Strangelove or: How I Learned to Stop Worrying and Love the Bomb,1964,https://boxd.it/29eY
2013-03-04,2001: A Space Odyssey,1968,https://boxd.it/2bf0
2013-03-04,A Clockwork Orange,1971,https://boxd.it/2aVE
2013-03-04,Barry Lyndon,1975,https://boxd.it/25A2
2013-03-04,The Shining,1980,https://boxd.it/29Nu
2013-03-04,Full Metal Jacket,1987,https://boxd.it/2a1Q
2013-03-04,Eyes Wide Shut,1999,https://boxd.it/2axs
2013-03-04,Being There,1979,https://boxd.it/1WxS
2013-03-04,Casino Royale,1967,https://boxd.it/1ShQ
2013-03-04,The Ladykillers,1955,https://boxd.it/230w
2013-03-04,The Party,1968,https://boxd.it/1VnC
2013-03-04,The Pink Panther,1963,https://boxd.it/29eO
2013-03-04,Revenge of the Pink Panther,1978,https://boxd.it/225g
2013-03-04,The Pink Panther Strikes Again,1976,https://boxd.it/1S9i
2013-03-04,The Return of the Pink Panther,1975,https://boxd.it/1SXi
2013-03-04,Murder by Death,1976,https://boxd.it/228k
2013-03-04,What's New Pussycat?,1965,https://boxd.it/255S
2013-03-04,Trail of the Pink Panther,1982,https://boxd.it/1Y1k
2013-03-04,The Mouse That Roared,1959,https://boxd.it/1RuY
2013-03-04,Papillon,1973,https://boxd.it/22kK
2013-03-04,Lenny,1974,https://boxd.it/1sym
2013-03-04,All the President's Men,1976,https://boxd.it/29lU
2013-03-04,Marathon Man,1976,https://boxd.it/1W4c
2013-03-04,Kramer vs. Kramer,1979,https://boxd.it/h0w
2013-03-04,Agatha,1979,https://boxd.it/1jCY
2013-03-04,Death of a Salesman,1985,https://boxd.it/1Rzu
2013-03-04,Ishtar,1987,https://boxd.it/1Rny
2013-03-04,Rain Man,1988,https://boxd.it/2avw
2013-03-04,Family Business,1989,https://boxd.it/1VYS
2013-03-04,Dick Tracy,1990,https://boxd.it/201w
2013-03-04,Billy Bathgate,1991,https://boxd.it/1Rvi
2013-03-04,Hook,1991,https://boxd.it/29nQ
2013-03-04,Hero,1992,https://boxd.it/2wsu
2013-03-04,Outbreak,1995,https://boxd.it/21io
2013-03-04,Mad City,1997,https://boxd.it/1XQQ
2013-03-04,Wag the Dog,1997,https://boxd.it/2a3W
2013-03-04,Sphere,1998,https://boxd.it/1WXm
2013-03-04,Runaway Jury,2003,https://boxd.it/1U7o
2013-03-04,I ♥ Huckabees,2004,https://boxd.it/28vk
2013-03-04,Meet the Fockers,2004,https://boxd.it/29NE
2013-03-04,Kung Fu Panda,2008,https://boxd.it/1Yws
2013-03-04,Last Chance Harvey,2008,https://boxd.it/1Kai
2013-03-04,Straw Dogs,1971,https://boxd.it/2982
2013-03-04,Who Is Harry Kellerman and Why Is He Saying Those Terrible Things About Me?,1971,https://boxd.it/3dnW
2013-03-04,Midnight Cowboy,1969,https://boxd.it/25Hi
2013-03-04,Little Big Man,1970,https://boxd.it/1UN0
2013-03-04,The Graduate,1967,https://boxd.it/18Im
2013-03-04,The Virgin Suicides,1999,https://boxd.it/28JG
2013-03-04,Jack,1996,https://boxd.it/21au
2013-03-04,Bram Stoker's Dracula,1992,https://boxd.it/223a
2013-03-04,The Godfather Part III,1990,https://boxd.it/2aN6
2013-03-04,Peggy Sue Got Married,1986,https://boxd.it/1XiO
2013-03-04,Tucker: The Man and His Dream,1988,https://boxd.it/1q4u
2013-03-04,New York Stories,1989,https://boxd.it/1Y3q
2013-03-04,The Cotton Club,1984,https://boxd.it/27kK
2013-03-04,Rumble Fish,1983,https://boxd.it/2aOI
2013-03-04,The Outsiders,1983,https://boxd.it/2aPw
2013-03-04,The Godfather Part II,1974,https://boxd.it/2aNq
2013-03-04,Apocalypse Now,1979,https://boxd.it/6ZS
2013-03-04,One from the Heart,1982,https://boxd.it/ZJq
2013-03-04,The Conversation,1974,https://boxd.it/2a38
2013-03-04,The Godfather,1972,https://boxd.it/2aNK
2013-03-04,Dementia 13,1963,https://boxd.it/1prs
2013-03-04,Shark Tale,2004,https://boxd.it/1VYe
2013-03-04,Showtime,2002,https://boxd.it/22ts
2013-03-04,The Score,2001,https://boxd.it/1U0C
2013-03-04,The Making of 'Cape Fear',2001,https://boxd.it/4yzQ
2013-03-04,Analyze This,1999,https://boxd.it/1Yr8
2013-03-04,Ronin,1998,https://boxd.it/20wa
2013-03-04,Great Expectations,1998,https://boxd.it/1YKE
2013-03-04,Meet the Parents,2000,https://boxd.it/28vE
2013-03-04,Analyze That,2002,https://boxd.it/1XuK
2013-03-04,Cop Land,1997,https://boxd.it/27ly
2013-03-04,Heat,1995,https://boxd.it/2bg8
2013-03-04,Mary Shelley's Frankenstein,1994,https://boxd.it/25T4
2013-03-04,Night and the City,1992,https://boxd.it/1aTG
2013-03-04,Backdraft,1991,https://boxd.it/265Y
2013-03-04,Cape Fear,1991,https://boxd.it/28vu
2013-03-04,GoodFellas,1990,https://boxd.it/29FA
2013-03-04,Awakenings,1990,https://boxd.it/1USu
2013-03-04,Stanley & Iris,1990,https://boxd.it/1blK
2013-03-04,We're No Angels,1989,https://boxd.it/22f6
2013-03-04,The Untouchables,1987,https://boxd.it/2b6i
2013-03-04,Midnight Run,1988,https://boxd.it/1ZnQ
2013-03-04,Jacknife,1989,https://boxd.it/13ec
2013-03-04,Angel Heart,1987,https://boxd.it/29WG
2013-03-04,The Mission,1986,https://boxd.it/1TTw
2013-03-04,Falling in Love,1984,https://boxd.it/yeA
2013-03-04,The King of Comedy,1982,https://boxd.it/2aJS
2013-03-04,Once Upon a Time in America,1984,https://boxd.it/2aCs
2013-03-04,True Confessions,1981,https://boxd.it/1hMs
2013-03-04,"New York, New York",1977,https://boxd.it/1Rw6
2013-03-04,1900,1976,https://boxd.it/24Zg
2013-03-04,Taxi Driver,1976,https://boxd.it/2b8y
2013-03-04,Raging Bull,1980,https://boxd.it/28yI
2013-03-04,The Deer Hunter,1978,https://boxd.it/1T6O
2013-03-04,Pink Floyd: The Wall,1982,https://boxd.it/1Sxk
2013-03-04,Mississippi Burning,1988,https://boxd.it/28r8
2013-03-04,Midnight Express,1978,https://boxd.it/1U7I
2013-03-04,Fame,1980,https://boxd.it/25gc
2013-03-04,Monty Python and the Holy Grail,1975,https://boxd.it/29GI
2013-03-04,Jabberwocky,1977,https://boxd.it/1SYK
2013-03-04,Time Bandits,1981,https://boxd.it/19KI
2013-03-04,Monty Python's The Meaning of Life,1983,https://boxd.it/249E
2013-03-04,The Adventures of Baron Munchausen,1988,https://boxd.it/1NXs
2013-03-04,The Fisher King,1991,https://boxd.it/2aWM
2013-03-04,Twelve Monkeys,1995,https://boxd.it/2beQ
2013-03-04,Fear and Loathing in Las Vegas,1998,https://boxd.it/27Xs
2013-03-04,The Brothers Grimm,2005,https://boxd.it/24kW
2013-03-04,The Imaginarium of Doctor Parnassus,2009,https://boxd.it/20DA
2013-03-04,Blade Runner,1982,https://boxd.it/2bcA
2013-03-04,Gladiator,2000,https://boxd.it/2b9m
2013-03-04,Hannibal,2001,https://boxd.it/1XVc
2013-03-04,Robin Hood,2010,https://boxd.it/1D6o
2013-03-04,Alien,1979,https://boxd.it/2awY
2013-03-04,Prometheus,2012,https://boxd.it/2s9e
2013-03-04,Kingdom of Heaven,2005,https://boxd.it/28Gs
2013-03-04,Thelma & Louise,1991,https://boxd.it/28Ew
2013-03-04,G.I. Jane,1997,https://boxd.it/24my
2013-03-04,Legend,1985,https://boxd.it/1SCY
2013-03-04,The Duellists,1977,https://boxd.it/1FLI
2013-03-04,1492: Conquest of Paradise,1992,https://boxd.it/28GW
2013-03-04,Black Rain,1989,https://boxd.it/24NY
2013-03-04,Someone to Watch Over Me,1987,https://boxd.it/1iCI
2013-03-04,Life of Pi,2012,https://boxd.it/37pC
2013-03-04,The Angels' Share,2012,https://boxd.it/3wNE
2013-03-04,Hope Springs,2012,https://boxd.it/2TSU
2013-03-04,Seeking a Friend for the End of the World,2012,https://boxd.it/376g
2013-03-04,To Rome with Love,2012,https://boxd.it/2REG
2013-03-04,Midnight in Paris,2011,https://boxd.it/i4a
2013-03-04,You Will Meet a Tall Dark Stranger,2010,https://boxd.it/16W2
2013-03-04,Vicky Cristina Barcelona,2008,https://boxd.it/23rW
2013-03-04,Scoop,2006,https://boxd.it/2aeg
2013-03-04,Match Point,2005,https://boxd.it/2b6s
2013-03-04,Melinda and Melinda,2004,https://boxd.it/1Y36
2013-03-04,Hollywood Ending,2002,https://boxd.it/1Y2W
2013-03-04,The Curse of the Jade Scorpion,2001,https://boxd.it/26jm
2013-03-04,Small Time Crooks,2000,https://boxd.it/1VVY
2013-03-04,Celebrity,1998,https://boxd.it/1YBM
2013-03-04,Deconstructing Harry,1997,https://boxd.it/26xe
2013-03-04,Mighty Aphrodite,1995,https://boxd.it/1TPu
2013-03-04,Bullets Over Broadway,1994,https://boxd.it/1TYQ
2013-03-04,Manhattan Murder Mystery,1993,https://boxd.it/1Wg8
2013-03-04,Husbands and Wives,1992,https://boxd.it/1pIe
2013-03-04,Alice,1990,https://boxd.it/20tA
2013-03-04,Crimes and Misdemeanors,1989,https://boxd.it/1Ty4
2013-03-04,Radio Days,1987,https://boxd.it/1kms
2013-03-04,Hannah and Her Sisters,1986,https://boxd.it/23jy
2013-03-04,September,1987,https://boxd.it/1Awe
2013-03-04,The Purple Rose of Cairo,1985,https://boxd.it/1VeU
2013-03-04,Broadway Danny Rose,1984,https://boxd.it/1Rie
2013-03-04,Zelig,1983,https://boxd.it/1UOC
2013-03-04,A Midsummer Night's Sex Comedy,1982,https://boxd.it/20oK
2013-03-04,Stardust Memories,1980,https://boxd.it/1U66
2013-03-04,Love and Death,1975,https://boxd.it/1TeS
2013-03-04,Annie Hall,1977,https://boxd.it/29M2
2013-03-04,Interiors,1978,https://boxd.it/1LlQ
2013-03-04,Manhattan,1979,https://boxd.it/29Na
2013-03-04,Sleeper,1973,https://boxd.it/1Tye
2013-03-04,Everything You Always Wanted to Know About Sex *But Were Afraid to Ask,1972,https://boxd.it/1Toy
2013-03-04,Bananas,1971,https://boxd.it/1UbA
2013-03-04,"What's Up, Tiger Lily?",1966,https://boxd.it/1BTe
2013-03-04,Take the Money and Run,1969,https://boxd.it/1TJQ
2013-03-04,The Grey,2011,https://boxd.it/2xZE
2013-03-04,La Haine,1995,https://boxd.it/2as8
2013-03-04,Robin Hood: Men in Tights,1993,https://boxd.it/20H8
2013-03-04,Drugstore Cowboy,1989,https://boxd.it/2aj6
2013-03-04,Boogie Nights,1997,https://boxd.it/23um
2013-03-04,Fargo,1996,https://boxd.it/2aHM
2013-03-04,The Social Network,2010,https://boxd.it/17ue
2013-03-04,The Dark Knight,2008,https://boxd.it/2b0k
2013-03-04,Star Wars,1977,https://boxd.it/72s
2013-03-04,The Empire Strikes Back,1980,https://boxd.it/27Vw
2013-03-04,Jurassic Park,1993,https://boxd.it/2aA2
2013-03-04,Se7en,1995,https://boxd.it/29zs
2013-03-04,Die Hard,1988,https://boxd.it/2a7u
2013-03-04,The Silence of the Lambs,1991,https://boxd.it/2aHW
2013-03-04,The Departed,2006,https://boxd.it/28MA
2013-03-04,The Bridges of Madison County,1995,https://boxd.it/29Os
2013-03-04,Forrest Gump,1994,https://boxd.it/728
2013-03-04,Ghost,1990,https://boxd.it/2aLE
2013-03-04,Sleepless in Seattle,1993,https://boxd.it/29re
2013-03-04,What Dreams May Come,1998,https://boxd.it/1SoM
2013-03-04,The Family Man,2000,https://boxd.it/22e8
2013-03-04,Casablanca,1942,https://boxd.it/2aG0
2013-03-04,Pay It Forward,2000,https://boxd.it/1VJI
2013-03-04,Moulin Rouge!,2001,https://boxd.it/29wI
2013-03-04,L.A. Confidential,1997,https://boxd.it/27oC
2013-03-04,Amélie,2001,https://boxd.it/2aUc
2013-03-04,The Sting,1973,https://boxd.it/1Z5s
2013-03-04,Double Indemnity,1944,https://boxd.it/297I
2013-03-04,This Is Spinal Tap,1984,https://boxd.it/1UOs
2013-03-04,Cool Hand Luke,1967,https://boxd.it/29jY
2013-03-04,The Big Lebowski,1998,https://boxd.it/2b6C
2013-03-04,High Fidelity,2000,https://boxd.it/2aMW
2013-03-04,Shaun of the Dead,2004,https://boxd.it/29J8
2013-03-04,American Psycho,2000,https://boxd.it/28Vs
2013-03-04,Love Actually,2003,https://boxd.it/2aeU
2013-03-04,Good Will Hunting,1997,https://boxd.it/2ahY
2013-03-04,Blade,1998,https://boxd.it/1a8A
2013-03-04,City of God,2002,https://boxd.it/2a2a
2013-03-04,Aliens,1986,https://boxd.it/29PA
2013-03-04,The Shawshank Redemption,1994,https://boxd.it/2aHi
2013-03-04,Magnolia,1999,https://boxd.it/2aze
2013-03-04,The Matrix,1999,https://boxd.it/2a1m
2013-03-04,Fight Club,1999,https://boxd.it/2a9q
2013-03-04,The Usual Suspects,1995,https://boxd.it/29XE
2013-03-04,Young Frankenstein,1974,https://boxd.it/25To
2013-03-04,Predator,1987,https://boxd.it/2b84
2013-03-04,Memento,2000,https://boxd.it/2bcK
2013-03-04,Pan's Labyrinth,2006,https://boxd.it/28No
2013-03-04,American Beauty,1999,https://boxd.it/71Y
2013-03-04,What's Eating Gilbert Grape,1993,https://boxd.it/28xg
2013-03-04,One Flew Over the Cuckoo's Nest,1975,https://boxd.it/2aeA
2013-03-04,American History X,1998,https://boxd.it/2bdo
2013-03-04,Eternal Sunshine of the Spotless Mind,2004,https://boxd.it/6YK
2013-03-04,Bull Durham,1988,https://boxd.it/2wS8
2013-03-04,The Princess Bride,1987,https://boxd.it/26EY
2013-03-04,Big Fish,2003,https://boxd.it/2a3M
2013-03-04,Jaws,1975,https://boxd.it/2a5e
2013-03-04,Braveheart,1995,https://boxd.it/2aTI
2013-03-04,Anchorman: The Legend of Ron Burgundy,2004,https://boxd.it/1ZVo
2013-03-04,Lethal Weapon 2,1989,https://boxd.it/29dQ
2013-03-04,Minority Report,2002,https://boxd.it/2aWi
2013-03-04,Home Alone,1990,https://boxd.it/29Fg
2013-03-04,Desperado,1995,https://boxd.it/20Bk
2013-03-04,Top Gun,1986,https://boxd.it/29JC
2013-03-04,When Harry Met Sally...,1989,https://boxd.it/29W2
2013-03-04,The Prestige,2006,https://boxd.it/293w
2013-03-04,True Lies,1994,https://boxd.it/19pq
2013-03-04,Dracula: Dead and Loving It,1995,https://boxd.it/1Swm
2013-03-04,Spaceballs,1987,https://boxd.it/29cy
2013-03-04,History of the World: Part I,1981,https://boxd.it/1WWS
2013-03-04,High Anxiety,1977,https://boxd.it/1RLK
2013-03-04,Silent Movie,1976,https://boxd.it/1UXO
2013-03-04,Blazing Saddles,1974,https://boxd.it/1UHQ
2013-03-04,The Twelve Chairs,1970,https://boxd.it/1wMM
2013-03-04,The Producers,1967,https://boxd.it/1lMm
2013-03-04,Shivers,1975,https://boxd.it/1rPG
2013-03-04,Rabid,1977,https://boxd.it/1nuk
2013-03-04,Scanners,1981,https://boxd.it/1YqE
2013-03-04,Videodrome,1983,https://boxd.it/29uC
2013-03-04,The Dead Zone,1983,https://boxd.it/1U6g
2013-03-04,The Fly,1986,https://boxd.it/1YIe
2013-03-04,Dead Ringers,1988,https://boxd.it/1Yqk
2013-03-04,Naked Lunch,1991,https://boxd.it/26ow
2013-03-04,M. Butterfly,1993,https://boxd.it/28O2
2013-03-04,Crash,1996,https://boxd.it/29n2
2013-03-04,eXistenZ,1999,https://boxd.it/27Ni
2013-03-04,Eastern Promises,2007,https://boxd.it/275q
2013-03-04,Cosmopolis,2012,https://boxd.it/H4O
2013-03-04,Tank Girl,1995,https://boxd.it/1Zfs
2013-03-04,The Manchurian Candidate,1962,https://boxd.it/299Y
2013-03-04,Beetlejuice,1988,https://boxd.it/24QI
2013-03-04,Requiem for a Dream,2000,https://boxd.it/29VI
2013-03-04,Pi,1998,https://boxd.it/2ajq
2013-03-04,The Fountain,2006,https://boxd.it/28RU
2013-03-04,The Wrestler,2008,https://boxd.it/1So8
2013-03-04,Black Swan,2010,https://boxd.it/Sw0
2013-03-04,Solaris,2002,https://boxd.it/27qS
2013-03-04,Solaris,1972,https://boxd.it/2a2Y
2013-03-04,Stalker,1979,https://boxd.it/28PO
2013-03-04,Andrei Rublev,1966,https://boxd.it/29lg
2013-03-04,Mirror,1975,https://boxd.it/28Q8
2013-03-04,Ivan's Childhood,1962,https://boxd.it/1j6y
2013-03-04,The Sacrifice,1986,https://boxd.it/1xg8
2013-03-04,Nostalgia,1983,https://boxd.it/28Qi
2013-03-04,The Sound of Music,1965,https://boxd.it/1MLK
2013-03-04,My Beautiful Laundrette,1985,https://boxd.it/1UhI
2013-03-04,The Ghost Writer,2010,https://boxd.it/1TQW
2013-03-04,Oliver Twist,2005,https://boxd.it/2aKG
2013-03-04,The Pianist,2002,https://boxd.it/2aqc
2013-03-04,The Ninth Gate,1999,https://boxd.it/29YM
2013-03-04,Death and the Maiden,1994,https://boxd.it/1W26
2013-03-04,Tess,1979,https://boxd.it/1UAq
2013-03-04,Pirates,1986,https://boxd.it/1TKa
2013-03-04,Frantic,1988,https://boxd.it/1VFm
2013-03-04,Bitter Moon,1992,https://boxd.it/1W76
2013-03-04,The Tenant,1976,https://boxd.it/1TKk
2013-03-04,Chinatown,1974,https://boxd.it/29vU
2013-03-04,What?,1972,https://boxd.it/2QS8
2013-03-04,Macbeth,1971,https://boxd.it/1U9k
2013-03-04,Repulsion,1965,https://boxd.it/1TKu
2013-03-04,Knife in the Water,1962,https://boxd.it/1THK
2013-03-04,Cul-de-sac,1966,https://boxd.it/23QW
2013-03-04,The Fearless Vampire Killers,1967,https://boxd.it/25Ri
2013-03-04,Rosemary's Baby,1968,https://boxd.it/29zM
2013-03-04,Two Men and a Wardrobe,1958,https://boxd.it/Gig
2013-03-04,La Strada,1954,https://boxd.it/2asi
2013-03-04,The Swindle,1955,https://boxd.it/1bks
2013-03-04,The White Sheik,1952,https://boxd.it/UG2
2013-03-04,I Vitelloni,1953,https://boxd.it/1RJE
2013-03-04,Nights of Cabiria,1957,https://boxd.it/1F7e
2013-03-04,La Dolce Vita,1960,https://boxd.it/2anC
2013-03-04,Boccaccio '70,1962,https://boxd.it/PWk
2013-03-04,8½,1963,https://boxd.it/2aqm
2013-03-04,Juliet of the Spirits,1965,https://boxd.it/1FF6
2013-03-04,Spirits of the Dead,1968,https://boxd.it/ZTg
2013-03-04,Satyricon,1969,https://boxd.it/1UtY
2013-03-04,The Clowns,1970,https://boxd.it/Wwo
2013-03-04,Roma,1972,https://boxd.it/1UNO
2013-03-04,Amarcord,1973,https://boxd.it/20NA
2013-03-04,Fellini's Casanova,1976,https://boxd.it/Xp4
2013-03-04,Orchestra Rehearsal,1978,https://boxd.it/JJk
2013-03-04,City of Women,1980,https://boxd.it/1SJg
2013-03-04,And the Ship Sails On,1983,https://boxd.it/22RO
2013-03-04,Ginger and Fred,1986,https://boxd.it/XVY
2013-03-04,Intervista,1987,https://boxd.it/K2Q
2013-03-04,The Voice of the Moon,1990,https://boxd.it/iZg
2013-03-04,Brazil,1985,https://boxd.it/2be2
2013-03-04,The 400 Blows,1959,https://boxd.it/2b1C
2013-03-04,The Rocky Horror Picture Show,1975,https://boxd.it/1a3q
2013-03-04,"Paris, Texas",1984,https://boxd.it/29Ts
2013-03-04,Pina,2011,https://boxd.it/n5W
2013-03-04,Palermo Shooting,2008,https://boxd.it/1ZFq
2013-03-04,Lisbon Story,1994,https://boxd.it/2auy
2013-03-04,Until the End of the World,1991,https://boxd.it/1WuY
2013-03-04,Wings of Desire,1987,https://boxd.it/2b26
2013-03-04,Tokyo-Ga,1985,https://boxd.it/2DyE
2013-03-04,The State of Things,1982,https://boxd.it/1lui
2013-03-04,Hammett,1982,https://boxd.it/2lfE
2013-03-04,The American Friend,1977,https://boxd.it/1UkC
2013-03-04,Alice in the Cities,1974,https://boxd.it/27cG
2013-03-04,The Goalie's Anxiety at the Penalty Kick,1972,https://boxd.it/WNu
2013-03-04,The Scarlet Letter,1973,https://boxd.it/WQI
2013-03-04,Wrong Move,1975,https://boxd.it/1EcM
2013-03-04,Death in Venice,1971,https://boxd.it/21tm
2013-03-04,Gertrud,1964,https://boxd.it/1ec2
2013-03-04,The Passion of Joan of Arc,1928,https://boxd.it/29DO
2013-03-04,Ordet,1955,https://boxd.it/Jiy
2013-03-04,Day of Wrath,1943,https://boxd.it/ZtM
2013-03-04,Rocco and His Brothers,1960,https://boxd.it/20bG
2013-03-04,The Leopard,1963,https://boxd.it/296K
2013-03-04,Obsession,1943,https://boxd.it/23i6
2013-03-04,Le Notti Bianche,1957,https://boxd.it/V0G
2013-03-04,Senso,1954,https://boxd.it/V6k
2013-03-04,The Damned,1969,https://boxd.it/YiS
2013-03-04,La Terra Trema,1948,https://boxd.it/UsE
2013-03-04,The Stranger,1967,https://boxd.it/1jl4
2013-03-04,Night Sun,1990,https://boxd.it/Lfw
2013-03-04,"Good Morning, Babylon",1987,https://boxd.it/Jaa
2013-03-04,Kaos,1984,https://boxd.it/16CG
2013-03-04,Allonsanfan,1974,https://boxd.it/GOm
2013-03-04,Padre Padrone,1977,https://boxd.it/XqG
2013-03-04,The Night of the Shooting Stars,1982,https://boxd.it/XFm
2013-03-04,St. Michael Had a Rooster,1972,https://boxd.it/2gtm
2013-03-04,Fiorile,1993,https://boxd.it/YRy
2013-03-04,Performance,1970,https://boxd.it/1txE
2013-03-04,Don't Look Now,1973,https://boxd.it/29fC
2013-03-04,The Man Who Fell to Earth,1976,https://boxd.it/298w
2013-03-04,Bad Timing,1980,https://boxd.it/1fUE
2013-03-04,Eureka,1983,https://boxd.it/178M
2013-03-04,Insignificance,1985,https://boxd.it/XUc
2013-03-04,Aria,1987,https://boxd.it/1v1K
2013-03-04,Track 29,1988,https://boxd.it/Y3y
2013-03-04,The Witches,1990,https://boxd.it/1WVg
2013-03-04,"Inside Rooms: 26 Bathrooms, London & Oxfordshire",1985,https://boxd.it/2udW
2013-03-04,The Draughtsman's Contract,1982,https://boxd.it/1VhO
2013-03-04,A Zed & Two Noughts,1985,https://boxd.it/1g9a
2013-03-04,The Belly of an Architect,1987,https://boxd.it/1IWO
2013-03-04,Drowning by Numbers,1988,https://boxd.it/1rYe
2013-03-04,"The Cook, the Thief, His Wife & Her Lover",1989,https://boxd.it/20VO
2013-03-04,Four American Composers: Philip Glass,1983,https://boxd.it/4wVg
2013-03-04,Four American Composers: John Cage,1983,https://boxd.it/4zTC
2013-03-04,Prospero's Books,1991,https://boxd.it/23qY
2013-03-04,The Baby of Mâcon,1993,https://boxd.it/23qu
2013-03-04,The Pillow Book,1995,https://boxd.it/1tW0
2013-03-04,"The Tulse Luper Suitcases, Part 3: From Sark to the Finish",2004,https://boxd.it/25K2
2013-03-04,"The Tulse Luper Suitcases, Part 1: The Moab Story",2003,https://boxd.it/25Km
2013-03-04,"The Tulse Luper Suitcases, Part 2: Vaux to the Sea",2004,https://boxd.it/25Kc
2013-03-04,F for Fake,1973,https://boxd.it/VxA
2013-03-04,Filming Othello,1978,https://boxd.it/3T3Y
2013-03-04,Citizen Kane,1941,https://boxd.it/71O
2013-03-04,The Magnificent Ambersons,1942,https://boxd.it/29bK
2013-03-04,Macbeth,1948,https://boxd.it/1qKA
2013-03-04,The Lady from Shanghai,1947,https://boxd.it/251Q
2013-03-04,Touch of Evil,1958,https://boxd.it/28II
2013-03-04,Mr. Arkadin,1955,https://boxd.it/SZc
2013-03-04,The Trial,1962,https://boxd.it/25Xg
2013-03-04,Chimes at Midnight,1965,https://boxd.it/299k
2013-03-04,Sawdust and Tinsel,1953,https://boxd.it/K1S
2013-03-04,Summer with Monika,1953,https://boxd.it/JZC
2013-03-04,Summer Interlude,1951,https://boxd.it/KDC
2013-03-04,The Seventh Seal,1957,https://boxd.it/2ahO
2013-03-04,Wild Strawberries,1957,https://boxd.it/29ZU
2013-03-04,The Virgin Spring,1960,https://boxd.it/1TjI
2013-03-04,Through a Glass Darkly,1961,https://boxd.it/1TrW
2013-03-04,The Silence,1963,https://boxd.it/1TH6
2013-03-04,Persona,1966,https://boxd.it/29B4
2013-03-04,Cries and Whispers,1972,https://boxd.it/1WK8
2013-03-04,Scenes from a Marriage,1974,https://boxd.it/4kJC
2013-03-04,The Serpent's Egg,1977,https://boxd.it/KDs
2013-03-04,Autumn Sonata,1978,https://boxd.it/1Rio
2013-03-04,From the Life of the Marionettes,1980,https://boxd.it/XBO
2013-03-04,Fanny and Alexander,1982,https://boxd.it/22go
2013-03-04,After the Rehearsal,1984,https://boxd.it/XLO
2013-03-04,An American Werewolf in London,1981,https://boxd.it/29yk
2013-03-04,Sicko,2007,https://boxd.it/26Sm
2013-03-07,Charlie and the Chocolate Factory,2005,https://boxd.it/2b68
2013-03-09,Antichrist,2009,https://boxd.it/1Inu
2013-03-09,"Lock, Stock and Two Smoking Barrels",1998,https://boxd.it/2b92
2013-03-09,The Truman Show,1998,https://boxd.it/18U8
2013-03-09,The Element of Crime,1984,https://boxd.it/1Zg6
2013-03-09,Europa,1991,https://boxd.it/1ZfM
2013-03-09,Breaking the Waves,1996,https://boxd.it/2b1W
2013-03-09,The Idiots,1998,https://boxd.it/2amu
2013-03-09,Dogville,2003,https://boxd.it/2a8W
2013-03-09,Manderlay,2005,https://boxd.it/27Mu
2013-03-10,Sweeney Todd: The Demon Barber of Fleet Street,2007,https://boxd.it/1PcS
2013-03-10,Planet of the Apes,2001,https://boxd.it/29ps
2013-03-10,Mars Attacks!,1996,https://boxd.it/2bd4
2013-03-10,Batman Returns,1992,https://boxd.it/2awa
2013-03-10,Edward Scissorhands,1990,https://boxd.it/2aZc
2013-03-10,Batman,1989,https://boxd.it/2aIU
2013-03-10,Dark Shadows,2012,https://boxd.it/bQ2
2013-03-10,Chloe,2009,https://boxd.it/1pZk
2013-03-10,Exotica,1994,https://boxd.it/1DXW
2013-03-10,Melancholia,2011,https://boxd.it/bPI
2013-03-10,Being John Malkovich,1999,https://boxd.it/2ahu
2013-03-10,Gangs of New York,2002,https://boxd.it/25FG
2013-03-10,The Mask,1994,https://boxd.it/29rS
2013-03-10,Shrek 2,2004,https://boxd.it/29z8
2013-03-10,There's Something About Mary,1998,https://boxd.it/2aae
2013-03-10,Vanilla Sky,2001,https://boxd.it/27TK
2013-03-10,Charlie's Angels: Full Throttle,2003,https://boxd.it/1YB8
2013-03-10,Bruce Almighty,2003,https://boxd.it/2aCC
2013-03-10,Dumb and Dumber,1994,https://boxd.it/206m
2013-03-10,Liar Liar,1997,https://boxd.it/28sg
2013-03-10,Ace Ventura: Pet Detective,1994,https://boxd.it/25RW
2013-03-10,Batman Forever,1995,https://boxd.it/2ara
2013-03-10,Yes Man,2008,https://boxd.it/1WPW
2013-03-10,The Cable Guy,1996,https://boxd.it/1XAI
2013-03-10,Lemony Snicket's A Series of Unfortunate Events,2004,https://boxd.it/1T7s
2013-03-10,Ace Ventura: When Nature Calls,1995,https://boxd.it/1Z66
2013-03-10,Man on the Moon,1999,https://boxd.it/281k
2013-03-10,"Me, Myself & Irene",2000,https://boxd.it/27nY
2013-03-10,Fun with Dick and Jane,2005,https://boxd.it/20PG
2013-03-10,The Number 23,2007,https://boxd.it/258C
2013-03-10,Earth Girls Are Easy,1988,https://boxd.it/27bI
2013-03-10,Pink Cadillac,1989,https://boxd.it/1EdU
2013-03-10,"The Good, the Bad and the Ugly",1966,https://boxd.it/2ape
2013-03-10,Gran Torino,2008,https://boxd.it/1Qzy
2013-03-10,Million Dollar Baby,2004,https://boxd.it/2bdI
2013-03-10,Unforgiven,1992,https://boxd.it/6Z4
2013-03-10,A Fistful of Dollars,1964,https://boxd.it/2auo
2013-03-10,Dirty Harry,1971,https://boxd.it/299E
2013-03-10,Escape from Alcatraz,1979,https://boxd.it/1Vwk
2013-03-10,For a Few Dollars More,1965,https://boxd.it/29eu
2013-03-10,In the Line of Fire,1993,https://boxd.it/1YOw
2013-03-10,Space Cowboys,2000,https://boxd.it/22W0
2013-03-10,A Perfect World,1993,https://boxd.it/1Yng
2013-03-10,Magnum Force,1973,https://boxd.it/1VJy
2013-03-10,Where Eagles Dare,1968,https://boxd.it/1UM2
2013-03-10,Play Misty for Me,1971,https://boxd.it/1MjQ
2013-03-10,Absolute Power,1997,https://boxd.it/2bem
2013-03-10,Firefox,1982,https://boxd.it/1VxW
2013-03-10,Raw Iron: The Making of 'Pumping Iron',2002,https://boxd.it/1nIG
2013-03-10,City Heat,1984,https://boxd.it/1JqY
2013-03-10,Honkytonk Man,1982,https://boxd.it/17cO
2013-03-10,J. Edgar,2011,https://boxd.it/38B0
2013-03-10,Changeling,2008,https://boxd.it/25aS
2013-03-10,Letters from Iwo Jima,2006,https://boxd.it/290C
2013-03-10,Flags of Our Fathers,2006,https://boxd.it/255y
2013-03-10,Midnight in the Garden of Good and Evil,1997,https://boxd.it/20w0
2013-03-10,Bird,1988,https://boxd.it/1xcU
2013-03-10,Hoffa,1992,https://boxd.it/1WkO
2013-03-10,L'Argent,1983,https://boxd.it/XIg
2013-03-10,Pickpocket,1959,https://boxd.it/29O8
2013-03-10,A Man Escaped,1956,https://boxd.it/1MzY
2013-03-10,The Trial of Joan of Arc,1962,https://boxd.it/HGe
2013-03-10,Claire's Knee,1970,https://boxd.it/26aO
2013-03-10,Love in the Afternoon,1972,https://boxd.it/1Svo
2013-03-10,The Marquise of O,1976,https://boxd.it/J2q
2013-03-10,The Aviator's Wife,1981,https://boxd.it/1srq
2013-03-10,Pauline at the Beach,1983,https://boxd.it/1WC4
2013-03-10,Full Moon in Paris,1984,https://boxd.it/1sxe
2013-03-10,The Green Ray,1986,https://boxd.it/t8W
2013-03-10,Boyfriends and Girlfriends,1987,https://boxd.it/14C
2013-03-10,Rhapsody in August,1991,https://boxd.it/1D8a
2013-03-10,Dreams,1990,https://boxd.it/1ROu
2013-03-10,Ran,1985,https://boxd.it/1Tlu
2013-03-10,Kagemusha,1980,https://boxd.it/1SGG
2013-03-10,Dersu Uzala,1975,https://boxd.it/1XRO
2013-03-10,Yojimbo,1961,https://boxd.it/1SRY
2013-03-10,Throne of Blood,1957,https://boxd.it/251w
2013-03-10,Seven Samurai,1954,https://boxd.it/2axi
2013-03-11,The Professional,1981,https://boxd.it/28l0
2013-03-11,[REC],2007,https://boxd.it/20ma
2013-03-11,Big,1988,https://boxd.it/271S
2013-03-11,The Campaign,2012,https://boxd.it/2Hz2
2013-03-11,Greetings,1968,https://boxd.it/2vo2
2013-03-11,"Hi, Mom!",1970,https://boxd.it/Wwy
2013-03-11,Dionysus in '69,1970,https://boxd.it/3nDA
2013-03-11,Carrie,1976,https://boxd.it/20ZQ
2013-03-11,Dressed to Kill,1980,https://boxd.it/1UO8
2013-03-11,Home Movies,1979,https://boxd.it/21do
2013-03-11,Blow Out,1981,https://boxd.it/1TlE
2013-03-11,Scarface,1983,https://boxd.it/2b7g
2013-03-11,Body Double,1984,https://boxd.it/1TGW
2013-03-11,Wise Guys,1986,https://boxd.it/1iBg
2013-03-11,Casualties of War,1989,https://boxd.it/1WZ8
2013-03-11,The Bonfire of the Vanities,1990,https://boxd.it/1Yj4
2013-03-11,Raising Cain,1992,https://boxd.it/1P5C
2013-03-11,Carlito's Way,1993,https://boxd.it/226e
2013-03-11,Mission: Impossible,1996,https://boxd.it/29d2
2013-03-11,Snake Eyes,1998,https://boxd.it/1ZX0
2013-03-11,Mission to Mars,2000,https://boxd.it/27w2
2013-03-11,The Black Dahlia,2006,https://boxd.it/1Y52
2013-03-11,Evita,1996,https://boxd.it/1ZOC
2013-03-11,The Mask of Zorro,1998,https://boxd.it/1YVi
2013-03-11,Assassins,1995,https://boxd.it/1Y2C
2013-03-11,Original Sin,2001,https://boxd.it/27xk
2013-03-11,The Body,2001,https://boxd.it/2lfu
2013-03-11,Spy Kids,2001,https://boxd.it/1Xcw
2013-03-11,Frida,2002,https://boxd.it/28Vi
2013-03-11,The Legend of Zorro,2005,https://boxd.it/28nq
2013-03-11,Interview with the Vampire,1994,https://boxd.it/29XO
2013-03-11,Philadelphia,1993,https://boxd.it/1XMk
2013-03-11,The House of the Spirits,1993,https://boxd.it/274i
2013-03-11,The Mambo Kings,1992,https://boxd.it/12wa
2013-03-11,Tie Me Up! Tie Me Down!,1989,https://boxd.it/26FW
2013-03-11,Women on the Verge of a Nervous Breakdown,1988,https://boxd.it/24GI
2013-03-11,Law of Desire,1987,https://boxd.it/24Pg
2013-03-11,Matador,1986,https://boxd.it/20EI
2013-03-11,All About My Mother,1999,https://boxd.it/2b9c
2013-03-11,Bad Education,2004,https://boxd.it/2b2K
2013-03-11,What Have I Done to Deserve This?,1984,https://boxd.it/20t6
2013-03-11,The Flower of My Secret,1995,https://boxd.it/24we
2013-03-11,Kika,1993,https://boxd.it/20sM
2013-03-11,High Heels,1991,https://boxd.it/20sW
2013-03-11,The Omen,1976,https://boxd.it/29By
2013-03-11,To Kill a Mockingbird,1962,https://boxd.it/2a2E
2013-03-11,Roman Holiday,1953,https://boxd.it/29zW
2013-03-11,The Boys from Brazil,1978,https://boxd.it/1KvK
2013-03-11,The Guns of Navarone,1961,https://boxd.it/1V62
2013-03-11,Cape Fear,1962,https://boxd.it/1U4a
2013-03-11,How the West Was Won,1962,https://boxd.it/1SPo
2013-03-11,On the Beach,1959,https://boxd.it/1cpe
2013-03-11,Other People's Money,1991,https://boxd.it/21G6
2013-03-11,The Man in the Gray Flannel Suit,1956,https://boxd.it/2li4
2013-03-11,12 Angry Men,1957,https://boxd.it/2auI
2013-03-11,Dog Day Afternoon,1975,https://boxd.it/29bg
2013-03-11,Serpico,1973,https://boxd.it/1ZjE
2013-03-11,The Verdict,1982,https://boxd.it/1y3Y
2013-03-11,Murder on the Orient Express,1974,https://boxd.it/24IY
2013-03-11,Fail Safe,1964,https://boxd.it/2afS
2013-03-11,Before the Devil Knows You're Dead,2007,https://boxd.it/20Jy
2013-03-11,Network,1976,https://boxd.it/1VqG
2013-03-11,Deathtrap,1982,https://boxd.it/1IpU
2013-03-11,The Hill,1965,https://boxd.it/1xJY
2013-03-11,Prince of the City,1981,https://boxd.it/1hQY
2013-03-11,Equus,1977,https://boxd.it/18GU
2013-03-11,The Anderson Tapes,1971,https://boxd.it/1keS
2013-03-11,Long Day's Journey Into Night,1962,https://boxd.it/Vxq
2013-03-11,Power,1986,https://boxd.it/LV8
2013-03-11,Q & A,1990,https://boxd.it/1iK8
2013-03-11,The Morning After,1986,https://boxd.it/1i6M
2013-03-11,Night Falls on Manhattan,1996,https://boxd.it/O7K
2013-03-11,The Appointment,1969,https://boxd.it/mam
2013-03-11,That Obscure Object of Desire,1977,https://boxd.it/22zg
2013-03-11,The Phantom of Liberty,1974,https://boxd.it/22VG
2013-03-11,The Discreet Charm of the Bourgeoisie,1972,https://boxd.it/2440
2013-03-11,Tristana,1970,https://boxd.it/1bPg
2013-03-11,Diary of a Chambermaid,1964,https://boxd.it/1aZY
2013-03-11,Belle de Jour,1967,https://boxd.it/29Uq
2013-03-11,Simon of the Desert,1965,https://boxd.it/1aXe
2013-03-11,The Milky Way,1969,https://boxd.it/1cVk
2013-03-11,The Exterminating Angel,1962,https://boxd.it/1nRS
2013-03-11,Viridiana,1961,https://boxd.it/24eE
2013-03-11,The Young One,1960,https://boxd.it/1cVu
2013-03-11,Nazarín,1959,https://boxd.it/1cLk
2013-03-11,That Is the Dawn,1956,https://boxd.it/3OOK
2013-03-11,Death in the Garden,1956,https://boxd.it/1cC8
2013-03-11,Él,1953,https://boxd.it/UIM
2013-03-11,The Criminal Life of Archibaldo de la Cruz,1955,https://boxd.it/17Ty
2013-03-11,Un Chien Andalou,1929,https://boxd.it/29Y8
2013-03-11,L'Âge d'or,1930,https://boxd.it/22FI
2013-03-11,Land Without Bread,1933,https://boxd.it/2bau
2013-03-11,The Young and the Damned,1950,https://boxd.it/29AA
2013-03-11,Wuthering Heights,1954,https://boxd.it/ULm
2013-03-11,The Hunger,1983,https://boxd.it/1Tk2
2013-03-11,The Umbrellas of Cherbourg,1964,https://boxd.it/22fK
2013-03-11,8 Women,2002,https://boxd.it/27Lm
2013-03-11,The Last Metro,1980,https://boxd.it/28fc
2013-03-11,Indochine,1992,https://boxd.it/26pu
2013-03-11,Fort Saganne,1984,https://boxd.it/24z8
2013-03-11,The Shock,1982,https://boxd.it/45Nk
2013-03-11,To Live and Die in L.A.,1985,https://boxd.it/1XFo
2013-03-11,The Hitcher,1986,https://boxd.it/1Yq0
2013-03-11,Ladyhawke,1985,https://boxd.it/2ad8
2013-03-11,Blind Fury,1989,https://boxd.it/1FEs
2013-03-11,Soldier of Orange,1977,https://boxd.it/29X0
2013-03-11,The Osterman Weekend,1983,https://boxd.it/1Sda
2013-03-11,Salem's Lot,2004,https://boxd.it/19SC
2013-03-11,Wedlock,1991,https://boxd.it/27nE
2013-03-11,The Poseidon Adventure,2005,https://boxd.it/1pqa
2013-03-12,Gambit,2012,https://boxd.it/3mM2
2013-03-12,Cronos,1992,https://boxd.it/1TjS
2013-03-19,Crimson Tide,1995,https://boxd.it/1ZuM
2013-03-19,Independence Day,1996,https://boxd.it/2a1w
2013-03-19,Gone in Sixty Seconds,2000,https://boxd.it/1Y4y
2013-03-19,Naked,1993,https://boxd.it/1BT4
2013-03-19,Vera Drake,2004,https://boxd.it/1UCm
2013-03-19,Topsy-Turvy,1999,https://boxd.it/Nbc
2013-03-19,Another Year,2010,https://boxd.it/T1C
2013-03-19,Happy-Go-Lucky,2008,https://boxd.it/1W68
2013-03-19,Secrets & Lies,1996,https://boxd.it/1UuC
2013-03-19,Life Is Sweet,1990,https://boxd.it/19GQ
2013-03-19,All or Nothing,2002,https://boxd.it/1RWS
2013-03-19,Attack of the Sabretooth,2005,https://boxd.it/jAc
2013-03-19,Apollo 13,1995,https://boxd.it/2a6G
2013-03-19,9,2009,https://boxd.it/1Scm
2013-03-19,The Lord of the Rings: The Fellowship of the Ring,2001,https://boxd.it/2b5O
2013-03-19,The Lord of the Rings: The Two Towers,2002,https://boxd.it/2b5E
2013-03-19,The Lord of the Rings: The Return of the King,2003,https://boxd.it/2b5u
2013-03-19,Inception,2010,https://boxd.it/1skk
2013-03-19,Insomnia,2002,https://boxd.it/2aB0
2013-03-19,The Spy Who Loved Me,1977,https://boxd.it/29NY
2013-03-19,Escape to Athena,1979,https://boxd.it/1or2
2013-03-19,The Secret of My Success,1987,https://boxd.it/1Xhw
2013-03-20,The Cranes Are Flying,1957,https://boxd.it/169Y
2013-03-20,The Exorcist,1973,https://boxd.it/1Yoo
2013-03-20,Sunset Boulevard,1950,https://boxd.it/2a20
2013-03-20,Singin' in the Rain,1952,https://boxd.it/29oY
2013-03-20,Peeping Tom,1960,https://boxd.it/1Utk
2013-03-20,Three Colours: Blue,1993,https://boxd.it/2b7K
2013-03-20,Three Colours: White,1994,https://boxd.it/2b7A
2013-03-20,Three Colours: Red,1994,https://boxd.it/2b7q
2013-03-20,True Grit,2010,https://boxd.it/Sog
2013-03-20,The King's Speech,2010,https://boxd.it/dX0
2013-03-20,The Great Escape,1963,https://boxd.it/22kA
2013-03-20,Rocky,1976,https://boxd.it/28Uk
2013-03-20,Titanic,1997,https://boxd.it/2a2k
2013-03-20,Contact,1997,https://boxd.it/29OM
2013-03-20,Close Encounters of the Third Kind,1977,https://boxd.it/29u8
2013-03-20,Back to the Future,1985,https://boxd.it/2b8e
2013-03-20,E.T. the Extra-Terrestrial,1982,https://boxd.it/2a1G
2013-03-20,Rocky II,1979,https://boxd.it/28Ua
2013-03-20,Terminator 2: Judgment Day,1991,https://boxd.it/2aGY
2013-03-20,RoboCop,1987,https://boxd.it/22Wu
2013-03-20,Avatar,2009,https://boxd.it/1Efm
2013-03-20,Who Framed Roger Rabbit,1988,https://boxd.it/29ry
2013-03-20,Airplane!,1980,https://boxd.it/29yu
2013-03-20,The Fugitive,1993,https://boxd.it/230G
2013-03-20,The Thing,1982,https://boxd.it/294O
2013-03-20,Starman,1984,https://boxd.it/1Y6O
2013-03-20,Basic Instinct,1992,https://boxd.it/2asM
2013-03-20,A Fish Called Wanda,1988,https://boxd.it/29YC
2013-03-20,Fahrenheit 9/11,2004,https://boxd.it/28a2
2013-03-20,Night of the Living Dead,1968,https://boxd.it/1WwA
2013-03-20,The Poseidon Adventure,1972,https://boxd.it/2a9g
2013-03-20,The Towering Inferno,1974,https://boxd.it/22ly
2013-03-20,American Graffiti,1973,https://boxd.it/29us
2013-03-20,King Kong,2005,https://boxd.it/2aLa
2013-03-20,King Kong,1933,https://boxd.it/2aMM
2013-03-20,...And Justice for All,1979,https://boxd.it/1IFI
2013-03-20,Superman,1978,https://boxd.it/27Qm
2013-03-20,From Russia with Love,1963,https://boxd.it/29T8
2013-03-20,Gremlins,1984,https://boxd.it/29gg
2013-03-20,Duel,1971,https://boxd.it/29ui
2013-03-20,First Blood,1982,https://boxd.it/28U0
2013-03-20,Beverly Hills Cop,1984,https://boxd.it/2baE
2013-03-20,Lethal Weapon,1987,https://boxd.it/29e0
2013-03-20,Airport,1970,https://boxd.it/1VG0
2013-03-20,The Terminator,1984,https://boxd.it/2aQY
2013-03-23,Gone with the Wind,1939,https://boxd.it/29Fq
2013-03-23,9 Songs,2004,https://boxd.it/702
2013-03-23,Snakes on a Plane,2006,https://boxd.it/2aAw
2013-03-23,Blood Simple,1984,https://boxd.it/1U16
2013-03-23,The Falcon and the Snowman,1985,https://boxd.it/1tBc
2013-03-23,Men in Black,1997,https://boxd.it/2a0I
2013-03-24,Margin Call,2011,https://boxd.it/CJ8
2013-03-25,The Five-Year Engagement,2012,https://boxd.it/2oZU
2013-03-25,Battleship,2012,https://boxd.it/QZ0
2013-03-25,Friends with Benefits,2011,https://boxd.it/DoK
2013-03-25,Grease,1978,https://boxd.it/29YW
2013-03-25,Horrible Bosses,2011,https://boxd.it/Ba2
2013-03-25,Love Story,1970,https://boxd.it/1Zgg
2013-03-25,Office Space,1999,https://boxd.it/28Em
2013-03-25,Source Code,2011,https://boxd.it/fdo
2013-03-25,Ted,2012,https://boxd.it/2pgc
2013-03-25,The Importance of Being Earnest,1952,https://boxd.it/1DGG
2013-03-25,The Rutles: All You Need Is Cash,1978,https://boxd.it/1Kea
2013-03-25,Think Like a Man,2012,https://boxd.it/2ffo
2013-03-25,Lost in Translation,2003,https://boxd.it/2b0E
2013-03-25,"They Shoot Horses, Don't They?",1969,https://boxd.it/1q9u
2013-03-25,Carnal Knowledge,1971,https://boxd.it/1au2
2013-03-25,The Day of the Jackal,1973,https://boxd.it/23GM
2013-03-25,Brewster McCloud,1970,https://boxd.it/1tIi
2013-03-25,Alice Doesn't Live Here Anymore,1974,https://boxd.it/1KIa
2013-03-25,Shampoo,1975,https://boxd.it/1jNW
2013-03-25,Bob & Carol & Ted & Alice,1969,https://boxd.it/1tIM
2013-03-25,Harold and Maude,1971,https://boxd.it/2axM
2013-03-25,Three Days of the Condor,1975,https://boxd.it/1SF4
2013-03-25,M*A*S*H,1970,https://boxd.it/29U6
2013-03-25,The Sugarland Express,1974,https://boxd.it/23la
2013-03-25,Death on the Nile,1978,https://boxd.it/24I0
2013-03-25,The Texas Chain Saw Massacre,1974,https://boxd.it/1lcS
2013-03-25,The Passenger,1975,https://boxd.it/1Y8q
2013-03-25,Mean Streets,1973,https://boxd.it/2aSU
2013-03-25,Easy Rider,1969,https://boxd.it/29Ys
2013-03-25,McCabe & Mrs. Miller,1971,https://boxd.it/1ooC
2013-03-25,The China Syndrome,1979,https://boxd.it/2990
2013-03-25,The French Connection,1971,https://boxd.it/296g
2013-03-25,10,1979,https://boxd.it/1Zi2
2013-03-25,Badlands,1973,https://boxd.it/25Fm
2013-03-25,The Candidate,1972,https://boxd.it/1Bvc
2013-03-25,The Last Detail,1973,https://boxd.it/1Nbe
2013-03-25,An Unmarried Woman,1978,https://boxd.it/15kG
2013-03-25,Last Tango in Paris,1972,https://boxd.it/28pw
2013-03-25,The Thin Red Line,1998,https://boxd.it/1ZTM
2013-03-25,No Country for Old Men,2007,https://boxd.it/21ew
2013-03-25,Ferris Bueller's Day Off,1986,https://boxd.it/1YPY
2013-03-25,Raising Arizona,1987,https://boxd.it/2avQ
2013-03-27,Parental Guidance,2012,https://boxd.it/37JC
2013-03-29,The Aviator,2004,https://boxd.it/26BU
2013-03-29,Judgment at Nuremberg,1961,https://boxd.it/29xc
2013-03-29,"Crazy, Stupid, Love.",2011,https://boxd.it/D9A
2013-03-29,A Private Function,1984,https://boxd.it/moS
2013-03-29,The War Lord,1965,https://boxd.it/WkM
2013-03-29,The Specialist,1994,https://boxd.it/26xy
2013-03-29,Twins,1988,https://boxd.it/1YxK
2013-03-29,Watchmen,2009,https://boxd.it/1QE4
2013-03-29,The Matrix Reloaded,2003,https://boxd.it/2a1c
2013-03-29,Showgirls,1995,https://boxd.it/1Vmk
2013-03-29,Sliver,1993,https://boxd.it/29pM
2013-03-29,Oldboy,2003,https://boxd.it/29R2
2013-03-29,Barton Fink,1991,https://boxd.it/2aFQ
2013-03-29,Miller's Crossing,1990,https://boxd.it/2avG
2013-03-29,The Man Who Wasn't There,2001,https://boxd.it/1Vqc
2013-03-29,The Hudsucker Proxy,1994,https://boxd.it/1SJA
2013-03-29,"O Brother, Where Art Thou?",2000,https://boxd.it/2b3I
2013-03-29,Burn After Reading,2008,https://boxd.it/23BW
2013-03-29,Intolerable Cruelty,2003,https://boxd.it/1T7i
2013-03-29,The Ladykillers,2004,https://boxd.it/22Z4
2013-03-29,"Play It Again, Sam",1972,https://boxd.it/1TqO
2013-03-30,Hitchcock,2012,https://boxd.it/3LDa
2013-03-30,Clerks,1994,https://boxd.it/2706
2013-03-30,Ben-Hur,1959,https://boxd.it/29RQ
2013-03-30,On the Waterfront,1954,https://boxd.it/29TC
2013-03-30,Bonnie and Clyde,1967,https://boxd.it/2ajg
2013-03-30,The Bridge on the River Kwai,1957,https://boxd.it/29wo
2013-03-30,The Big Sleep,1946,https://boxd.it/29iQ
2013-03-30,High Noon,1952,https://boxd.it/2aGa
2013-03-30,All About Eve,1950,https://boxd.it/29LI
2013-03-30,Bicycle Thieves,1948,https://boxd.it/23hW
2013-03-30,City Lights,1931,https://boxd.it/29ki
2013-03-30,The Wild Bunch,1969,https://boxd.it/2a5y
2013-03-30,The Treasure of the Sierra Madre,1948,https://boxd.it/25Lk
2013-03-30,East of Eden,1955,https://boxd.it/2aQE
2013-03-30,Hellraiser,1987,https://boxd.it/1Zpi
2013-03-30,Fitzcarraldo,1982,https://boxd.it/1YV8
2013-03-30,Delicatessen,1991,https://boxd.it/29lK
2013-03-30,Cat on a Hot Tin Roof,1958,https://boxd.it/2aK2
2013-03-30,All Quiet on the Western Front,1930,https://boxd.it/2b2g
2013-03-30,Natural Born Killers,1994,https://boxd.it/2aNg
2013-03-30,The Wages of Fear,1953,https://boxd.it/2aSK
2013-03-30,"Aguirre, the Wrath of God",1972,https://boxd.it/27Fe
2013-03-30,Nosferatu the Vampyre,1979,https://boxd.it/21J0
2013-03-30,The Enigma of Kaspar Hauser,1974,https://boxd.it/1Tba
2013-03-30,Woyzeck,1979,https://boxd.it/1Wyc
2013-03-30,Looper,2012,https://boxd.it/ham
2013-03-30,Brokeback Mountain,2005,https://boxd.it/2b2q
2013-03-30,March of the Penguins,2005,https://boxd.it/28lE
2013-03-30,The Break-Up,2006,https://boxd.it/1XRk
2013-03-30,Babel,2006,https://boxd.it/292o
2013-03-30,Fast Food Nation,2006,https://boxd.it/20mY
2013-03-30,Capote,2005,https://boxd.it/2atq
2013-03-30,Who Killed the Electric Car?,2006,https://boxd.it/1Q1G
2013-03-30,Borat: Cultural Learnings of America for Make Benefit Glorious Nation of Kazakhstan,2006,https://boxd.it/2agQ
2013-03-30,V for Vendetta,2005,https://boxd.it/29Ik
2013-03-30,An Inconvenient Truth,2006,https://boxd.it/289y
2013-03-30,Transamerica,2005,https://boxd.it/2aa4
2013-03-30,The Da Vinci Code,2006,https://boxd.it/2a3i
2013-03-30,The Weather Man,2005,https://boxd.it/21gM
2013-03-30,Munich,2005,https://boxd.it/2a0e
2013-03-30,The Last Temptation of Christ,1988,https://boxd.it/1ULe
2013-03-31,Primer,2004,https://boxd.it/6YA
2013-03-31,Cry-Baby,1990,https://boxd.it/1XRa
2013-03-31,A Serious Man,2009,https://boxd.it/1RFW
2013-03-31,War of the Worlds,2005,https://boxd.it/2bde
2013-03-31,The Curious Case of Benjamin Button,2008,https://boxd.it/23Fk
2013-03-31,The Fifth Element,1997,https://boxd.it/71k
2013-03-31,Coraline,2009,https://boxd.it/1NhQ
2013-03-31,Subway,1985,https://boxd.it/1VIg
2013-03-31,Diva,1981,https://boxd.it/24fW
2013-03-31,Betty Blue,1986,https://boxd.it/1SBw
2013-03-31,The Moon in the Gutter,1983,https://boxd.it/KBc
2013-03-31,IP5: The Island of Pachyderms,1992,https://boxd.it/2tsQ
2013-03-31,The Apartment,1960,https://boxd.it/2aGE
2013-03-31,M,1931,https://boxd.it/29vq
2013-04-01,Splash,1984,https://boxd.it/26ym
2013-04-01,Cigarettes & Coffee,1993,https://boxd.it/3Diy
2013-04-01,O Lucky Man!,1973,https://boxd.it/WQe
2013-04-01,if....,1968,https://boxd.it/1Nna
2013-04-01,Britannia Hospital,1982,https://boxd.it/1ttM
2013-04-01,The Whales of August,1987,https://boxd.it/F7Q
2013-04-01,The Last of the Mohicans,1992,https://boxd.it/1YSo
2013-04-01,Nine,2009,https://boxd.it/1WQA
2013-04-01,The Unbearable Lightness of Being,1988,https://boxd.it/1VKc
2013-04-01,In the Name of the Father,1993,https://boxd.it/20I6
2013-04-01,Gandhi,1982,https://boxd.it/29Dk
2013-04-01,Sunday Bloody Sunday,1971,https://boxd.it/OlW
2013-04-01,The Queen,2006,https://boxd.it/292e
2013-04-01,Dangerous Liaisons,1988,https://boxd.it/29r4
2013-04-01,The Grifters,1990,https://boxd.it/1HwA
2013-04-01,Mrs. Henderson Presents,2005,https://boxd.it/1VqQ
2013-04-01,Prick Up Your Ears,1987,https://boxd.it/1qOi
2013-04-01,Fail Safe,2000,https://boxd.it/1jW0
2013-04-01,Sammy and Rosie Get Laid,1987,https://boxd.it/XXg
2013-04-01,Liam,2000,https://boxd.it/HvU
2013-04-01,The Hitchhiker's Guide to the Galaxy,2005,https://boxd.it/20VE
2013-04-01,State of Play,2009,https://boxd.it/1JnA
2013-04-01,Gosford Park,2001,https://boxd.it/239e
2013-04-01,Caligula,1979,https://boxd.it/1YDS
2013-04-01,The Mosquito Coast,1986,https://boxd.it/1UAA
2013-04-01,Calendar Girls,2003,https://boxd.it/1ZVS
2013-04-01,The Madness of King George,1994,https://boxd.it/1U90
2013-04-01,White Nights,1985,https://boxd.it/1KRw
2013-04-01,From Here to Eternity,1953,https://boxd.it/1TRU
2013-04-01,The Crimson Permanent Assurance,1983,https://boxd.it/14Gw
2013-04-01,Halloween,1978,https://boxd.it/2wRu
2013-04-01,Big Trouble in Little China,1986,https://boxd.it/21em
2013-04-01,Escape from New York,1981,https://boxd.it/294k
2013-04-01,They Live,1988,https://boxd.it/20lm
2013-04-01,The Fog,1980,https://boxd.it/29Cc
2013-04-01,Assault on Precinct 13,1976,https://boxd.it/1I2c
2013-04-01,Escape from L.A.,1996,https://boxd.it/1XbI
2013-04-01,Christine,1983,https://boxd.it/1ZRQ
2013-04-01,Memoirs of an Invisible Man,1992,https://boxd.it/26sS
2013-04-01,Prince of Darkness,1987,https://boxd.it/1ZKq
2013-04-01,Hostel,2005,https://boxd.it/28ig
2013-04-01,El Cid,1961,https://boxd.it/1JRU
2013-04-01,Last Year at Marienbad,1961,https://boxd.it/24Qe
2013-04-01,West Side Story,1961,https://boxd.it/28dK
2013-04-01,One-Eyed Jacks,1961,https://boxd.it/1Gyq
2013-04-01,Never on Sunday,1960,https://boxd.it/VrM
2013-04-01,Topkapi,1964,https://boxd.it/23qk
2013-04-01,The Incredible Shrinking Man,1957,https://boxd.it/1ixS
2013-04-01,The Fly,1958,https://boxd.it/1T1E
2013-04-01,Mary Poppins,1964,https://boxd.it/2aoA
2013-04-01,Goldfinger,1964,https://boxd.it/29SY
2013-04-01,Zulu,1964,https://boxd.it/1O6Y
2013-04-01,Henry V,1989,https://boxd.it/1VB0
2013-04-01,RED,2010,https://boxd.it/13uu
2013-04-01,Léon: The Professional,1994,https://boxd.it/2b8S
2013-04-01,Nikita,1990,https://boxd.it/1YYm
2013-04-01,Point of No Return,1993,https://boxd.it/1W6W
2013-04-01,Julie & Julia,2009,https://boxd.it/1wXg
2013-04-01,The Beach,2000,https://boxd.it/27T6
2013-04-01,A Beautiful Mind,2001,https://boxd.it/2amk
2013-04-01,Ransom,1996,https://boxd.it/258s
2013-04-01,Cocoon,1985,https://boxd.it/1Wx4
2013-04-01,Gung Ho,1986,https://boxd.it/1PBo
2013-04-01,The Paper,1994,https://boxd.it/1S7m
2013-04-01,Parenthood,1989,https://boxd.it/28CU
2013-04-01,Far and Away,1992,https://boxd.it/1Ufi
2013-04-01,Mercury Rising,1998,https://boxd.it/1ZMG
2013-04-01,Robin Hood: Prince of Thieves,1991,https://boxd.it/20hu
2013-04-02,Red Lights,2012,https://boxd.it/2Bvo
2013-04-02,54,1998,https://boxd.it/255I
2013-04-02,Scream,1996,https://boxd.it/24EC
2013-04-02,Scream 4,2011,https://boxd.it/Zmc
2013-04-02,Scream 2,1997,https://boxd.it/24Es
2013-04-02,Scream 3,2000,https://boxd.it/24Ei
2013-04-02,The Craft,1996,https://boxd.it/1Zai
2013-04-02,Threesome,1994,https://boxd.it/1VLE
2013-04-02,Red Rock West,1993,https://boxd.it/1Wi4
2013-04-02,Wayne's World,1992,https://boxd.it/1ZHG
2013-04-02,Men in Black II,2002,https://boxd.it/2a0y
2013-04-02,The Rookie,1990,https://boxd.it/21ne
2013-04-02,Wild Hogs,2007,https://boxd.it/1Uok
2013-04-02,Galaxy Quest,1999,https://boxd.it/29gq
2013-04-02,The Santa Clause,1994,https://boxd.it/1TWK
2013-04-02,Jungle 2 Jungle,1997,https://boxd.it/1YF0
2013-04-02,Christmas with the Kranks,2004,https://boxd.it/1PEW
2013-04-02,For Richer or Poorer,1997,https://boxd.it/1WqM
2013-04-02,DodgeBall: A True Underdog Story,2004,https://boxd.it/1YAY
2013-04-02,Instinct,1999,https://boxd.it/1Sve
2013-04-02,On Golden Pond,1981,https://boxd.it/1T1u
2013-04-07,David Bowie: Cracked Actor,1975,https://boxd.it/5d7I
2013-04-08,Breathless,1960,https://boxd.it/2aIK
2013-04-08,Innerspace,1987,https://boxd.it/26yQ
2013-04-08,Waterworld,1995,https://boxd.it/1XLG
2013-04-08,A Boy and His Dog,1975,https://boxd.it/23FO
2013-04-08,Strange Days,1995,https://boxd.it/2aGO
2013-04-08,K-PAX,2001,https://boxd.it/2aYo
2013-04-08,A.I. Artificial Intelligence,2001,https://boxd.it/29Ve
2013-04-08,Impostor,2001,https://boxd.it/23yI
2013-04-08,Outland,1981,https://boxd.it/1W0E
2013-04-08,The Avengers,2012,https://boxd.it/1xFW
2013-04-08,Dead Poets Society,1989,https://boxd.it/2aSg
2013-04-08,Let the Right One In,2008,https://boxd.it/1Qr0
2013-04-08,Jules and Jim,1962,https://boxd.it/28rM
2013-04-08,The Little Shop of Horrors,1960,https://boxd.it/1xDm
2013-04-08,Sunshine,2007,https://boxd.it/28Xy
2013-04-08,Cast Away,2000,https://boxd.it/20i8
2013-04-08,The Village,2004,https://boxd.it/21iS
2013-04-08,Dances with Wolves,1990,https://boxd.it/2a4K
2013-04-08,The Piano,1993,https://boxd.it/29Kq
2013-04-09,The Prince of Tides,1991,https://boxd.it/1Wwg
2013-04-09,The Hunger Games,2012,https://boxd.it/2uds
2013-04-10,Judge Dredd,1995,https://boxd.it/1Yzm
2013-04-10,Zardoz,1974,https://boxd.it/23Fa
2013-04-10,Death Race 2000,1975,https://boxd.it/1QuI
2013-04-10,Fahrenheit 451,1966,https://boxd.it/28fw
2013-04-10,Planet of the Apes,1968,https://boxd.it/29p8
2013-04-10,THX 1138,1971,https://boxd.it/29Ww
2013-04-10,The Handmaid's Tale,1990,https://boxd.it/1CS2
2013-04-10,Triumph of the Will,1935,https://boxd.it/145A
2013-04-11,TPB AFK: The Pirate Bay - Away from Keyboard,2013,https://boxd.it/E1M
2013-04-12,Life Is Beautiful,1997,https://boxd.it/29Wm
2013-04-13,Lawless,2012,https://boxd.it/2TIK
2013-04-13,Three to Tango,1999,https://boxd.it/1VWW
2013-04-13,The Third Man,1949,https://boxd.it/294E
2013-04-13,Get Carter,1971,https://boxd.it/28HU
2013-04-13,Casino,1995,https://boxd.it/2ads
2013-04-13,Sleuth,1972,https://boxd.it/298c
2013-04-13,Point Blank,1967,https://boxd.it/1uAE
2013-04-13,Do the Right Thing,1989,https://boxd.it/29gA
2013-04-13,JFK,1991,https://boxd.it/29xm
2013-04-13,The Lavender Hill Mob,1951,https://boxd.it/1gkM
2013-04-13,The Incredibles,2004,https://boxd.it/1XLm
2013-04-13,Glengarry Glen Ross,1992,https://boxd.it/1Yw8
2013-04-13,The Artist,2011,https://boxd.it/2AwK
2013-04-13,The Ipcress File,1965,https://boxd.it/1MzE
2013-04-13,Some Like It Hot,1959,https://boxd.it/2aNA
2013-04-13,The Man Who Shot Liberty Valance,1962,https://boxd.it/1Tdg
2013-04-13,The Night of the Hunter,1955,https://boxd.it/25HW
2013-04-13,The Maltese Falcon,1941,https://boxd.it/29c4
2013-04-13,Five Easy Pieces,1970,https://boxd.it/1tww
2013-04-13,High Sierra,1941,https://boxd.it/1r7k
2013-04-13,Raiders of the Lost Ark,1981,https://boxd.it/2bbs
2013-04-13,The Amityville Horror,1979,https://boxd.it/1TPk
2013-04-13,Trading Places,1983,https://boxd.it/28sK
2013-04-14,Blow-Up,1966,https://boxd.it/2966
2013-04-14,Das Boot,1981,https://boxd.it/2av2
2013-04-14,Danton,1983,https://boxd.it/24GS
2013-04-14,Ugetsu,1953,https://boxd.it/1NyM
2013-04-14,Bring Me the Head of Alfredo Garcia,1974,https://boxd.it/1SIs
2013-04-14,Lawrence of Arabia,1962,https://boxd.it/2wRE
2013-04-14,Diamonds Are Forever,1971,https://boxd.it/29Pg
2013-04-14,Field of Dreams,1989,https://boxd.it/26VK
2013-04-14,The Natural,1984,https://boxd.it/1TX4
2013-04-14,The Day After Tomorrow,2004,https://boxd.it/2aog
2013-04-14,Transformers,2007,https://boxd.it/280c
2013-04-14,Bicentennial Man,1999,https://boxd.it/2722
2013-04-14,Deep Impact,1998,https://boxd.it/1ZYM
2013-04-14,Meet Joe Black,1998,https://boxd.it/2aEI
2013-04-14,The Butterfly Effect,2004,https://boxd.it/27M0
2013-04-14,Pleasantville,1998,https://boxd.it/26uY
2013-04-14,Phenomenon,1996,https://boxd.it/1Z2I
2013-04-14,First Name: Carmen,1983,https://boxd.it/1gGe
2013-04-14,The Parisian Lady,1969,https://boxd.it/4yM6
2013-04-14,Sister Act,1992,https://boxd.it/27EA
2013-04-14,The Descendants,2011,https://boxd.it/4Ba
2013-04-14,Donnie Brasco,1997,https://boxd.it/1YRA
2013-04-14,Runaway Train,1985,https://boxd.it/1SQ2
2013-04-14,Art School Confidential,2006,https://boxd.it/1XOq
2013-04-14,A Dangerous Method,2011,https://boxd.it/IYo
2013-04-14,The Grapes of Wrath,1940,https://boxd.it/2a2u
2013-04-14,Rashomon,1950,https://boxd.it/2a9K
2013-04-14,The Blob,1958,https://boxd.it/1ZKA
2013-04-14,Once Upon a Time in the West,1968,https://boxd.it/2az4
2013-04-14,Blacula,1972,https://boxd.it/1l3m
2013-04-14,Chariots of Fire,1981,https://boxd.it/1YFu
2013-04-14,Romeo + Juliet,1996,https://boxd.it/2ama
2013-04-14,Serial Mom,1994,https://boxd.it/1Tty
2013-04-14,Mamma Mia!,2008,https://boxd.it/1Tnq
2013-04-15,Leningrad Cowboys Go America,1989,https://boxd.it/1TLs
2013-04-15,The Man Without a Past,2002,https://boxd.it/212g
2013-04-15,The Match Factory Girl,1990,https://boxd.it/20Je
2013-04-15,The Tree of Life,2011,https://boxd.it/1Zu8
2013-04-15,Days of Heaven,1978,https://boxd.it/1JRg
2013-04-15,Born on the Fourth of July,1989,https://boxd.it/26A8
2013-04-15,After Hours,1985,https://boxd.it/1VfS
2013-04-15,Die Hard With a Vengeance,1995,https://boxd.it/28zG
2013-04-15,Æon Flux,2005,https://boxd.it/20vc
2013-04-15,The Others,2001,https://boxd.it/27Po
2013-04-15,Splendor in the Grass,1961,https://boxd.it/1pig
2013-04-15,Perfect Sense,2011,https://boxd.it/A3O
2013-04-15,Romancing the Stone,1984,https://boxd.it/1YXS
2013-04-15,Cabaret,1972,https://boxd.it/1Vpe
2013-04-15,Panic Room,2002,https://boxd.it/2490
2013-04-15,The Conformist,1970,https://boxd.it/20cE
2013-04-15,Cat People,1982,https://boxd.it/21SQ
2013-04-15,Tron,1982,https://boxd.it/2b9w
2013-04-15,Fast Times at Ridgemont High,1982,https://boxd.it/1QnM
2013-04-15,The Year of Living Dangerously,1982,https://boxd.it/1TBs
2013-04-15,Poltergeist,1982,https://boxd.it/2a0o
2013-04-15,The World According to Garp,1982,https://boxd.it/1UaM
2013-04-15,Koyaanisqatsi,1982,https://boxd.it/1U9E
2013-04-15,Powaqqatsi,1988,https://boxd.it/1xPs
2013-04-15,Naqoyqatsi,2002,https://boxd.it/1BiM
2013-04-15,25th Hour,2002,https://boxd.it/28LC
2013-04-15,Anatomy of a Murder,1959,https://boxd.it/2baa
2013-04-15,Chaplin,1992,https://boxd.it/1WgW
2013-04-15,Control,2007,https://boxd.it/22IC
2013-04-15,The Count of Monte Cristo,2002,https://boxd.it/1U24
2013-04-15,Driving Miss Daisy,1989,https://boxd.it/2asC
2013-04-15,Empire of the Sun,1987,https://boxd.it/1X4i
2013-04-15,Get Shorty,1995,https://boxd.it/20Ga
2013-04-15,Frankenstein,1931,https://boxd.it/25Te
2013-04-15,The Ice Storm,1997,https://boxd.it/2c6I
2013-04-15,The Mothman Prophecies,2002,https://boxd.it/26xo
2013-04-15,The Man Who Would Be King,1975,https://boxd.it/299O
2013-04-15,On Her Majesty's Secret Service,1969,https://boxd.it/29Rm
2013-04-15,Stand by Me,1986,https://boxd.it/2aOe
2013-04-15,Secret Window,2004,https://boxd.it/28xq
2013-04-15,The Producers,2005,https://boxd.it/1XzU
2013-04-15,What Ever Happened to Baby Jane?,1962,https://boxd.it/1WJE
2013-04-16,The Adjustment Bureau,2011,https://boxd.it/16T8
2013-04-16,"I, Robot",2004,https://boxd.it/27y8
2013-04-16,Moonrise Kingdom,2012,https://boxd.it/2Wng
2013-04-17,Legends of the Fall,1994,https://boxd.it/24ho
2013-04-17,Iron Man,2008,https://boxd.it/28dA
2013-04-18,Rumble in the Bronx,1995,https://boxd.it/1fi6
2013-04-18,*batteries not included,1987,https://boxd.it/1TAk
2013-04-18,Amadeus,1984,https://boxd.it/2aH8
2013-04-18,You've Got Mail,1998,https://boxd.it/1Yye
2013-04-18,The Seven Year Itch,1955,https://boxd.it/1VIK
2013-04-18,Saturday Night Fever,1977,https://boxd.it/1URQ
2013-04-18,The Perfect Storm,2000,https://boxd.it/27n0
2013-04-19,I'm Not There,2007,https://boxd.it/24Ys
2013-04-19,The Rock,1996,https://boxd.it/1XM0
2013-04-19,Jailhouse Rock,1957,https://boxd.it/1LI6
2013-04-19,The Hand That Rocks the Cradle,1992,https://boxd.it/1UFK
2013-04-19,Run Lola Run,1998,https://boxd.it/2b8o
2013-04-19,Le Samouraï,1967,https://boxd.it/22ZI
2013-04-19,Borsalino,1970,https://boxd.it/1w7Y
2013-04-19,Borsalino and Co.,1974,https://boxd.it/gEq
2013-04-19,Tokyo Story,1953,https://boxd.it/1HuY
2013-04-19,Battle Royale,2000,https://boxd.it/25zS
2013-04-19,"Salò, or the 120 Days of Sodom",1975,https://boxd.it/237s
2013-04-19,The Gospel According to St. Matthew,1964,https://boxd.it/1y7c
2013-04-19,The Decameron,1971,https://boxd.it/1fdq
2013-04-19,Theorem,1968,https://boxd.it/237C
2013-04-19,Mamma Roma,1962,https://boxd.it/JRo
2013-04-19,Accattone,1961,https://boxd.it/1RSw
2013-04-19,Arabian Nights,1974,https://boxd.it/KO6
2013-04-19,The Canterbury Tales,1972,https://boxd.it/22Ky
2013-04-19,Oedipus Rex,1967,https://boxd.it/WgK
2013-04-19,Medea,1969,https://boxd.it/1u1Y
2013-04-19,Pigsty,1969,https://boxd.it/HR2
2013-04-19,The Entity,1982,https://boxd.it/1x5Y
2013-04-19,Reversal of Fortune,1990,https://boxd.it/15mC
2013-04-19,Silkwood,1983,https://boxd.it/1RQK
2013-04-19,The Arrival,1996,https://boxd.it/1VZw
2013-04-19,Blue Steel,1990,https://boxd.it/1YxU
2013-04-19,"Good Bye, Lenin!",2003,https://boxd.it/2ayA
2013-04-19,Dirty Pretty Things,2002,https://boxd.it/25mY
2013-04-19,Re-Animator,1985,https://boxd.it/28hM
2013-04-19,Henry: Portrait of a Serial Killer,1986,https://boxd.it/1VCM
2013-04-19,Seven Psychopaths,2012,https://boxd.it/34PW
2013-04-19,The Wave,2008,https://boxd.it/20OS
2013-04-19,Shame,2011,https://boxd.it/2CxU
2013-04-19,Cruel Intentions,1999,https://boxd.it/29Be
2013-04-19,Valmont,1989,https://boxd.it/17WW
2013-04-19,The Naked Gun: From the Files of Police Squad!,1988,https://boxd.it/18YE
2013-04-19,Withnail & I,1987,https://boxd.it/1Qa4
2013-04-19,Kind Hearts and Coronets,1949,https://boxd.it/1SPe
2013-04-19,The War of the Roses,1989,https://boxd.it/2aLY
2013-04-19,Tropic Thunder,2008,https://boxd.it/20WM
2013-04-19,Top Secret!,1984,https://boxd.it/1ZSE
2013-04-19,National Lampoon's Loaded Weapon 1,1993,https://boxd.it/1Y9I
2013-04-19,Hot Shots!,1991,https://boxd.it/1YhC
2013-04-19,Rosencrantz & Guildenstern Are Dead,1990,https://boxd.it/1FXE
2013-04-19,The Rules of the Game,1939,https://boxd.it/29Es
2013-04-19,Indecent Proposal,1993,https://boxd.it/24h4
2013-04-19,Monster's Ball,2001,https://boxd.it/28Uu
2013-04-19,Sweet November,2001,https://boxd.it/27QQ
2013-04-19,Bound,1996,https://boxd.it/1Z1g
2013-04-19,Zack and Miri Make a Porno,2008,https://boxd.it/1WsI
2013-04-19,Chasing Amy,1997,https://boxd.it/274W
2013-04-19,Sex and Lucía,2001,https://boxd.it/28UE
2013-04-19,Shortbus,2006,https://boxd.it/28So
2013-04-19,Love Me If You Dare,2003,https://boxd.it/20bm
2013-04-19,A Cop,1972,https://boxd.it/W8G
2013-04-20,Logan's Run,1976,https://boxd.it/1Vma
2013-04-20,Naked Gun 33⅓: The Final Insult,1994,https://boxd.it/1afQ
2013-04-20,The Naked Gun 2½: The Smell of Fear,1991,https://boxd.it/18Yu
2013-04-20,Scary Movie 3,2003,https://boxd.it/24Be
2013-04-20,Ruthless People,1986,https://boxd.it/1SpU
2013-04-20,Scary Movie,2000,https://boxd.it/24CG
2013-04-20,Scary Movie 2,2001,https://boxd.it/24Cw
2013-04-20,"Good Morning, Vietnam",1987,https://boxd.it/29Aq
2013-04-20,Bandits,2001,https://boxd.it/25Aw
2013-04-20,Toys,1992,https://boxd.it/1TsK
2013-04-20,Disclosure,1994,https://boxd.it/1Zry
2013-04-20,Bugsy,1991,https://boxd.it/1WvC
2013-04-20,Tin Men,1987,https://boxd.it/1V8s
2013-04-20,Aladdin,1992,https://boxd.it/29yE
2013-04-20,Mrs. Doubtfire,1993,https://boxd.it/29Cw
2013-04-20,Jumanji,1995,https://boxd.it/1ZLI
2013-04-20,Night at the Museum,2006,https://boxd.it/28wi
2013-04-20,One Hour Photo,2002,https://boxd.it/1YT2
2013-04-20,Happy Feet,2006,https://boxd.it/1XH0
2013-04-20,Flubber,1997,https://boxd.it/1YkQ
2013-04-20,Robots,2005,https://boxd.it/1Xve
2013-04-20,Patch Adams,1998,https://boxd.it/1Wzk
2013-04-20,The Birdcage,1996,https://boxd.it/1UTi
2013-04-20,Dead Again,1991,https://boxd.it/1TIe
2013-04-20,Much Ado About Nothing,1993,https://boxd.it/1SDM
2013-04-20,Career Girls,1997,https://boxd.it/G0w
2013-04-20,Zoolander,2001,https://boxd.it/1YMA
2013-04-20,Hotel Chevalier,2007,https://boxd.it/21Ic
2013-04-20,Everyone Says I Love You,1996,https://boxd.it/1XYK
2013-04-20,Beautiful Girls,1996,https://boxd.it/1Z4u
2013-04-20,Godzilla,1998,https://boxd.it/29fW
2013-04-20,French Kiss,1995,https://boxd.it/2atA
2013-04-20,Le Chef,2012,https://boxd.it/32DE
2013-04-20,Chronicle,2012,https://boxd.it/2Emk
2013-04-20,"You, Me and Dupree",2006,https://boxd.it/285m
2013-04-20,Crash,2004,https://boxd.it/28q0
2013-04-20,Jay and Silent Bob Strike Back,2001,https://boxd.it/26ZM
2013-04-20,Dr. No,1962,https://boxd.it/29UU
2013-04-20,Rabbit Hole,2010,https://boxd.it/1rsM
2013-04-20,Arachnophobia,1990,https://boxd.it/21Co
2013-04-20,Rebel Without a Cause,1955,https://boxd.it/2aQu
2013-04-20,Giant,1956,https://boxd.it/28fQ
2013-04-20,Night and the City,1950,https://boxd.it/1FFg
2013-04-20,Closer,2004,https://boxd.it/270K
2013-04-20,Children of Men,2006,https://boxd.it/1Y2i
2013-04-21,The Charge of the Light Brigade,1936,https://boxd.it/Tl8
2013-04-21,Cheaper by the Dozen,2003,https://boxd.it/1USa
2013-04-21,A Scanner Darkly,2006,https://boxd.it/25jK
2013-04-21,Super 8,2011,https://boxd.it/dVI
2013-04-21,District 9,2009,https://boxd.it/1Iik
2013-04-21,Con Air,1997,https://boxd.it/28gO
2013-04-21,"Spring, Summer, Fall, Winter... and Spring",2003,https://boxd.it/2b6W
2013-04-21,The Abyss,1989,https://boxd.it/26mK
2013-04-21,Hiroshima Mon Amour,1959,https://boxd.it/22WY
2013-04-22,Journey to Italy,1954,https://boxd.it/26o2
2013-04-22,Stealing Beauty,1996,https://boxd.it/1NRu
2013-04-22,Armageddon,1998,https://boxd.it/2b9Q
2013-04-22,Hulk,2003,https://boxd.it/27PS
2013-04-22,The Incredible Hulk,2008,https://boxd.it/28dU
2013-04-23,Beauty and the Beast,1946,https://boxd.it/29UA
2013-04-23,Orpheus,1950,https://boxd.it/247o
2013-04-23,Fantomas,1964,https://boxd.it/27YA
2013-04-23,Fantomas vs. Scotland Yard,1967,https://boxd.it/27XW
2013-04-23,Fantomas Unleashed,1965,https://boxd.it/27YK
2013-04-23,The Storm Within,1948,https://boxd.it/9yA
2013-04-23,The Blood of a Poet,1932,https://boxd.it/19Bw
2013-04-23,Testament of Orpheus,1960,https://boxd.it/19Bm
2013-04-23,The Eagle with Two Heads,1948,https://boxd.it/5D5o
2013-04-23,The Thomas Crown Affair,1968,https://boxd.it/29iw
2013-04-23,The Thomas Crown Affair,1999,https://boxd.it/29im
2013-04-23,Bullitt,1968,https://boxd.it/29i2
2013-04-23,The Magnificent Seven,1960,https://boxd.it/29bA
2013-04-23,The Getaway,1972,https://boxd.it/22lS
2013-04-23,Le Mans,1971,https://boxd.it/22lo
2013-04-23,The Cincinnati Kid,1965,https://boxd.it/29mI
2013-04-23,The Hunter,1980,https://boxd.it/22l4
2013-04-23,Fiddler on the Roof,1971,https://boxd.it/1Nle
2013-04-23,Moonstruck,1987,https://boxd.it/27zg
2013-04-23,In the Heat of the Night,1967,https://boxd.it/1VLY
2013-04-23,Rollerball,1975,https://boxd.it/1TK0
2013-04-23,Jesus Christ Superstar,1973,https://boxd.it/1RK8
2013-04-23,Only You,1994,https://boxd.it/1ZgU
2013-04-23,The Russians Are Coming! The Russians Are Coming!,1966,https://boxd.it/1i7K
2013-04-23,A Soldier's Story,1984,https://boxd.it/1tIs
2013-04-23,F.I.S.T.,1978,https://boxd.it/1oxu
2013-04-23,Agnes of God,1985,https://boxd.it/1x6C
2013-04-23,The Great Dictator,1940,https://boxd.it/29ic
2013-04-23,The American President,1995,https://boxd.it/1Zce
2013-04-24,Repo Man,1984,https://boxd.it/1Plg
2013-04-25,In the Mouth of Madness,1994,https://boxd.it/26vi
2013-04-25,Around the World in 80 Days,1956,https://boxd.it/268I
2013-04-25,55 Days at Peking,1963,https://boxd.it/1r2u
2013-04-25,My Man Godfrey,1957,https://boxd.it/yUc
2013-04-25,The Man from Earth,2007,https://boxd.it/1Ql2
2013-04-25,Mr. Smith Goes to Washington,1939,https://boxd.it/25Ms
2013-04-25,The Day the Earth Stood Still,1951,https://boxd.it/29w4
2013-04-25,The Way We Were,1973,https://boxd.it/1WKs
2013-04-25,WarGames,1983,https://boxd.it/29qU
2013-04-25,Dead Man Walking,1995,https://boxd.it/29OC
2013-04-25,Taps,1981,https://boxd.it/1VMW
2013-04-25,Plan 9 from Outer Space,1957,https://boxd.it/1W50
2013-04-25,The Double Life of Véronique,1991,https://boxd.it/28va
2013-04-25,A Short Film About Killing,1988,https://boxd.it/1VtK
2013-04-25,A Short Film About Love,1988,https://boxd.it/1jXC
2013-04-26,Hancock,2008,https://boxd.it/1Zv6
2013-04-26,The Man with the Golden Arm,1955,https://boxd.it/2aaI
2013-04-27,Cloud Atlas,2012,https://boxd.it/2W60
2013-04-27,The Nightmare Before Christmas,1993,https://boxd.it/1YzQ
2013-04-27,The Iron Lady,2011,https://boxd.it/2qli
2013-04-27,The Devil Wears Prada,2006,https://boxd.it/2awE
2013-04-27,The Manchurian Candidate,2004,https://boxd.it/1O2M
2013-04-27,Death Becomes Her,1992,https://boxd.it/1YQi
2013-04-27,It's Complicated,2009,https://boxd.it/1zUY
2013-04-27,The River Wild,1994,https://boxd.it/1Zr4
2013-04-27,Defending Your Life,1991,https://boxd.it/1SkK
2013-04-27,A Prairie Home Companion,2006,https://boxd.it/1YsA
2013-04-27,Prime,2005,https://boxd.it/26X2
2013-04-27,Angels in America,2003,https://boxd.it/1yug
2013-04-27,She-Devil,1989,https://boxd.it/1UuW
2013-04-27,Postcards from the Edge,1990,https://boxd.it/1ACc
2013-04-27,Heartburn,1986,https://boxd.it/1PlA
2013-04-27,Ironweed,1987,https://boxd.it/10vO
2013-04-27,The French Lieutenant's Woman,1981,https://boxd.it/1RLq
2013-04-27,Music of the Heart,1999,https://boxd.it/1ut4
2013-04-27,Johnny Mnemonic,1995,https://boxd.it/1XBQ
2013-04-27,Frankie and Johnny,1991,https://boxd.it/250S
2013-04-27,Johnny English,2003,https://boxd.it/1YyI
2013-04-27,Johnny Guitar,1954,https://boxd.it/1tyW
2013-04-27,Johnny Got His Gun,1971,https://boxd.it/1KkM
2013-04-27,Thank You for Smoking,2005,https://boxd.it/1YOc
2013-04-28,The Cabin in the Woods,2011,https://boxd.it/1zOc
2013-04-28,Scent of a Woman,1992,https://boxd.it/1YAu
2013-04-28,Kate & Leopold,2001,https://boxd.it/1Uj0
2013-04-28,My Fellow Americans,1996,https://boxd.it/1I4s
2013-04-28,The Muse,1999,https://boxd.it/17Ga
2013-04-28,Starship Troopers,1997,https://boxd.it/2a7k
2013-04-28,Man on a Ledge,2012,https://boxd.it/FQm
2013-04-28,The Illusionist,2010,https://boxd.it/ZWY
2013-04-28,The Lion King,1994,https://boxd.it/201Q
2013-04-28,Polyester,1981,https://boxd.it/1Oq0
2013-04-28,Female Trouble,1974,https://boxd.it/1Oqk
2013-04-28,Enter the Dragon,1973,https://boxd.it/1YCA
2013-04-28,Metropolis,1927,https://boxd.it/71a
2013-04-28,Mad Max,1979,https://boxd.it/1Y7i
2013-04-28,A Day at the Races,1937,https://boxd.it/1SIM
2013-04-28,A Night at the Opera,1935,https://boxd.it/17G0
2013-04-28,Duck Soup,1933,https://boxd.it/25PG
2013-04-28,Horse Feathers,1932,https://boxd.it/1P9E
2013-04-28,At the Circus,1939,https://boxd.it/1Ap8
2013-04-28,The Big Store,1941,https://boxd.it/1uoI
2013-04-28,Doctor Zhivago,1965,https://boxd.it/29jk
2013-04-28,Bride of Frankenstein,1935,https://boxd.it/2aPc
2013-04-28,Killer's Kiss,1955,https://boxd.it/1Xcc
2013-04-28,Casper,1995,https://boxd.it/1ZMw
2013-04-29,Point Break,1991,https://boxd.it/2958
2013-04-29,Speed,1994,https://boxd.it/28qk
2013-04-29,The Matrix Revolutions,2003,https://boxd.it/2a12
2013-04-29,The Devil's Advocate,1997,https://boxd.it/286k
2013-04-29,Bill & Ted's Excellent Adventure,1989,https://boxd.it/28oI
2013-04-29,The Day the Earth Stood Still,2008,https://boxd.it/1WQ6
2013-04-29,Something's Gotta Give,2003,https://boxd.it/21gC
2013-04-29,My Own Private Idaho,1991,https://boxd.it/2ak4
2013-04-29,I Love You to Death,1990,https://boxd.it/25JI
2013-04-29,Dirty Dancing,1987,https://boxd.it/2baY
2013-04-29,Road House,1989,https://boxd.it/1X0g
2013-04-29,Keeping Mum,2005,https://boxd.it/1Y3g
2013-04-29,Bean,1997,https://boxd.it/28WA
2013-04-29,Four Weddings and a Funeral,1994,https://boxd.it/29KA
2013-04-29,Hot Shots! Part Deux,1993,https://boxd.it/1Z90
2013-04-29,Blackadder: Back & Forth,1999,https://boxd.it/5QYG
2013-04-29,The Secret Policeman's Ball,1979,https://boxd.it/hRg
2013-04-29,A Room with a View,1986,https://boxd.it/1UfC
2013-04-29,The First Wives Club,1996,https://boxd.it/265O
2013-04-29,Bolt,2008,https://boxd.it/1QXg
2013-04-29,Matilda,1996,https://boxd.it/1VhY
2013-04-29,Freaks,1932,https://boxd.it/2b3o
2013-04-29,Tora! Tora! Tora!,1970,https://boxd.it/1UtE
2013-04-29,Into the Wild,2007,https://boxd.it/22m2
2013-04-29,Room Service,1938,https://boxd.it/1Lbw
2013-04-29,Super Size Me,2004,https://boxd.it/1YQC
2013-04-29,The Fast and the Furious,2001,https://boxd.it/1XMu
2013-04-29,Commando,1985,https://boxd.it/1UTs
2013-04-29,Rambo: First Blood Part II,1985,https://boxd.it/28TQ
2013-04-29,Pretty Woman,1990,https://boxd.it/2b6M
2013-04-29,Pretty in Pink,1986,https://boxd.it/1TEw
2013-04-29,The Missouri Breaks,1976,https://boxd.it/Xmu
2013-04-29,The Game,1997,https://boxd.it/26vC
2013-04-29,Milk,2008,https://boxd.it/1WZC
2013-04-29,21 Grams,2003,https://boxd.it/2ajK
2013-04-29,I Am Sam,2001,https://boxd.it/1V04
2013-04-29,The Interpreter,2005,https://boxd.it/2aWs
2013-04-29,Colors,1988,https://boxd.it/1X1I
2013-04-29,A Streetcar Named Desire,1951,https://boxd.it/29Mc
2013-04-29,Don Juan DeMarco,1994,https://boxd.it/27SM
2013-04-29,The Island of Dr. Moreau,1996,https://boxd.it/1Z0M
2013-04-29,The Freshman,1990,https://boxd.it/1WUW
2013-04-29,The Wild One,1953,https://boxd.it/1p0G
2013-04-29,Guys and Dolls,1955,https://boxd.it/23Mq
2013-04-29,Mutiny on the Bounty,1962,https://boxd.it/1UG4
2013-04-29,Viva Zapata!,1952,https://boxd.it/286O
2013-04-29,Reflections in a Golden Eye,1967,https://boxd.it/25eA
2013-04-29,Sayonara,1957,https://boxd.it/10I4
2013-04-29,A Countess from Hong Kong,1967,https://boxd.it/260u
2013-04-29,A Bridge Too Far,1977,https://boxd.it/22nO
2013-04-29,Wuthering Heights,1939,https://boxd.it/25Mi
2013-04-29,Henry V,1944,https://boxd.it/1Agq
2013-04-29,Hamlet,1948,https://boxd.it/1ziq
2013-04-29,The Prince and the Showgirl,1957,https://boxd.it/1yve
2013-04-29,The Betsy,1978,https://boxd.it/jWC
2013-04-29,Sky Captain and the World of Tomorrow,2004,https://boxd.it/23jS
2013-04-29,Salt,2010,https://boxd.it/1rtK
2013-04-29,Beowulf,2007,https://boxd.it/26Xw
2013-04-29,Lara Croft: Tomb Raider,2001,https://boxd.it/27G2
2013-04-29,Hackers,1995,https://boxd.it/1WhU
2013-04-29,Gia,1998,https://boxd.it/1NUo
2013-04-29,Pushing Tin,1999,https://boxd.it/1RCo
2013-04-29,Beyond Borders,2003,https://boxd.it/1XGw
2013-04-29,"Girl, Interrupted",1999,https://boxd.it/25ds
2013-04-29,Reality Bites,1994,https://boxd.it/26iI
2013-04-29,The Age of Innocence,1993,https://boxd.it/1WgM
2013-04-29,S1m0ne,2002,https://boxd.it/1Z2o
2013-04-29,Mermaids,1990,https://boxd.it/244u
2013-04-29,The Darwin Awards,2006,https://boxd.it/1GY4
2013-04-29,How to Make an American Quilt,1995,https://boxd.it/1SUy
2013-04-29,Irreversible,2002,https://boxd.it/29as
2013-04-29,Baise-moi,2000,https://boxd.it/25Fc
2013-04-30,Cube,1997,https://boxd.it/2aoU
2013-04-30,Ocean's Twelve,2004,https://boxd.it/2aZ2
2013-04-30,Ocean's Eleven,2001,https://boxd.it/2aZm
2013-04-30,Ocean's Eleven,1960,https://boxd.it/2aEo
2013-04-30,Almost Famous,2000,https://boxd.it/29CQ
2013-04-30,Half Nelson,2006,https://boxd.it/20Ng
2013-04-30,There Will Be Blood,2007,https://boxd.it/20Z2
2013-04-30,About Cherry,2012,https://boxd.it/3iOS
2013-04-30,"Yesterday, Today and Tomorrow",1963,https://boxd.it/VZE
2013-04-30,The Merry Widow,1952,https://boxd.it/5Czs
2013-04-30,Carmen,1984,https://boxd.it/1ChA
2013-04-30,Cosmic Princess,1982,https://boxd.it/3A78
2013-04-30,A Story from Chikamatsu,1954,https://boxd.it/1bMw
2013-04-30,Inherit the Wind,1960,https://boxd.it/27SW
2013-05-01,Donnie Darko,2001,https://boxd.it/2b2A
2013-05-01,Ice Station Zebra,1968,https://boxd.it/1Iia
2013-05-01,Zodiac,2007,https://boxd.it/27MO
2013-05-01,Proof,2005,https://boxd.it/1XPI
2013-05-01,Shakespeare in Love,1998,https://boxd.it/27Pe
2013-05-01,Shallow Hal,2001,https://boxd.it/1XBm
2013-05-01,Sliding Doors,1998,https://boxd.it/1WNG
2013-05-01,Face/Off,1997,https://boxd.it/29I0
2013-05-01,Swordfish,2001,https://boxd.it/1Y0m
2013-05-01,Hairspray,2007,https://boxd.it/261M
2013-05-01,Broken Arrow,1996,https://boxd.it/1Z9u
2013-05-01,Look Who's Talking,1989,https://boxd.it/1YxA
2013-05-01,Look Who's Talking Too,1990,https://boxd.it/1YTc
2013-05-01,Be Cool,2005,https://boxd.it/248w
2013-05-01,Michael,1996,https://boxd.it/265k
2013-05-01,Battlefield Earth,2000,https://boxd.it/231O
2013-05-01,Staying Alive,1983,https://boxd.it/1VlQ
2013-05-01,Lucky Numbers,2000,https://boxd.it/1Vpo
2013-05-01,Urban Cowboy,1980,https://boxd.it/2wpg
2013-05-01,Two of a Kind,1983,https://boxd.it/1gL4
2013-05-01,Babette's Feast,1987,https://boxd.it/1SYU
2013-05-02,Red Heat,1988,https://boxd.it/1Yga
2013-05-02,Flatliners,1990,https://boxd.it/28D4
2013-05-02,Election,1999,https://boxd.it/1YEc
2013-05-02,The Ten,2007,https://boxd.it/1QFc
2013-05-02,Signs,2008,https://boxd.it/x5s
2013-05-02,Howards End,1992,https://boxd.it/20nW
2013-05-03,The Hangover,2009,https://boxd.it/1GjK
2013-05-03,Confidentially Yours,1983,https://boxd.it/26Ho
2013-05-03,Weird Science,1985,https://boxd.it/1T1O
2013-05-03,Stranger Than Fiction,2006,https://boxd.it/28Za
2013-05-04,Dirty Rotten Scoundrels,1988,https://boxd.it/1WZi
2013-05-04,"Planes, Trains and Automobiles",1987,https://boxd.it/26zE
2013-05-04,Little Shop of Horrors,1986,https://boxd.it/1Vqm
2013-05-04,¡Three Amigos!,1986,https://boxd.it/20f4
2013-05-04,Father of the Bride,1991,https://boxd.it/1SWY
2013-05-04,Roxanne,1987,https://boxd.it/1TuG
2013-05-04,Dead Men Don't Wear Plaid,1982,https://boxd.it/1YFE
2013-05-04,The Man with Two Brains,1983,https://boxd.it/1TtI
2013-05-04,Love & Other Drugs,2010,https://boxd.it/UIi
2013-05-04,Little Children,2006,https://boxd.it/28Ka
2013-05-04,Austin Powers: International Man of Mystery,1997,https://boxd.it/29y0
2013-05-04,Austin Powers: The Spy Who Shagged Me,1999,https://boxd.it/29xQ
2013-05-04,Austin Powers in Goldmember,2002,https://boxd.it/29xG
2013-05-04,The Art of Getting By,2011,https://boxd.it/KC
2013-05-04,Caché,2005,https://boxd.it/2amY
2013-05-05,The Spanish Prisoner,1997,https://boxd.it/1nZW
2013-05-05,House of Games,1987,https://boxd.it/1tji
2013-05-05,The Insider,1999,https://boxd.it/1ZoE
2013-05-05,Black Orpheus,1959,https://boxd.it/11PU
2013-05-05,The Proposal,2009,https://boxd.it/1HiS
2013-05-05,Beyond the Hills,2012,https://boxd.it/3wOs
2013-05-05,Rio Bravo,1959,https://boxd.it/2aE4
2013-05-06,Bringing Up Baby,1938,https://boxd.it/29ks
2013-05-06,It's a Wonderful Life,1946,https://boxd.it/28xA
2013-05-06,Jean de Florette,1986,https://boxd.it/24gK
2013-05-06,The Wizard of Oz,1939,https://boxd.it/29Xu
2013-05-06,The African Queen,1951,https://boxd.it/2ai8
2013-05-06,Desk Set,1957,https://boxd.it/1y5K
2013-05-06,Witness for the Prosecution,1957,https://boxd.it/18H4
2013-05-06,My Man Godfrey,1936,https://boxd.it/1PTC
2013-05-06,The Philadelphia Story,1940,https://boxd.it/29a8
2013-05-06,Adam's Rib,1949,https://boxd.it/1vQy
2013-05-06,Ball of Fire,1941,https://boxd.it/1ms8
2013-05-06,Mr. Deeds Goes to Town,1936,https://boxd.it/1wWM
2013-05-06,The Quiet Man,1952,https://boxd.it/25Iq
2013-05-06,Gentlemen Prefer Blondes,1953,https://boxd.it/29Hc
2013-05-06,His Girl Friday,1940,https://boxd.it/25M8
2013-05-06,Born Yesterday,1950,https://boxd.it/1xzu
2013-05-06,Pillow Talk,1959,https://boxd.it/23AE
2013-05-06,Pat and Mike,1952,https://boxd.it/1fey
2013-05-06,I Married a Witch,1942,https://boxd.it/1uJG
2013-05-06,Heaven Can Wait,1978,https://boxd.it/1SkU
2013-05-06,Harvey,1950,https://boxd.it/1T5w
2013-05-06,Meet John Doe,1941,https://boxd.it/1gVe
2013-05-06,Arsenic and Old Lace,1944,https://boxd.it/2aRW
2013-05-06,Miracle on 34th Street,1947,https://boxd.it/1SRu
2013-05-06,My Fair Lady,1964,https://boxd.it/1UBI
2013-05-06,Ninotchka,1939,https://boxd.it/2802
2013-05-06,You Can't Take It with You,1938,https://boxd.it/1ejM
2013-05-06,The Gay Divorcee,1934,https://boxd.it/2lio
2013-05-06,It Happened One Night,1934,https://boxd.it/25Ng
2013-05-06,Little Women,1933,https://boxd.it/12RC
2013-05-06,The Shop Around the Corner,1940,https://boxd.it/1DFy
2013-05-06,Mr. Blandings Builds His Dream House,1948,https://boxd.it/1hkI
2013-05-06,Father of the Bride,1950,https://boxd.it/1CXQ
2013-05-06,Barefoot in the Park,1967,https://boxd.it/1HVg
2013-05-06,Charade,1963,https://boxd.it/23O2
2013-05-06,Guess Who's Coming to Dinner,1967,https://boxd.it/27Xi
2013-05-06,Breakfast at Tiffany's,1961,https://boxd.it/2aYS
2013-05-06,Sabrina,1954,https://boxd.it/21tc
2013-05-06,Funny Face,1957,https://boxd.it/1Qpy
2013-05-06,Two for the Road,1967,https://boxd.it/22AI
2013-05-06,Paris When It Sizzles,1964,https://boxd.it/1zZa
2013-05-06,"It's a Mad, Mad, Mad, Mad World",1963,https://boxd.it/1TvO
2013-05-06,Woman of the Year,1942,https://boxd.it/1D8Y
2013-05-06,Dr. Jekyll and Mr. Hyde,1941,https://boxd.it/25Vk
2013-05-06,Boys Town,1938,https://boxd.it/X1c
2013-05-06,The Old Man and the Sea,1958,https://boxd.it/1U74
2013-05-06,Father's Little Dividend,1951,https://boxd.it/1zOw
2013-05-06,Cashback,2006,https://boxd.it/1Sf6
2013-05-06,State and Main,2000,https://boxd.it/1BcY
2013-05-06,The Room,2003,https://boxd.it/1ICY
2013-05-06,Misery,1990,https://boxd.it/28gY
2013-05-07,Anger Management,2003,https://boxd.it/1YvO
2013-05-07,Funny Games,2007,https://boxd.it/207a
2013-05-07,Mr. Brooks,2007,https://boxd.it/25nW
2013-05-07,The Lincoln Lawyer,2011,https://boxd.it/DRM
2013-05-08,Never Let Me Go,2010,https://boxd.it/Xw0
2013-05-09,Kinsey,2004,https://boxd.it/1UqK
2013-05-09,Earthquake,1974,https://boxd.it/1UA6
2013-05-09,Bowling for Columbine,2002,https://boxd.it/28Ls
2013-05-09,The Ten Commandments,1956,https://boxd.it/21mg
2013-05-09,The Greatest Show on Earth,1952,https://boxd.it/1smA
2013-05-09,Airport 1975,1974,https://boxd.it/1qDu
2013-05-09,The Greatest Story Ever Told,1965,https://boxd.it/26KM
2013-05-09,Midway,1976,https://boxd.it/1TSy
2013-05-09,The Private Lives of Pippa Lee,2009,https://boxd.it/24hy
2013-05-10,Total Recall,1990,https://boxd.it/29qK
2013-05-10,The Clan of the Cave Bear,1986,https://boxd.it/1Phe
2013-05-10,Lord of War,2005,https://boxd.it/284y
2013-05-10,Masculin Féminin,1966,https://boxd.it/23UY
2013-05-10,Zidane: A 21st Century Portrait,2006,https://boxd.it/20bQ
2013-05-10,Eyes of Laura Mars,1978,https://boxd.it/1o6I
2013-05-10,Hombre,1967,https://boxd.it/1qBI
2013-05-10,The Doors,1991,https://boxd.it/1W18
2013-05-10,The Kid,2000,https://boxd.it/24Da
2013-05-10,Heaven,2002,https://boxd.it/1VV0
2013-05-10,Broadcast News,1987,https://boxd.it/1RxS
2013-05-10,Missing,1982,https://boxd.it/1LTI
2013-05-10,Shaft,1971,https://boxd.it/2ais
2013-05-10,Manon of the Spring,1986,https://boxd.it/24gA
2013-05-10,Vivre Sa Vie,1962,https://boxd.it/28s6
2013-05-10,A Star Is Born,1937,https://boxd.it/1Acy
2013-05-10,"Rome, Open City",1945,https://boxd.it/2aD6
2013-05-10,Battleship Potemkin,1925,https://boxd.it/29Vo
2013-05-10,The Hustler,1961,https://boxd.it/298G
2013-05-10,The Blues Brothers,1980,https://boxd.it/2adi
2013-05-10,48 Hrs.,1982,https://boxd.it/2b18
2013-05-10,Man with a Movie Camera,1929,https://boxd.it/1u7s
2013-05-10,L'Avventura,1960,https://boxd.it/23hs
2013-05-10,The Crow,1994,https://boxd.it/1Yxq
2013-05-10,Up in the Air,2009,https://boxd.it/1zPY
2013-05-10,Strike,1925,https://boxd.it/QFk
2013-05-10,Beauty and the Beast,1991,https://boxd.it/1XhG
2013-05-10,Miss Congeniality,2000,https://boxd.it/28GM
2013-05-10,Phone Booth,2002,https://boxd.it/285G
2013-05-10,Primal Fear,1996,https://boxd.it/28ws
2013-05-10,Along Came Polly,2004,https://boxd.it/22fU
2013-05-10,Cold Mountain,2003,https://boxd.it/270A
2013-05-10,The Sixth Sense,1999,https://boxd.it/29Js
2013-05-10,Red Dragon,2002,https://boxd.it/1Yrs
2013-05-10,The Host,2006,https://boxd.it/28ZY
2013-05-10,The Remains of the Day,1993,https://boxd.it/291A
2013-05-10,The Lion in Winter,1968,https://boxd.it/1FVe
2013-05-10,The World's Fastest Indian,2005,https://boxd.it/1XxO
2013-05-10,Hearts in Atlantis,2001,https://boxd.it/1U9O
2013-05-10,Freejack,1992,https://boxd.it/1Z5i
2013-05-10,The Edge,1997,https://boxd.it/1YH6
2013-05-10,An American in Paris,1951,https://boxd.it/26kY
2013-05-10,On the Town,1949,https://boxd.it/1iVg
2013-05-10,Brigadoon,1954,https://boxd.it/1HeG
2013-05-10,Anchors Aweigh,1945,https://boxd.it/1HUW
2013-05-10,The Pirate,1948,https://boxd.it/1cVa
2013-05-10,High Society,1956,https://boxd.it/1TSe
2013-05-10,Cannonball Run II,1984,https://boxd.it/1SHa
2013-05-10,Some Came Running,1958,https://boxd.it/15lO
2013-05-10,Top Hat,1935,https://boxd.it/25MW
2013-05-10,Easter Parade,1948,https://boxd.it/1nCe
2013-05-10,Shall We Dance,1937,https://boxd.it/1iTk
2013-05-10,Follow the Fleet,1936,https://boxd.it/2lhU
2013-05-10,Royal Wedding,1951,https://boxd.it/1GyA
2013-05-10,Finian's Rainbow,1968,https://boxd.it/Wre
2013-05-10,Daddy Long Legs,1955,https://boxd.it/1fU0
2013-05-10,Ziegfeld Follies,1945,https://boxd.it/V86
2013-05-10,The Barkleys of Broadway,1949,https://boxd.it/1mrY
2013-05-10,The Story of Vernon and Irene Castle,1939,https://boxd.it/1GxM
2013-05-10,A Damsel in Distress,1937,https://boxd.it/87S
2013-05-10,The Purple Taxi,1977,https://boxd.it/37Ve
2013-05-10,Platoon,1986,https://boxd.it/29BS
2013-05-10,Short Cuts,1993,https://boxd.it/29Nk
2013-05-10,Howard the Duck,1986,https://boxd.it/1VHW
2013-05-10,Nothing to Lose,1997,https://boxd.it/1Tgu
2013-05-10,Antitrust,2001,https://boxd.it/1Xmw
2013-05-10,Jacob's Ladder,1990,https://boxd.it/270g
2013-05-10,Junior,1994,https://boxd.it/21Qg
2013-05-10,Apocalypto,2006,https://boxd.it/28yy
2013-05-10,Enemy of the State,1998,https://boxd.it/1XME
2013-05-10,2012,2009,https://boxd.it/1OE2
2013-05-10,1408,2007,https://boxd.it/25Vu
2013-05-10,Say Anything...,1989,https://boxd.it/27B2
2013-05-10,Serendipity,2001,https://boxd.it/1XPy
2013-05-10,America's Sweethearts,2001,https://boxd.it/1TMA
2013-05-10,City Hall,1996,https://boxd.it/1UJs
2013-05-10,Cradle Will Rock,1999,https://boxd.it/1hnC
2013-05-10,Luxo Jr.,1986,https://boxd.it/1P7y
2013-05-10,Crazy Heart,2009,https://boxd.it/1wds
2013-05-10,The Men Who Stare at Goats,2009,https://boxd.it/1Wza
2013-05-10,The Fabulous Baker Boys,1989,https://boxd.it/1VaI
2013-05-10,White Squall,1996,https://boxd.it/1W1C
2013-05-10,Against All Odds,1984,https://boxd.it/1AY8
2013-05-10,Jagged Edge,1985,https://boxd.it/1SdO
2013-05-10,To Die For,1995,https://boxd.it/2a5o
2013-05-10,True Stories,1986,https://boxd.it/1wXU
2013-05-10,As Good as It Gets,1997,https://boxd.it/268y
2013-05-10,My Best Friend's Wedding,1997,https://boxd.it/1ZHm
2013-05-10,Patton,1970,https://boxd.it/1UnQ
2013-05-12,The Red Balloon,1956,https://boxd.it/1Mxo
2013-05-12,Mystic River,2003,https://boxd.it/2aAG
2013-05-12,In the Loop,2009,https://boxd.it/1EsA
2013-05-12,Empire Records,1995,https://boxd.it/1PY8
2013-05-12,2:37,2006,https://boxd.it/27i0
2013-05-12,Away We Go,2009,https://boxd.it/1FpW
2013-05-13,Butch Cassidy and the Sundance Kid,1969,https://boxd.it/29Vy
2013-05-13,The Green Mile,1999,https://boxd.it/2agG
2013-05-13,Life of Brian,1979,https://boxd.it/2a4q
2013-05-13,Hud,1963,https://boxd.it/1x4Q
2013-05-13,The Class,2008,https://boxd.it/1ZMc
2013-05-13,That Thing You Do!,1996,https://boxd.it/1Yig
2013-05-13,The Player,1992,https://boxd.it/1WlM
2013-05-13,The Client,1994,https://boxd.it/1VwO
2013-05-13,Shall We Dance?,2004,https://boxd.it/24r4
2013-05-13,The Front Page,1974,https://boxd.it/299a
2013-05-13,Lorenzo's Oil,1992,https://boxd.it/27Eg
2013-05-13,The Banger Sisters,2002,https://boxd.it/1ZkC
2013-05-13,Pretty Baby,1978,https://boxd.it/1sLg
2013-05-13,The Blue Lagoon,1980,https://boxd.it/22KS
2013-05-13,Die Hard 2,1990,https://boxd.it/28zw
2013-05-13,Witness,1985,https://boxd.it/1Z4O
2013-05-13,Super,2010,https://boxd.it/QgO
2013-05-13,Fracture,2007,https://boxd.it/220K
2013-05-14,Point Blank,2010,https://boxd.it/dP6
2013-05-14,"Welcome Back, Mr. McDonald",1997,https://boxd.it/3u5q
2013-05-14,Safety Last!,1923,https://boxd.it/1AkW
2013-05-14,Letters to Juliet,2010,https://boxd.it/19aK
2013-05-14,Animal House,1978,https://boxd.it/2062
2013-05-14,An Officer and a Gentleman,1982,https://boxd.it/26xS
2013-05-14,Purple Rain,1984,https://boxd.it/1Pta
2013-05-14,The General's Daughter,1999,https://boxd.it/272c
2013-05-14,Road to Perdition,2002,https://boxd.it/24Lo
2013-05-14,Chocolat,2000,https://boxd.it/2aue
2013-05-14,Rules of Engagement,2000,https://boxd.it/1Wa0
2013-05-14,Red Planet,2000,https://boxd.it/1ZI0
2013-05-14,L.A. Story,1991,https://boxd.it/27qe
2013-05-14,Henry & June,1990,https://boxd.it/1HJE
2013-05-14,How to Get Ahead in Advertising,1989,https://boxd.it/1Npg
2013-05-14,Pollock,2000,https://boxd.it/1RPC
2013-05-14,Mindhunters,2004,https://boxd.it/1JTG
2013-05-14,Déjà Vu,2006,https://boxd.it/20PQ
2013-05-14,Cruising,1980,https://boxd.it/1qzW
2013-05-14,12 Angry Men,1997,https://boxd.it/1Sg4
2013-05-14,The Limey,1999,https://boxd.it/1Woc
2013-05-15,The Greek Tycoon,1978,https://boxd.it/mnq
2013-05-15,It's a Long Road,1998,https://boxd.it/5b6e
2013-05-15,Singapore Sling,1990,https://boxd.it/28BC
2013-05-15,Morning Patrol,1987,https://boxd.it/2Eze
2013-05-15,The Wretches Are Still Singing,1979,https://boxd.it/4hLK
2013-05-15,Sweet Bunch,1983,https://boxd.it/4hgM
2013-05-15,The Loser Takes All,2002,https://boxd.it/2C7C
2013-05-15,Euridice BA 2037,1975,https://boxd.it/4hhA
2013-05-16,Immoral Tales,1973,https://boxd.it/MQS
2013-05-16,The Beast,1975,https://boxd.it/SIA
2013-05-16,Behind Convent Walls,1978,https://boxd.it/13Us
2013-05-16,The Lives of Others,2006,https://boxd.it/2a4A
2013-05-16,Single White Female,1992,https://boxd.it/1Yg0
2013-05-16,It Could Happen to You,1994,https://boxd.it/1VHC
2013-05-16,Little Buddha,1993,https://boxd.it/28iq
2013-05-16,Scandal,1989,https://boxd.it/1hog
2013-05-16,Frankenstein Unbound,1990,https://boxd.it/25Oe
2013-05-16,Smilla's Sense of Snow,1997,https://boxd.it/1Z08
2013-05-16,Pelle the Conqueror,1987,https://boxd.it/1Usc
2013-05-16,Sherlock Holmes,2009,https://boxd.it/1W2A
2013-05-16,Notting Hill,1999,https://boxd.it/2aeK
2013-05-16,Bridget Jones's Diary,2001,https://boxd.it/29WQ
2013-05-16,Mickey Blue Eyes,1999,https://boxd.it/1WXc
2013-05-16,Nine Months,1995,https://boxd.it/1TLM
2013-05-16,The Englishman Who Went Up a Hill But Came Down a Mountain,1995,https://boxd.it/1VPm
2013-05-16,Sirens,1994,https://boxd.it/1RO0
2013-05-16,Erin Brockovich,2000,https://boxd.it/2al2
2013-05-16,The Mexican,2001,https://boxd.it/226y
2013-05-16,Runaway Bride,1999,https://boxd.it/23Om
2013-05-16,Duplicity,2009,https://boxd.it/1JXo
2013-05-16,Conspiracy Theory,1997,https://boxd.it/1ZNk
2013-05-16,Mona Lisa Smile,2003,https://boxd.it/1T0Q
2013-05-16,The Pelican Brief,1993,https://boxd.it/1Xt8
2013-05-16,Sleeping with the Enemy,1991,https://boxd.it/20Xq
2013-05-16,Steel Magnolias,1989,https://boxd.it/1Vd8
2013-05-16,Michael Collins,1996,https://boxd.it/28ba
2013-05-16,Mystic Pizza,1988,https://boxd.it/1UpC
2013-05-16,The Lair of the White Worm,1988,https://boxd.it/1U4u
2013-05-16,Altered States,1980,https://boxd.it/1TBi
2013-05-16,Tommy,1975,https://boxd.it/1U7S
2013-05-16,Gothic,1986,https://boxd.it/1fkG
2013-05-16,Crimes of Passion,1984,https://boxd.it/10Sy
2013-05-16,Lisztomania,1975,https://boxd.it/2gbs
2013-05-16,Mahler,1974,https://boxd.it/2Zvi
2013-05-16,Valentino,1977,https://boxd.it/Wui
2013-05-16,Niagara,1953,https://boxd.it/1Ef2
2013-05-16,The Misfits,1961,https://boxd.it/1TCg
2013-05-16,How to Marry a Millionaire,1953,https://boxd.it/1WBq
2013-05-16,Bus Stop,1956,https://boxd.it/1yvo
2013-05-16,Let's Make Love,1960,https://boxd.it/1yv4
2013-05-16,Love Happy,1949,https://boxd.it/1t7w
2013-05-16,"Suddenly, Last Summer",1959,https://boxd.it/1NyC
2013-05-16,The Young Lions,1958,https://boxd.it/113G
2013-05-16,The Loneliness of the Long Distance Runner,1962,https://boxd.it/1KOM
2013-05-17,Forbidden Planet,1956,https://boxd.it/29vK
2013-05-17,Manufacturing Consent: Noam Chomsky and the Media,1992,https://boxd.it/19qy
2013-05-17,Martyrs,2008,https://boxd.it/1Yqu
2013-05-17,Sudden Impact,1983,https://boxd.it/1VJe
2013-05-17,Twister,1996,https://boxd.it/29S0
2013-05-17,When a Man Loves a Woman,1994,https://boxd.it/1WeG
2013-05-18,The Whole Nine Yards,2000,https://boxd.it/27vS
2013-05-18,Supernova,2000,https://boxd.it/1WoQ
2013-05-18,Star Trek II: The Wrath of Khan,1982,https://boxd.it/2b0u
2013-05-18,The Girl Next Door,2004,https://boxd.it/1VSq
2013-05-18,Taking Woodstock,2009,https://boxd.it/1u6Y
2013-05-18,Identity,2003,https://boxd.it/26e2
2013-05-18,Made in Greece,1987,https://boxd.it/5cjS
2013-05-19,So I Married an Axe Murderer,1993,https://boxd.it/1WfO
2013-05-19,Over the Top,1987,https://boxd.it/2852
2013-05-19,Resident Evil,2002,https://boxd.it/28z2
2013-05-19,Resident Evil: Apocalypse,2004,https://boxd.it/28yS
2013-05-19,Disturbia,2007,https://boxd.it/20rk
2013-05-19,Love and Anarchy,1973,https://boxd.it/3TC
2013-05-20,The Toxic Avenger,1984,https://boxd.it/1MAi
2013-05-20,The Night Porter,1974,https://boxd.it/1tsk
2013-05-20,Sleuth,2007,https://boxd.it/24cy
2013-05-20,Au Revoir les Enfants,1987,https://boxd.it/288U
2013-05-20,Phaedra,1962,https://boxd.it/Jg8
2013-05-20,Rififi,1955,https://boxd.it/29f8
2013-05-20,Stella,1955,https://boxd.it/JT0
2013-05-20,The Red Lanterns,1963,https://boxd.it/JSm
2013-05-20,A Girl in Black,1956,https://boxd.it/3nQk
2013-05-20,We Have Only One Life,1958,https://boxd.it/1y06
2013-05-20,Jenny Jenny,1966,https://boxd.it/5zyc
2013-05-20,Miss Manager,1964,https://boxd.it/n1q
2013-05-20,Dazed and Confused,1993,https://boxd.it/1Ylk
2013-05-20,Lost in La Mancha,2002,https://boxd.it/1Cie
2013-05-20,The Lost World: Jurassic Park,1997,https://boxd.it/2azS
2013-05-20,Unthinkable,2010,https://boxd.it/16y0
2013-05-20,Mini's First Time,2006,https://boxd.it/1Msy
2013-05-20,L'Atalante,1934,https://boxd.it/ThU
2013-05-21,Time After Time,1979,https://boxd.it/1x4w
2013-05-21,King Kong,1976,https://boxd.it/1VwY
2013-05-21,Figures in a Landscape,1970,https://boxd.it/3D0k
2013-05-21,The Servant,1963,https://boxd.it/VAa
2013-05-21,The Go-Between,1971,https://boxd.it/1b7y
2013-05-21,Modesty Blaise,1966,https://boxd.it/1a8U
2013-05-21,The Trout,1982,https://boxd.it/3enS
2013-05-21,The Assassination of Trotsky,1972,https://boxd.it/23Wg
2013-05-21,The Company of Wolves,1984,https://boxd.it/1SO6
2013-05-21,The Crying Game,1992,https://boxd.it/1TYc
2013-05-21,Mona Lisa,1986,https://boxd.it/1XkA
2013-05-21,Breakfast on Pluto,2005,https://boxd.it/28MU
2013-05-21,The End of the Affair,1999,https://boxd.it/1Ec8
2013-05-21,The Butcher Boy,1997,https://boxd.it/1A3w
2013-05-21,High Spirits,1988,https://boxd.it/1C2g
2013-05-21,Prêt-à-Porter,1994,https://boxd.it/259U
2013-05-21,The Master,2012,https://boxd.it/2cBG
2013-05-21,Spider,2002,https://boxd.it/1YeI
2013-05-21,Things to Come,1936,https://boxd.it/258i
2013-05-22,The Cannonball Run,1981,https://boxd.it/1UdQ
2013-05-22,Love Hurts,2009,https://boxd.it/1wPQ
2013-05-23,"20,000 Leagues Under the Sea",1954,https://boxd.it/2aXq
2013-05-23,The Adventures of Buckaroo Banzai Across the 8th Dimension,1984,https://boxd.it/1TZk
2013-05-23,1941,1979,https://boxd.it/1TF0
2013-05-23,Always,1989,https://boxd.it/1U3G
2013-05-23,Almost an Angel,1990,https://boxd.it/1uNo
2013-05-23,Captain Blood,1935,https://boxd.it/1JvO
2013-05-23,The Cabinet of Dr. Caligari,1920,https://boxd.it/2aOo
2013-05-23,Birdman of Alcatraz,1962,https://boxd.it/29kM
2013-05-23,Coneheads,1993,https://boxd.it/1YeS
2013-05-23,Crocodile Dundee,1986,https://boxd.it/1Y5Q
2013-05-23,The Great Outdoors,1988,https://boxd.it/26yw
2013-05-23,Ghostbusters II,1989,https://boxd.it/261s
2013-05-23,Gallipoli,1981,https://boxd.it/1Tlk
2013-05-23,The Hindenburg,1975,https://boxd.it/1IoW
2013-05-23,The Hunchback of Notre Dame,1939,https://boxd.it/1ixo
2013-05-23,I Am a Fugitive from a Chain Gang,1932,https://boxd.it/1mNg
2013-05-23,Lord Jim,1965,https://boxd.it/1TY2
2013-05-23,Stalag 17,1953,https://boxd.it/29Xa
2013-05-23,The Thin Man,1934,https://boxd.it/25gw
2013-05-23,After the Thin Man,1936,https://boxd.it/1NME
2013-05-23,Another Thin Man,1939,https://boxd.it/1NMu
2013-05-23,Liquid Sky,1982,https://boxd.it/1CBA
2013-05-23,The Lightship,1985,https://boxd.it/F6y
2013-05-23,Moonlighting,1982,https://boxd.it/XEI
2013-05-23,The Shout,1978,https://boxd.it/JcU
2013-05-23,Metropolitan,1990,https://boxd.it/1Mku
2013-05-23,Bad Boys,1995,https://boxd.it/1XVG
2013-05-23,Pearl Harbor,2001,https://boxd.it/29Q4
2013-05-23,Risky Business,1983,https://boxd.it/1YUE
2013-05-23,All That Jazz,1979,https://boxd.it/1JB8
2013-05-23,Spirited Away,2001,https://boxd.it/2b4m
2013-05-23,The Gold Rush,1925,https://boxd.it/29ce
2013-05-23,The General,1926,https://boxd.it/29co
2013-05-23,Convoy,1978,https://boxd.it/1Yjo
2013-05-23,Those Magnificent Men in Their Flying Machines or How I Flew from London to Paris in 25 Hours 11 Minutes,1965,https://boxd.it/1Wvs
2013-05-23,"Honey, I Shrunk the Kids",1989,https://boxd.it/1YTw
2013-05-23,The Karate Kid,1984,https://boxd.it/27Wk
2013-05-23,The Birth of a Nation,1915,https://boxd.it/29Zg
2013-05-23,Intolerance: Love's Struggle Throughout the Ages,1916,https://boxd.it/25Qk
2013-05-25,Tideland,2005,https://boxd.it/1Tyy
2013-05-26,Parents,1988,https://boxd.it/1rpI
2013-05-26,National Lampoon's Christmas Vacation,1989,https://boxd.it/22wQ
2013-05-26,Days of Thunder,1990,https://boxd.it/27os
2013-05-26,Fool for Love,1985,https://boxd.it/2rMu
2013-05-26,The Long Riders,1980,https://boxd.it/1NuU
2013-05-26,The Warriors,1979,https://boxd.it/1TLC
2013-05-26,Brewster's Millions,1985,https://boxd.it/1UJ8
2013-05-26,Another 48 Hrs.,1990,https://boxd.it/1Tt4
2013-05-26,Johnny Handsome,1989,https://boxd.it/2afo
2013-05-26,The Late Shift,1996,https://boxd.it/1lyY
2013-05-26,The Italian Job,2003,https://boxd.it/1Y86
2013-05-26,Men of Honor,2000,https://boxd.it/1SCE
2013-05-26,In the Valley of Elah,2007,https://boxd.it/21fa
2013-05-26,The Astronaut's Wife,1999,https://boxd.it/268e
2013-05-26,Mighty Joe Young,1998,https://boxd.it/1XJ6
2013-05-26,The Burning Plain,2008,https://boxd.it/1SnY
2013-05-27,2046,2004,https://boxd.it/29tu
2013-05-28,Mishima: A Life in Four Chapters,1985,https://boxd.it/1sBA
2013-05-28,The Tin Drum,1979,https://boxd.it/29SO
2013-05-28,The Experiment,2001,https://boxd.it/2a5I
2013-05-28,The Baader Meinhof Complex,2008,https://boxd.it/21fY
2013-05-28,Pierrot le Fou,1965,https://boxd.it/26j2
2013-05-28,Trust,1990,https://boxd.it/18Co
2013-05-28,"Merry Christmas, Mr. Lawrence",1983,https://boxd.it/1SHu
2013-05-28,Elevator to the Gallows,1958,https://boxd.it/294u
2013-05-28,Basquiat,1996,https://boxd.it/2a9A
2013-05-28,Christiane F.,1981,https://boxd.it/1YiA
2013-05-28,Into the Night,1985,https://boxd.it/1U5W
2013-05-28,Absolute Beginners,1986,https://boxd.it/XWC
2013-05-28,Imagine: John Lennon,1988,https://boxd.it/1tiY
2013-05-28,Ziggy Stardust and the Spiders from Mars,1979,https://boxd.it/1dka
2013-05-28,UHF,1989,https://boxd.it/1SFI
2013-05-28,Ace in the Hole,1951,https://boxd.it/1vXk
2013-05-28,Catch-22,1970,https://boxd.it/1WrK
2013-05-28,Ghost World,2001,https://boxd.it/28Dy
2013-05-28,Forbidden Games,1952,https://boxd.it/23ty
2013-05-28,The Public Enemy,1931,https://boxd.it/1IdY
2013-05-28,The Goonies,1985,https://boxd.it/1YVC
2013-05-29,The Painting,2011,https://boxd.it/3nSA
2013-05-29,Sunshine Cleaning,2008,https://boxd.it/1QRs
2013-05-30,Parker,2013,https://boxd.it/3Xr6
2013-05-30,Hollywood Sex Wars,2011,https://boxd.it/2Tns
2013-05-30,Roundhay Garden Scene,1888,https://boxd.it/1K32
2013-05-31,Buffalo '66,1998,https://boxd.it/1YC6
2013-05-31,In the Realm of the Senses,1976,https://boxd.it/22qS
2013-05-31,Elephant,2003,https://boxd.it/287i
2013-05-31,Pink Flamingos,1972,https://boxd.it/29NO
2013-05-31,Boxing Helena,1993,https://boxd.it/1Hm6
2013-05-31,Mondo Cane,1962,https://boxd.it/1gGo
2013-05-31,Hail Mary,1985,https://boxd.it/1gDk
2013-05-31,Romance,1999,https://boxd.it/1u4y
2013-05-31,Kids,1995,https://boxd.it/1YUY
2013-05-31,Lolita,1997,https://boxd.it/1XR0
2013-05-31,United 93,2006,https://boxd.it/1XHY
2013-05-31,Stigmata,1999,https://boxd.it/1WA8
2013-05-31,The Man in the Iron Mask,1998,https://boxd.it/1YZO
2013-05-31,End of Days,1999,https://boxd.it/1XsO
2013-05-31,Assault on Precinct 13,2005,https://boxd.it/1Zsw
2013-05-31,Cool World,1992,https://boxd.it/1Ou2
2013-05-31,Ghost Ship,2002,https://boxd.it/1Y9y
2013-05-31,Excalibur,1981,https://boxd.it/1TDI
2013-05-31,Sweetie,1989,https://boxd.it/4HM
2013-05-31,Nanook of the North,1922,https://boxd.it/29Rc
2013-05-31,Farewell My Concubine,1993,https://boxd.it/1UTM
2013-05-31,Brief Encounter,1945,https://boxd.it/29sm
2013-06-01,Mississippi Mermaid,1969,https://boxd.it/28oe
2013-06-01,Mad Max Beyond Thunderdome,1985,https://boxd.it/1YTm
2013-06-01,The Name of the Rose,1986,https://boxd.it/2aUw
2013-06-01,The Damned United,2009,https://boxd.it/1ByU
2013-06-01,PVC-1,2007,https://boxd.it/11ok
2013-06-01,Under the Sun of Rome,1948,https://boxd.it/2U84
2013-06-02,Tango & Cash,1989,https://boxd.it/1YdU
2013-06-02,Green Card,1990,https://boxd.it/1Sp6
2013-06-03,Adaptation.,2002,https://boxd.it/26mA
2013-06-03,The Bone Collector,1999,https://boxd.it/1Yzw
2013-06-03,"Goodbye, Mr. Chips",1969,https://boxd.it/WtE
2013-06-03,"Krakatoa, East of Java",1969,https://boxd.it/C9u
2013-06-03,My Night at Maud's,1969,https://boxd.it/Hwo
2013-06-03,"Hello, Dolly!",1969,https://boxd.it/1OTG
2013-06-03,Cathy Come Home,1966,https://boxd.it/7QwQ
2013-06-03,Raining Stones,1993,https://boxd.it/bdu
2013-06-03,Carla's Song,1996,https://boxd.it/27lo
2013-06-03,Riff-Raff,1991,https://boxd.it/iXY
2013-06-03,My Name Is Joe,1998,https://boxd.it/20xs
2013-06-03,Ladybird Ladybird,1994,https://boxd.it/EIG
2013-06-03,The Adventures of Robin Hood,1938,https://boxd.it/1V6G
2013-06-03,The 'Burbs,1989,https://boxd.it/1SDi
2013-06-03,Click,2006,https://boxd.it/1YVM
2013-06-03,"sex, lies, and videotape",1989,https://boxd.it/28Oc
2013-06-03,Kafka,1991,https://boxd.it/26Zi
2013-06-03,Stargate,1994,https://boxd.it/27iu
2013-06-03,Less Than Zero,1987,https://boxd.it/1PAA
2013-06-03,Mannequin,1987,https://boxd.it/1XhQ
2013-06-03,Wolf,1994,https://boxd.it/1Wn4
2013-06-03,While You Were Sleeping,1995,https://boxd.it/27wm
2013-06-03,Summer Lovers,1982,https://boxd.it/1F8w
2013-06-03,Wall Street,1987,https://boxd.it/1VFG
2013-06-03,Grumpy Old Men,1993,https://boxd.it/1TEQ
2013-06-03,Attack of the 50 Ft. Woman,1993,https://boxd.it/2Az0
2013-06-03,Rear Window,1998,https://boxd.it/1TrM
2013-06-03,Grumpier Old Men,1995,https://boxd.it/1LTo
2013-06-03,Who's Afraid of Virginia Woolf?,1966,https://boxd.it/2atK
2013-06-03,Working Girl,1988,https://boxd.it/25ha
2013-06-03,Regarding Henry,1991,https://boxd.it/1U1K
2013-06-03,Primary Colors,1998,https://boxd.it/1YFY
2013-06-03,Biloxi Blues,1988,https://boxd.it/1FbA
2013-06-03,A Few Good Men,1992,https://boxd.it/29nw
2013-06-03,About Schmidt,2002,https://boxd.it/26mU
2013-06-03,Terms of Endearment,1983,https://boxd.it/1ULo
2013-06-03,The Witches of Eastwick,1987,https://boxd.it/2272
2013-06-03,Prizzi's Honor,1985,https://boxd.it/27v4
2013-06-03,The Postman Always Rings Twice,1981,https://boxd.it/1UP6
2013-06-03,The Two Jakes,1990,https://boxd.it/1gIE
2013-06-03,Grease 2,1982,https://boxd.it/1Zk8
2013-06-03,Tequila Sunrise,1988,https://boxd.it/1WmU
2013-06-03,The Story of Us,1999,https://boxd.it/1SfU
2013-06-03,Married to the Mob,1988,https://boxd.it/26W4
2013-06-03,The Russia House,1990,https://boxd.it/1WUC
2013-06-03,Love Field,1992,https://boxd.it/7NS
2013-06-03,Dangerous Minds,1995,https://boxd.it/1Xyi
2013-06-03,Sideways,2004,https://boxd.it/1Y5c
2013-06-05,Compliance,2012,https://boxd.it/2XNE
2013-06-05,Playing with Love,1977,https://boxd.it/M9O
2013-06-06,"Synecdoche, New York",2008,https://boxd.it/23zw
2013-06-06,Gone Baby Gone,2007,https://boxd.it/23R6
2013-06-06,Ballet Mécanique,1924,https://boxd.it/3CAG
2013-06-07,The Contender,2000,https://boxd.it/21zO
2013-06-07,The Shadow,1994,https://boxd.it/1ZKK
2013-06-08,Inland Empire,2006,https://boxd.it/28d6
2013-06-08,Young Adult,2011,https://boxd.it/nn2
2013-06-08,Nothing Personal,2009,https://boxd.it/OEY
2013-06-09,Kiss Kiss Bang Bang,2005,https://boxd.it/23c8
2013-06-09,Wanderlust,2012,https://boxd.it/D9q
2013-06-09,The Strangers,2008,https://boxd.it/1VGY
2013-06-09,When the Wind Blows,1986,https://boxd.it/1VdC
2013-06-09,Blow Dry,2001,https://boxd.it/1J0w
2013-06-10,Unbreakable,2000,https://boxd.it/1XV2
2013-06-10,Lucky Number Slevin,2006,https://boxd.it/2aVu
2013-06-10,Rushmore,1998,https://boxd.it/1TAO
2013-06-10,Flight,2012,https://boxd.it/35Ca
2013-06-10,The Page Turner,2006,https://boxd.it/209U
2013-06-11,A Prophet,2009,https://boxd.it/1BGE
2013-06-11,Attenberg,2010,https://boxd.it/bzq
2013-06-12,Housesitter,1992,https://boxd.it/1Wli
2013-06-13,To Be or Not to Be,1942,https://boxd.it/2aTy
2013-06-13,Fantastic Four,2005,https://boxd.it/1XVw
2013-06-13,Sleepwalk with Me,2012,https://boxd.it/2Y2u
2013-06-13,The Right Stuff,1983,https://boxd.it/1YoS
2013-06-13,Cinema Paradiso,1988,https://boxd.it/1UlA
2013-06-13,Akira,1988,https://boxd.it/2b1i
2013-06-13,The Barefoot Contessa,1954,https://boxd.it/1dsy
2013-06-15,Before Sunrise,1995,https://boxd.it/2bcU
2013-06-15,Before Sunset,2004,https://boxd.it/2bcg
2013-06-16,Before Midnight,2013,https://boxd.it/4ive
2013-06-16,Either Way,2011,https://boxd.it/3QWw
2013-06-16,Argo,2012,https://boxd.it/2czU
2013-06-17,Grassroots,2012,https://boxd.it/3lrM
2013-06-17,Lilya 4-ever,2002,https://boxd.it/1SyW
2013-06-17,Waking Life,2001,https://boxd.it/1Zdc
2013-06-17,The Hunt,2012,https://boxd.it/3wEC
2013-06-17,My Life as a Dog,1985,https://boxd.it/1ZOM
2013-06-17,Wild Wild West,1999,https://boxd.it/205y
2013-06-17,Dave,1993,https://boxd.it/1Txq
2013-06-17,The Big Chill,1983,https://boxd.it/1RHI
2013-06-17,In & Out,1997,https://boxd.it/1VlG
2013-06-17,Fierce Creatures,1997,https://boxd.it/1SqS
2013-06-17,De-Lovely,2004,https://boxd.it/1MAC
2013-06-17,The January Man,1989,https://boxd.it/1hPm
2013-06-17,Life as a House,2001,https://boxd.it/1TO2
2013-06-17,Grand Canyon,1991,https://boxd.it/1PBy
2013-06-17,The Accidental Tourist,1988,https://boxd.it/1jYg
2013-06-17,Body Heat,1981,https://boxd.it/1O9S
2013-06-18,Wit,2001,https://boxd.it/1sKW
2013-06-18,Alps,2011,https://boxd.it/2RHg
2013-06-19,The Brown Bunny,2003,https://boxd.it/1RnI
2013-06-20,Can't Hardly Wait,1998,https://boxd.it/1MWI
2013-06-20,Get Smart,2008,https://boxd.it/1Tig
2013-06-22,From Dusk Till Dawn,1996,https://boxd.it/29HQ
2013-06-22,Key Largo,1948,https://boxd.it/1UQS
2013-06-22,Jack the Giant Slayer,2013,https://boxd.it/2Pwq
2013-06-22,Little Miss Sunshine,2006,https://boxd.it/29EW
2013-06-23,Martha Marcy May Marlene,2011,https://boxd.it/CJs
2013-06-23,How Do You Know,2010,https://boxd.it/VMK
2013-06-23,To Have and Have Not,1944,https://boxd.it/1Am4
2013-06-23,The Spy Who Came In from the Cold,1965,https://boxd.it/1PQS
2013-06-23,The Swimming Pool,1969,https://boxd.it/23BC
2013-06-23,Nosferatu,1922,https://boxd.it/29TM
2013-06-23,Nineteen Eighty-Four,1984,https://boxd.it/1YZE
2013-06-23,Insomnia,1997,https://boxd.it/1txk
2013-06-23,Superman III,1983,https://boxd.it/1YrM
2013-06-24,Exam,2009,https://boxd.it/1mn8
2013-06-24,Come and See,1985,https://boxd.it/1w9q
2013-06-24,Ask the Dust,2006,https://boxd.it/27JU
2013-06-24,Hot Fuzz,2007,https://boxd.it/2416
2013-06-24,Darkman,1990,https://boxd.it/1YnK
2013-06-24,"Steamboat Bill, Jr.",1928,https://boxd.it/1v9u
2013-06-25,On the Edge,2001,https://boxd.it/2N3G
2013-06-25,The Method,2005,https://boxd.it/1CuE
2013-06-25,The Color of Money,1986,https://boxd.it/1SSM
2013-06-25,The Last Waltz,1978,https://boxd.it/1P1U
2013-06-25,No Direction Home: Bob Dylan,2005,https://boxd.it/1FK6
2013-06-25,Kundun,1997,https://boxd.it/1XUe
2013-06-26,Extract,2009,https://boxd.it/1RGA
2013-06-26,High Plains Drifter,1973,https://boxd.it/1SOK
2013-06-26,Two Mules for Sister Sara,1970,https://boxd.it/1SMk
2013-06-26,Coogan's Bluff,1968,https://boxd.it/1uqu
2013-06-27,Tiny Furniture,2010,https://boxd.it/Kjs
2013-06-28,2 Days in Paris,2007,https://boxd.it/2828
2013-06-29,State of Siege,1972,https://boxd.it/3dao
2013-06-29,The Confession,1970,https://boxd.it/f0k
2013-06-29,Music Box,1989,https://boxd.it/273E
2013-06-29,2 Days in New York,2012,https://boxd.it/2XFU
2013-06-29,Flashdance,1983,https://boxd.it/2abG
2013-06-29,Coming to America,1988,https://boxd.it/1Ygu
2013-06-29,Bloodsport,1988,https://boxd.it/1Tee
2013-06-29,Rush Hour,1998,https://boxd.it/27pU
2013-06-29,Willy Wonka & the Chocolate Factory,1971,https://boxd.it/2aLu
2013-06-29,The Thin Blue Line,1988,https://boxd.it/1OnK
2013-06-29,The Blue Angel,1930,https://boxd.it/2aPm
2013-06-29,Band of Outsiders,1964,https://boxd.it/20Aw
2013-06-29,The Blair Witch Project,1999,https://boxd.it/26ua
2013-06-30,Betrayed,1988,https://boxd.it/1iH4
2013-06-30,Capital,2012,https://boxd.it/43qS
2013-06-30,Stone,2010,https://boxd.it/SLu
2013-06-30,Rubber,2010,https://boxd.it/P2m
2013-06-30,The Fourth Kind,2009,https://boxd.it/1zZY
2013-06-30,Two Moon Junction,1988,https://boxd.it/23bO
2013-06-30,Shopgirl,2005,https://boxd.it/26zu
2013-06-30,Devil in a Blue Dress,1995,https://boxd.it/204A
2013-06-30,Singles,1992,https://boxd.it/1UIu
2013-06-30,A Simple Plan,1998,https://boxd.it/1WMo
2013-06-30,The Apostle,1997,https://boxd.it/2692
2013-06-30,The Alamo,2004,https://boxd.it/1Vwu
2013-06-30,Some Folks Call It a Sling Blade,1994,https://boxd.it/1r12
2013-06-30,The Three Musketeers,1973,https://boxd.it/265E
2013-06-30,The Three Musketeers,1948,https://boxd.it/YXw
2013-06-30,"From All of Us, To All of You",1958,https://boxd.it/4K20
2013-06-30,Life Is a Bed of Roses,1983,https://boxd.it/5As
2013-07-01,The Million Dollar Face,1981,https://boxd.it/68xe
2013-07-01,The Blue Bird,1976,https://boxd.it/3s7u
2013-07-01,Nightkill,1980,https://boxd.it/5bdO
2013-07-01,The Persecution and Assassination of Jean-Paul Marat as Performed by the Inmates of the Asylum of Charenton Under the Direction of the Marquis de Sade,1967,https://boxd.it/Spe
2013-07-01,Who Killed Santa Claus?,1941,https://boxd.it/21PC
2013-07-01,The Fighting Sullivans,1944,https://boxd.it/Uji
2013-07-01,Gambit,1966,https://boxd.it/2lli
2013-07-01,The Comancheros,1961,https://boxd.it/1lgK
2013-07-01,The Funniest Man in the World,1967,https://boxd.it/68xo
2013-07-01,Lady in Cement,1968,https://boxd.it/WpW
2013-07-01,Captain January,1936,https://boxd.it/lJA
2013-07-01,Three on a Couch,1966,https://boxd.it/15eo
2013-07-01,The Law and Jake Wade,1958,https://boxd.it/R8Q
2013-07-01,The Sundowners,1960,https://boxd.it/Vqu
2013-07-01,Lucky Lady,1975,https://boxd.it/2IBo
2013-07-01,Five Evenings,1979,https://boxd.it/JJa
2013-07-01,Gothika,2003,https://boxd.it/23y4
2013-07-01,Flash Gordon,1980,https://boxd.it/257a
2013-07-01,Limitless,2011,https://boxd.it/Aly
2013-07-01,Heavenly Creatures,1994,https://boxd.it/2974
2013-07-01,Animal Crackers,1930,https://boxd.it/1P9u
2013-07-02,Freddy Got Fingered,2001,https://boxd.it/1QGk
2013-07-02,The Great Race,1965,https://boxd.it/1TvY
2013-07-02,Montenegro,1981,https://boxd.it/2Tlm
2013-07-02,WR: Mysteries of the Organism,1971,https://boxd.it/WFK
2013-07-02,Sweet Movie,1974,https://boxd.it/28BM
2013-07-02,The Coca-Cola Kid,1985,https://boxd.it/XS6
2013-07-02,Salaam Bombay!,1988,https://boxd.it/Qhi
2013-07-03,Catch Me If You Can,2002,https://boxd.it/29VS
2013-07-03,Passion,2012,https://boxd.it/3G5W
2013-07-03,Signs,2002,https://boxd.it/26t2
2013-07-03,The Happening,2008,https://boxd.it/200o
2013-07-03,She's Gotta Have It,1986,https://boxd.it/1quC
2013-07-03,Mississippi Masala,1991,https://boxd.it/Ywg
2013-07-03,Kama Sutra: A Tale of Love,1996,https://boxd.it/1qt0
2013-07-03,Monsoon Wedding,2001,https://boxd.it/2aiM
2013-07-04,Pride & Prejudice,2005,https://boxd.it/24u8
2013-07-04,Winter's Bone,2010,https://boxd.it/14FI
2013-07-06,Cloverfield,2008,https://boxd.it/2192
2013-07-06,Failure to Launch,2006,https://boxd.it/21lW
2013-07-14,Ragtime,1981,https://boxd.it/1vyE
2013-07-14,The Firemen's Ball,1967,https://boxd.it/15Yc
2013-07-14,Hair,1979,https://boxd.it/1VIA
2013-07-14,The People vs. Larry Flynt,1996,https://boxd.it/28rs
2013-07-14,Occupied,2006,https://boxd.it/3Bbq
2013-07-15,Amistad,1997,https://boxd.it/1SZ4
2013-07-15,The Terminal,2004,https://boxd.it/2a2O
2013-07-15,Brubaker,1980,https://boxd.it/28sq
2013-07-15,Wanted,2008,https://boxd.it/1ZBS
2013-07-15,What Women Want,2000,https://boxd.it/24Sa
2013-07-15,Lethal Weapon 3,1992,https://boxd.it/29dG
2013-07-15,Maverick,1994,https://boxd.it/1YSI
2013-07-15,Air America,1990,https://boxd.it/1SVm
2013-07-15,Bird on a Wire,1990,https://boxd.it/28dq
2013-07-15,Forever Young,1992,https://boxd.it/1Wxo
2013-07-15,Nell,1994,https://boxd.it/27Ns
2013-07-15,Bugsy Malone,1976,https://boxd.it/208i
2013-07-15,The Accused,1988,https://boxd.it/1VbQ
2013-07-15,Freaky Friday,1976,https://boxd.it/1KRc
2013-07-15,Anna and the King,1999,https://boxd.it/28Kk
2013-07-15,Little Man Tate,1991,https://boxd.it/1TEG
2013-07-15,Sommersby,1993,https://boxd.it/296A
2013-07-15,Svengali,1983,https://boxd.it/4AU2
2013-07-15,Carnage,2011,https://boxd.it/2peU
2013-07-15,Flightplan,2005,https://boxd.it/1YZu
2013-07-15,Inside Man,2006,https://boxd.it/2auS
2013-07-16,10 Things I Hate About You,1999,https://boxd.it/23AO
2013-07-16,Doodlebug,1997,https://boxd.it/TZC
2013-07-26,Invasion of the Body Snatchers,1956,https://boxd.it/1TAa
2013-07-26,The Way,2010,https://boxd.it/hZY
2013-08-14,Collateral,2004,https://boxd.it/28F0
2013-08-14,The Four Musketeers,1974,https://boxd.it/1S5U
2013-08-14,Superman II,1980,https://boxd.it/204q
2013-08-14,Robin and Marian,1976,https://boxd.it/1VoU
2013-08-14,The Knack... and How to Get It,1965,https://boxd.it/W8m
2013-08-14,A Hard Day's Night,1964,https://boxd.it/29LS
2013-08-14,A Funny Thing Happened on the Way to the Forum,1966,https://boxd.it/1I7m
2013-08-14,Alien³,1992,https://boxd.it/20zS
2013-08-14,Mutiny on the Bounty,1935,https://boxd.it/1S5K
2013-08-14,Moonraker,1979,https://boxd.it/29MQ
2013-08-14,My Cousin Vinny,1992,https://boxd.it/1WpO
2013-08-14,Conan the Barbarian,1982,https://boxd.it/1YOm
2013-08-14,You Only Live Twice,1967,https://boxd.it/29Rw
2013-08-14,Labyrinth,1986,https://boxd.it/1POC
2013-08-14,Trainspotting,1996,https://boxd.it/29XY
2013-08-14,Uncle Buck,1989,https://boxd.it/26yG
2013-08-14,Beerfest,2006,https://boxd.it/1XmG
2013-08-14,Caddyshack,1980,https://boxd.it/1SCO
2013-08-14,House of Flying Daggers,2004,https://boxd.it/1YoI
2013-08-14,Dracula,1931,https://boxd.it/2b34
2013-08-14,The Invisible Man,1933,https://boxd.it/1VoK
2013-08-14,Barbarella,1968,https://boxd.it/20Ba
2013-08-14,Westworld,1973,https://boxd.it/26RS
2013-08-14,Hang 'em High,1968,https://boxd.it/23Ec
2013-08-14,Favorites of the Moon,1984,https://boxd.it/KHk
2013-08-14,A Trip to the Moon,1902,https://boxd.it/29EC
2013-08-14,Star Trek: The Motion Picture,1979,https://boxd.it/2b0O
2013-08-14,Modern Times,1936,https://boxd.it/25MC
2013-08-14,Indiana Jones and the Last Crusade,1989,https://boxd.it/2baO
2013-08-14,The Kid,1921,https://boxd.it/1X5U
2013-08-14,Diabolique,1955,https://boxd.it/29we
2013-08-14,The Best Years of Our Lives,1946,https://boxd.it/29my
2013-08-14,The Bourne Ultimatum,2007,https://boxd.it/26Eu
2013-08-15,Sex Traffic,2004,https://boxd.it/eLu
2013-08-15,Air Force One,1997,https://boxd.it/1XQw
2013-08-16,Throw Momma from the Train,1987,https://boxd.it/1SPy
2013-08-16,The Jewel of the Nile,1985,https://boxd.it/1WAM
2013-08-16,10 Items or Less,2006,https://boxd.it/26SG
2013-08-17,Freaky Friday,2003,https://boxd.it/1WwK
2013-08-17,Batman Begins,2005,https://boxd.it/2aIg
2013-08-19,The Dark Knight Rises,2012,https://boxd.it/H3m
2013-08-21,Django Unchained,2012,https://boxd.it/2cCk
2013-08-24,Teddy Bear,2012,https://boxd.it/2Y1Q
2013-08-24,A Matter of Life and Death,1946,https://boxd.it/1q6K
2013-08-24,Animal Farm,1954,https://boxd.it/1SWE
2013-08-25,La Vie en Rose,2007,https://boxd.it/28OQ
2013-08-26,Happythankyoumoreplease,2010,https://boxd.it/Lgk
2013-08-26,Liberal Arts,2012,https://boxd.it/2Y7O
2013-09-07,The Gilded Cage,2013,https://boxd.it/5DVk
2013-09-08,Wild Palms,1993,https://boxd.it/2ssU
2013-09-15,Gods and Monsters,1998,https://boxd.it/25Ty
2013-10-12,Behind the Candelabra,2013,https://boxd.it/3Y0U
2013-10-13,Mood Indigo,2013,https://boxd.it/4WFy
2013-10-14,Death at a Funeral,2007,https://boxd.it/27dO
2013-10-14,Stardust,2007,https://boxd.it/272w
2013-10-26,Brilliantlove,2010,https://boxd.it/Dwk
2013-10-26,Hemel,2012,https://boxd.it/3PQW
2013-10-31,Pacific Rim,2013,https://boxd.it/2cB2
2013-11-03,Calamity Jane,1953,https://boxd.it/1OJw
2013-11-03,Sands of the Kalahari,1965,https://boxd.it/2see
2013-11-03,You Can't Go Home Again,1979,https://boxd.it/6Q8M
2013-11-03,Blanche,1971,https://boxd.it/4Ui8
2013-11-03,Late Spring,1949,https://boxd.it/1DkK
2013-11-03,Pat Garrett & Billy the Kid,1973,https://boxd.it/1TvE
2013-11-03,The Life of Oharu,1952,https://boxd.it/UFy
2013-11-03,The Time Machine,1960,https://boxd.it/27mQ
2013-11-03,Saddle the Wind,1958,https://boxd.it/2Hc8
2013-11-03,Islands in the Stream,1977,https://boxd.it/2si6
2013-11-03,Panic in Echo Park,1977,https://boxd.it/6Q8W
2013-11-03,The Dark at the Top of the Stairs,1960,https://boxd.it/3PGM
2013-11-03,Leave Her to Heaven,1945,https://boxd.it/1IjC
2013-11-03,Taira Clan Saga,1955,https://boxd.it/Oe2
2013-11-04,Now You See Me,2013,https://boxd.it/2Bsu
2013-11-05,Safety Not Guaranteed,2012,https://boxd.it/2Y3M
2013-11-05,The Bucket List,2007,https://boxd.it/20Ye
2013-11-06,World War Z,2013,https://boxd.it/2p2E
2013-11-06,The Talented Mr. Ripley,1999,https://boxd.it/2924
2013-11-06,The Robe,1953,https://boxd.it/1mnW
2013-11-08,Population 436,2006,https://boxd.it/28vO
2013-11-08,Mental,2012,https://boxd.it/49ty
2013-11-08,The Glenn Miller Story,1954,https://boxd.it/1I9W
2013-11-13,RED 2,2013,https://boxd.it/4E4E
2013-11-14,Despicable Me,2010,https://boxd.it/1DD8
2013-11-15,Despicable Me 2,2013,https://boxd.it/3gg0
2013-11-18,Rat Race,2001,https://boxd.it/1XAo
2013-12-01,Blue Jasmine,2013,https://boxd.it/50MI
2013-12-03,Gravity,2013,https://boxd.it/GZY
2013-12-15,Inside Llewyn Davis,2013,https://boxd.it/34Ro
2014-01-04,Heartbreakers,2001,https://boxd.it/1Vhu
2014-01-04,This Is It,2009,https://boxd.it/1PRw
2014-01-04,Almost Heroes,1998,https://boxd.it/1OhW
2014-01-04,Love and Dance,2009,https://boxd.it/19PS
2014-01-04,Superbad,2007,https://boxd.it/20hO
2014-01-04,Cadillac Records,2008,https://boxd.it/1OlE
2014-01-04,Pineapple Express,2008,https://boxd.it/1WRS
2014-01-04,Tomcats,2001,https://boxd.it/1VJS
2014-01-04,Flood,2007,https://boxd.it/21Pi
2014-01-04,The Illusionist,2006,https://boxd.it/28H6
2014-01-04,Just Go with It,2011,https://boxd.it/Doq
2014-01-04,21,2008,https://boxd.it/20BO
2014-01-04,Matchstick Men,2003,https://boxd.it/215a
2014-01-04,The Mummy,1999,https://boxd.it/2a7a
2014-01-04,Brüno,2009,https://boxd.it/1GSA
2014-01-04,Miss Congeniality 2: Armed and Fabulous,2005,https://boxd.it/1XeC
2014-01-04,George and the Dragon,2004,https://boxd.it/231k
2014-01-04,Man of the Year,2002,https://boxd.it/tCM
2014-01-04,Poseidon,2006,https://boxd.it/2afI
2014-01-04,Message in a Bottle,1999,https://boxd.it/1WOY
2014-01-04,Local Color,2006,https://boxd.it/26VA
2014-01-04,Heartbreaker,2010,https://boxd.it/ZVm
2014-01-04,Being Jacques Chirac,2006,https://boxd.it/1BoK
2014-01-06,How Green Was My Valley,1941,https://boxd.it/UV2
2014-01-12,2 Fast 2 Furious,2003,https://boxd.it/2a4g
2014-01-12,The Fast and the Furious: Tokyo Drift,2006,https://boxd.it/1Yeo
2014-01-12,Fast Five,2011,https://boxd.it/BgO
2014-01-12,Fast & Furious 6,2013,https://boxd.it/2UG6
2014-01-12,Fast & Furious,2009,https://boxd.it/1Pnm
2014-01-18,Import/Export,2007,https://boxd.it/23tS
2014-01-18,Populaire,2012,https://boxd.it/4oAa
2014-01-19,Minnie and Moskowitz,1971,https://boxd.it/1xPi
2014-01-26,Only Lovers Left Alive,2013,https://boxd.it/4O1U
2014-02-09,Nebraska,2013,https://boxd.it/4exq
2014-02-11,The Money Pit,1986,https://boxd.it/1Wc6
2014-02-11,Castello Cavalcanti,2013,https://boxd.it/6WlM
2014-02-21,This Is the End,2013,https://boxd.it/3GB4
2014-02-21,Robot & Frank,2012,https://boxd.it/2Y4g
2014-02-22,The Science of Sleep,2006,https://boxd.it/2aEe
2014-02-22,Anatomy of Hell,2004,https://boxd.it/2wR0
2014-02-22,The Ghost,1982,https://boxd.it/4ulg
2014-02-23,The Great Beauty,2013,https://boxd.it/5ty6
2014-02-23,On the Road,2012,https://boxd.it/2WCK
2014-02-25,Chico & Rita,2010,https://boxd.it/6O6
2014-02-28,Adult World,2013,https://boxd.it/4zbK
2014-03-01,Pain & Gain,2013,https://boxd.it/4lp4
2014-03-02,A Serbian Film,2010,https://boxd.it/2wBc
2014-03-02,Runner Runner,2013,https://boxd.it/4E5s
2014-03-03,The Counselor,2013,https://boxd.it/3G6K
2014-03-03,About Time,2013,https://boxd.it/43bI
2014-03-04,Angels with Dirty Faces,1938,https://boxd.it/1PBI
2014-03-04,The Company You Keep,2012,https://boxd.it/35CO
2014-03-05,Rush,2013,https://boxd.it/3lyS
2014-03-06,Saving Mr. Banks,2013,https://boxd.it/4vIq
2014-03-07,Last Vegas,2013,https://boxd.it/4pFA
2014-03-07,Ender's Game,2013,https://boxd.it/2N9Y
2014-03-08,Prisoners,2013,https://boxd.it/4E5i
2014-03-08,August: Osage County,2013,https://boxd.it/4OhI
2014-03-09,Enough Said,2013,https://boxd.it/6fQC
2014-03-09,Philomena,2013,https://boxd.it/69OA
2014-03-09,American Hustle,2013,https://boxd.it/5dz8
2014-03-09,Barefoot,2014,https://boxd.it/77be
2014-03-10,Elysium,2013,https://boxd.it/2cBm
2014-03-10,The Artist and the Model,2012,https://boxd.it/3R8i
2014-03-10,This Is England,2006,https://boxd.it/1T44
2014-03-10,The Station Agent,2003,https://boxd.it/27xu
2014-03-11,Code Unknown,2000,https://boxd.it/1kaw
2014-03-11,Room in Rome,2010,https://boxd.it/HX0
2014-03-12,The Piano Teacher,2001,https://boxd.it/2886
2014-03-12,Contempt,1963,https://boxd.it/2aJe
2014-03-12,Grand Illusion,1937,https://boxd.it/29Ei
2014-03-12,Children of Paradise,1945,https://boxd.it/26H4
2014-03-12,L'Eclisse,1962,https://boxd.it/1CoG
2014-03-12,Letter from an Unknown Woman,1948,https://boxd.it/2wRO
2014-03-12,Napoleon,1927,https://boxd.it/WEC
2014-03-12,My Darling Clementine,1946,https://boxd.it/25LE
2014-03-12,Stagecoach,1939,https://boxd.it/297S
2014-03-12,Meet Me in St. Louis,1944,https://boxd.it/29j0
2014-03-12,"Ivan the Terrible, Part II: The Boyars' Plot",1958,https://boxd.it/Vfc
2014-03-12,"Ivan the Terrible, Part I",1944,https://boxd.it/1XMO
2014-03-12,Dekalog,1989,https://boxd.it/bv4u
2014-03-12,La Notte,1961,https://boxd.it/10iU
2014-03-12,Monsieur Verdoux,1947,https://boxd.it/1l0s
2014-03-12,Snow White and the Seven Dwarfs,1937,https://boxd.it/2arO
2014-03-12,Alexander Nevsky,1938,https://boxd.it/1WKC
2014-03-12,A Star Is Born,1954,https://boxd.it/25I6
2014-03-12,Shoot the Piano Player,1960,https://boxd.it/285w
2014-03-12,Fantasia,1940,https://boxd.it/29HG
2014-03-12,The Asphalt Jungle,1950,https://boxd.it/1Jrs
2014-03-12,An Affair to Remember,1957,https://boxd.it/20is
2014-03-12,Alphaville,1965,https://boxd.it/20AG
2014-03-13,Time of the Wolf,2003,https://boxd.it/1y7w
2014-03-14,The Last Kiss,2006,https://boxd.it/20S6
2014-03-15,Tell No One,2006,https://boxd.it/1Vns
2014-03-15,Laws of Attraction,2004,https://boxd.it/1Uxc
2014-03-15,The Importance of Being Earnest,2002,https://boxd.it/1ZlU
2014-03-16,Shutter Island,2010,https://boxd.it/1U82
2014-03-17,The Assassination of Jesse James by the Coward Robert Ford,2007,https://boxd.it/24dG
2014-03-17,Bullhead,2011,https://boxd.it/99K
2014-03-18,Drive,2011,https://boxd.it/IG
2014-03-18,Starlet,2012,https://boxd.it/3dvG
2014-03-19,Kin-dza-dza!,1986,https://boxd.it/1CMS
2014-03-20,Heart of a Dog,1988,https://boxd.it/TRI
2014-03-20,Sex Drive,2008,https://boxd.it/1PZg
2014-03-22,In the House,2012,https://boxd.it/41HW
2014-03-22,Green Lantern,2011,https://boxd.it/QN4
2014-03-22,Stavisky...,1974,https://boxd.it/e2k
2014-03-22,My American Uncle,1980,https://boxd.it/13qC
2014-03-23,To the Wonder,2012,https://boxd.it/gpU
2014-03-23,Clerks II,2006,https://boxd.it/26ZC
2014-03-23,Mallrats,1995,https://boxd.it/26ZW
2014-03-23,Boiler Room,2000,https://boxd.it/1OBi
2014-03-23,Changing Lanes,2002,https://boxd.it/28Fa
2014-03-23,Paycheck,2003,https://boxd.it/1YdA
2014-03-23,Mission: Impossible II,2000,https://boxd.it/29cS
2014-03-24,Don Jon,2013,https://boxd.it/4sdk
2014-03-24,Oblivion,2013,https://boxd.it/2Bzq
2014-03-24,True Romance,1993,https://boxd.it/2aBa
2014-03-25,The Town,2010,https://boxd.it/1zyS
2014-03-25,Even Cowgirls Get the Blues,1993,https://boxd.it/1dSG
2014-03-25,Finding Forrester,2000,https://boxd.it/29KK
2014-03-27,The Best Exotic Marigold Hotel,2011,https://boxd.it/2AJu
2014-03-27,The Siege,1998,https://boxd.it/1XCu
2014-03-27,Richard III,1995,https://boxd.it/1jGw
2014-03-27,The Rainmaker,1997,https://boxd.it/1SD8
2014-03-27,You Don't Know Jack,2010,https://boxd.it/19qe
2014-03-27,88 Minutes,2007,https://boxd.it/25ke
2014-03-27,Sea of Love,1989,https://boxd.it/1Sq4
2014-03-27,Scarecrow,1973,https://boxd.it/1iLU
2014-03-27,Gigli,2003,https://boxd.it/20ES
2014-03-27,The Merchant of Venice,2004,https://boxd.it/1Uu8
2014-03-27,Author! Author!,1982,https://boxd.it/YBg
2014-03-27,Looking for Richard,1996,https://boxd.it/XcE
2014-03-27,People I Know,2002,https://boxd.it/1TNS
2014-03-28,Margaret,2011,https://boxd.it/2kbm
2014-03-29,The Kids Are All Right,2010,https://boxd.it/13f0
2014-03-30,The Grand Budapest Hotel,2014,https://boxd.it/3ZqO
2014-03-30,The Soloist,2009,https://boxd.it/1IPe
2014-03-31,Metropia,2009,https://boxd.it/19N8
2014-04-01,Much Ado About Nothing,2012,https://boxd.it/3dBa
2014-04-01,Serenity,2005,https://boxd.it/1Km4
2014-04-01,After the Dark,2013,https://boxd.it/5YaE
2014-04-02,21 & Over,2013,https://boxd.it/3DOk
2014-04-03,Better Living Through Chemistry,2014,https://boxd.it/4Vsy
2014-04-03,The Right Kind of Wrong,2013,https://boxd.it/6g1K
2014-04-05,Ruby Sparks,2012,https://boxd.it/3w9O
2014-04-06,Her,2013,https://boxd.it/4O24
2014-04-06,Child's Pose,2013,https://boxd.it/50cg
2014-04-07,The Parent Trap,1998,https://boxd.it/1XJq
2014-04-07,Snowpiercer,2013,https://boxd.it/3Icg
2014-04-07,Leaving Las Vegas,1995,https://boxd.it/2amE
2014-04-08,Authors Anonymous,2014,https://boxd.it/7wvI
2014-04-14,28 Hotel Rooms,2012,https://boxd.it/2XFK
2014-04-14,Idiocracy,2006,https://boxd.it/20RW
2014-04-14,Legally Blonde,2001,https://boxd.it/1ZNa
2014-04-14,"Legally Blonde 2: Red, White & Blonde",2003,https://boxd.it/1Wxe
2014-04-15,Bottle Rocket,1996,https://boxd.it/1PDa
2014-04-17,The Secret Life of Walter Mitty,2013,https://boxd.it/3SWy
2014-04-17,Hanna,2011,https://boxd.it/DBE
2014-04-19,5 Centimeters per Second,2007,https://boxd.it/16G4
2014-04-20,A Long Way Down,2014,https://boxd.it/4w6M
2014-04-20,Stoker,2013,https://boxd.it/34S2
2014-04-20,The Tailor of Panama,2001,https://boxd.it/26BA
2014-04-20,Dante's Peak,1997,https://boxd.it/1YdK
2014-04-20,The Lawnmower Man,1992,https://boxd.it/1WVK
2014-04-21,Warm Bodies,2013,https://boxd.it/2TFm
2014-04-21,Drinking Buddies,2013,https://boxd.it/5jhk
2014-04-22,Next Door,2005,https://boxd.it/2a6c
2014-04-22,Quiz Show,1994,https://boxd.it/1TPa
2014-04-22,Atonement,2007,https://boxd.it/24ui
2014-04-22,Bend It Like Beckham,2002,https://boxd.it/2am0
2014-04-24,He Was a Quiet Man,2007,https://boxd.it/1WJ0
2014-04-25,The Hole,2001,https://boxd.it/2ake
2014-04-25,Privacy Settings,2013,https://boxd.it/6hlm
2014-04-26,The Wolf of Wall Street,2013,https://boxd.it/3C1m
2014-04-26,Autoerotic,2011,https://boxd.it/36Yw
2014-04-27,The Sinking of the Laconia,2011,https://boxd.it/vKy
2014-04-27,Alexander the Last,2009,https://boxd.it/1eLm
2014-04-28,Dom Hemingway,2013,https://boxd.it/5NzS
2014-04-28,The Zone,2011,https://boxd.it/4QE0
2014-04-29,Filth,2013,https://boxd.it/32NY
2014-04-29,Uncle Kent,2011,https://boxd.it/37qq
2014-05-01,Thor,2011,https://boxd.it/1WQU
2014-05-01,Thor: The Dark World,2013,https://boxd.it/2DqA
2014-05-01,Art History,2011,https://boxd.it/3waM
2014-05-02,Hours,2013,https://boxd.it/5jIU
2014-05-02,Tex,1982,https://boxd.it/1s2g
2014-05-02,Silver Bullets,2011,https://boxd.it/2Hl0
2014-05-02,Caitlin Plays Herself,2011,https://boxd.it/38ky
2014-05-03,Garden State,2004,https://boxd.it/2asW
2014-05-03,From Hell,2001,https://boxd.it/29FK
2014-05-03,Hamlet,1990,https://boxd.it/1WGg
2014-05-03,Jesus of Nazareth,1977,https://boxd.it/hLhG
2014-05-03,All Quiet on the Western Front,1979,https://boxd.it/1V5S
2014-05-03,Dance with a Stranger,1985,https://boxd.it/10Dy
2014-05-03,"Greystoke: The Legend of Tarzan, Lord of the Apes",1984,https://boxd.it/1USY
2014-05-03,The Sweet Hereafter,1997,https://boxd.it/1WNm
2014-05-03,A Life Less Ordinary,1997,https://boxd.it/20Bu
2014-05-03,Marriage Material,2012,https://boxd.it/4lpe
2014-05-04,The Invisible Woman,2013,https://boxd.it/3KbY
2014-05-04,Private Conversations: On the Set of ‘Death of a Salesman’,1986,https://boxd.it/tOCw
2014-05-04,The Glass Menagerie,1987,https://boxd.it/y9A
2014-05-04,Pale Rider,1985,https://boxd.it/1ZGy
2014-05-04,Courage Under Fire,1996,https://boxd.it/1VE4
2014-05-04,Enemy,2013,https://boxd.it/5xtO
2014-05-04,No Strings Attached,2011,https://boxd.it/YUs
2014-05-04,24 Exposures,2013,https://boxd.it/69NW
2014-05-06,Blue Ruin,2013,https://boxd.it/5H8G
2014-05-06,Pure,2002,https://boxd.it/1HC4
2014-05-08,A Late Quartet,2012,https://boxd.it/41Hs
2014-05-08,Things to Do in Denver When You're Dead,1995,https://boxd.it/2at6
2014-05-08,Man of the Year,2006,https://boxd.it/1XAy
2014-05-08,The Dogs of War,1980,https://boxd.it/1D4s
2014-05-08,The Milagro Beanfield War,1988,https://boxd.it/1Q5e
2014-05-08,24 Hour Party People,2002,https://boxd.it/26nI
2014-05-08,Welcome to Sarajevo,1997,https://boxd.it/1N8E
2014-05-11,8MM,1999,https://boxd.it/20sC
2014-05-11,Blue Is the Warmest Color,2013,https://boxd.it/4O40
2014-05-11,Next,2007,https://boxd.it/28bY
2014-05-11,Birdy,1984,https://boxd.it/1Ucy
2014-05-11,Trapped in Paradise,1994,https://boxd.it/1ySM
2014-05-11,Guarding Tess,1994,https://boxd.it/21EE
2014-05-11,Zandalee,1991,https://boxd.it/1aaw
2014-05-11,City of Angels,1998,https://boxd.it/29Bo
2014-05-11,Knowing,2009,https://boxd.it/1Pmy
2014-05-11,Falling Down,1993,https://boxd.it/194M
2014-05-11,A Time to Kill,1996,https://boxd.it/28pc
2014-05-11,Boys Don't Cry,1999,https://boxd.it/2aPG
2014-05-11,The Core,2003,https://boxd.it/1YVs
2014-05-11,New Year's Eve,2011,https://boxd.it/als
2014-05-11,Bringing Out the Dead,1999,https://boxd.it/1ZZK
2014-05-11,Elmer Gantry,1960,https://boxd.it/1Bb2
2014-05-11,The Gods Must Be Crazy II,1989,https://boxd.it/1SJ6
2014-05-11,The Gods Must Be Crazy,1980,https://boxd.it/20eq
2014-05-12,Hesher,2010,https://boxd.it/QYG
2014-05-16,Pompeii,2014,https://boxd.it/2E8W
2014-05-16,Walk of Shame,2014,https://boxd.it/5Ghi
2014-05-16,The Monuments Men,2014,https://boxd.it/4OxQ
2014-05-17,The Art of the Steal,2013,https://boxd.it/6fQ8
2014-05-18,Decoding Annie Parker,2013,https://boxd.it/5qpA
2014-05-18,Big Night,1996,https://boxd.it/1HnI
2014-05-18,Alex in Wonderland,1970,https://boxd.it/1gRQ
2014-05-18,Alice's Restaurant,1969,https://boxd.it/22PS
2014-05-18,American Splendor,2003,https://boxd.it/26kE
2014-05-18,Barfly,1987,https://boxd.it/1V2a
2014-05-18,Boyz n the Hood,1991,https://boxd.it/29Ug
2014-05-18,The Barbarian Invasions,2003,https://boxd.it/1UMG
2014-05-18,Jesus of Montreal,1989,https://boxd.it/24fM
2014-05-18,The Decline of the American Empire,1986,https://boxd.it/1GQE
2014-05-18,In Cold Blood,1967,https://boxd.it/1G62
2014-05-18,Funny Girl,1968,https://boxd.it/1KR2
2014-05-18,Oliver!,1968,https://boxd.it/1HQU
2014-05-18,True Grit,1969,https://boxd.it/1Ix0
2014-05-18,Oh! What a Lovely War,1969,https://boxd.it/1C5a
2014-05-18,Le Cercle Rouge,1970,https://boxd.it/1Tjy
2014-05-18,The Last Picture Show,1971,https://boxd.it/1weg
2014-05-18,Two English Girls,1971,https://boxd.it/WIk
2014-05-18,Weekend,1967,https://boxd.it/20Ac
2014-05-18,Tout Va Bien,1972,https://boxd.it/20AQ
2014-05-18,Every Man for Himself,1980,https://boxd.it/3NuY
2014-05-18,Sympathy for the Devil,1968,https://boxd.it/CQI
2014-05-19,3 Days to Kill,2014,https://boxd.it/5Ntq
2014-05-19,Fortress,1992,https://boxd.it/1SzA
2014-05-19,Highlander II: The Quickening,1991,https://boxd.it/20Gu
2014-05-19,Knight Moves,1992,https://boxd.it/22B2
2014-05-19,I Love You,1986,https://boxd.it/5Yym
2014-05-19,The Sicilian,1987,https://boxd.it/1i3I
2014-05-19,To Kill a Priest,1988,https://boxd.it/KAy
2014-05-19,Highlander,1986,https://boxd.it/20GE
2014-05-19,La Grande Bouffe,1973,https://boxd.it/1X5q
2014-05-19,Tales of Ordinary Madness,1981,https://boxd.it/2bSQ
2014-05-19,La Cage aux Folles,1978,https://boxd.it/24g6
2014-05-19,My Friends,1975,https://boxd.it/1CI2
2014-05-19,Tragedy of a Ridiculous Man,1981,https://boxd.it/XD6
2014-05-19,My Friends Act II,1982,https://boxd.it/1ycc
2014-05-19,Sling Blade,1996,https://boxd.it/1RRo
2014-05-19,Oklahoma!,1955,https://boxd.it/1P5M
2014-05-20,The Hunt for Red October,1990,https://boxd.it/28lk
2014-05-20,Dead Calm,1989,https://boxd.it/1W7K
2014-05-20,The Spectacular Now,2013,https://boxd.it/4VSG
2014-05-20,The Kings of Summer,2013,https://boxd.it/4V3e
2014-05-21,Every Day,2010,https://boxd.it/Qp2
2014-05-24,Empire Falls,2005,https://boxd.it/YBA
2014-05-24,The Bag Man,2014,https://boxd.it/77dY
2014-05-26,Moneyball,2011,https://boxd.it/glS
2014-05-26,Short Term 12,2013,https://boxd.it/5f6s
2014-05-26,Escape Plan,2013,https://boxd.it/3DX2
2014-05-27,The Call,2013,https://boxd.it/4Xgu
2014-05-27,Not Safe for Work,2014,https://boxd.it/7yKq
2014-05-30,Kid Cannabis,2014,https://boxd.it/6kDS
2014-05-30,Cousin,1999,https://boxd.it/IT4
2014-05-30,Brother,2000,https://boxd.it/5kBA
2014-05-30,Flight Over Lithuania or 510 Seconds of Silence,2000,https://boxd.it/587y
2014-05-31,Nymphomaniac: Vol. I,2013,https://boxd.it/7DiG
2014-05-31,Nymphomaniac: Vol. II,2013,https://boxd.it/7j9Y
2014-06-01,Vanishing on 7th Street,2010,https://boxd.it/Uby
2014-06-01,Chaos Theory,2008,https://boxd.it/1R4G
2014-06-09,The Bling Ring,2013,https://boxd.it/3lPY
2014-06-09,Teen Wolf,1985,https://boxd.it/1T0c
2014-06-09,28 Days Later,2002,https://boxd.it/2aXU
2014-06-09,28 Weeks Later,2007,https://boxd.it/28Bi
2014-06-09,Then She Found Me,2007,https://boxd.it/1QCi
2014-06-10,The Machinist,2004,https://boxd.it/248c
2014-06-10,How to Train Your Dragon,2010,https://boxd.it/1WRy
2014-06-10,Pinocchio,1940,https://boxd.it/1V8C
2014-06-10,Dumbo,1941,https://boxd.it/1U2o
2014-06-10,Yellow Submarine,1968,https://boxd.it/1Sxa
2014-06-10,The Triplets of Belleville,2003,https://boxd.it/1Y6Y
2014-06-10,One Hundred and One Dalmatians,1961,https://boxd.it/1SeC
2014-06-10,Bambi,1942,https://boxd.it/25AQ
2014-06-10,The Jungle Book,1967,https://boxd.it/1YY2
2014-06-10,Lady and the Tramp,1955,https://boxd.it/1Wv8
2014-06-10,Sleeping Beauty,1959,https://boxd.it/1V9A
2014-06-10,Heavy Traffic,1973,https://boxd.it/1l08
2014-06-10,Coonskin,1975,https://boxd.it/1r8s
2014-06-10,Fritz the Cat,1972,https://boxd.it/1RCI
2014-06-10,Jason and the Argonauts,1963,https://boxd.it/1TCK
2014-06-10,The Lord of the Rings,1978,https://boxd.it/2b5k
2014-06-11,The Sessions,2012,https://boxd.it/3NXQ
2014-06-11,American Gangster,2007,https://boxd.it/23wi
2014-06-12,Delivery Man,2013,https://boxd.it/4E5M
2014-06-14,The Letter,2012,https://boxd.it/43ug
2014-06-15,Citizen X,1995,https://boxd.it/1RIG
2014-06-15,Never Say Never Again,1983,https://boxd.it/1a5w
2014-06-15,Dune,1984,https://boxd.it/29tY
2014-06-15,Escape to Victory,1981,https://boxd.it/1IMa
2014-06-16,Starbuck,2011,https://boxd.it/2Kw6
2014-06-16,Devil's Due,2014,https://boxd.it/2LdY
2014-06-17,Angst,1983,https://boxd.it/1G46
2014-06-19,"I Love You, Man",2009,https://boxd.it/1JZu
2014-06-21,Zabriskie Point,1970,https://boxd.it/25Yy
2014-06-21,Identification of a Woman,1982,https://boxd.it/x2o
2014-06-21,The Lady Without Camelias,1953,https://boxd.it/3h3G
2014-06-21,Beyond the Clouds,1995,https://boxd.it/1fkw
2014-06-21,The Grandmaster,2013,https://boxd.it/QU0
2014-06-21,The Invention of Lying,2009,https://boxd.it/1zGs
2014-06-22,'G' Men,1935,https://boxd.it/1tjs
2014-06-22,Rising Sun,1993,https://boxd.it/21d4
2014-06-22,Copycat,1995,https://boxd.it/28ga
2014-06-22,"Clean, Shaven",1993,https://boxd.it/28IS
2014-06-22,Shallow Grave,1994,https://boxd.it/1XyW
2014-06-22,Sexy Beast,2000,https://boxd.it/1SZS
2014-06-22,Birth,2004,https://boxd.it/1VvQ
2014-06-22,Velvet Goldmine,1998,https://boxd.it/2878
2014-06-22,King of New York,1990,https://boxd.it/1Ynq
2014-06-22,Femme Fatale,2002,https://boxd.it/1Z4Y
2014-06-22,The Lovers on the Bridge,1991,https://boxd.it/26li
2014-06-22,"The Adventures of Priscilla, Queen of the Desert",1994,https://boxd.it/26mg
2014-06-22,Zero Effect,1998,https://boxd.it/1KIO
2014-06-22,Slaughterhouse-Five,1972,https://boxd.it/1xrU
2014-06-22,2010: The Year We Make Contact,1984,https://boxd.it/24lK
2014-06-23,The Searchers,1956,https://boxd.it/25HC
2014-06-23,El Dorado,1966,https://boxd.it/21qM
2014-06-23,Fort Apache,1948,https://boxd.it/18u0
2014-06-23,The Longest Day,1962,https://boxd.it/1Z3w
2014-06-23,Rio Grande,1950,https://boxd.it/1TpG
2014-06-23,The Lady Eve,1941,https://boxd.it/25LY
2014-06-23,Young Mr. Lincoln,1939,https://boxd.it/Tsy
2014-06-23,Jezebel,1938,https://boxd.it/27IM
2014-06-23,Mister Roberts,1955,https://boxd.it/17mk
2014-06-23,Rollercoaster,1977,https://boxd.it/1VGa
2014-06-23,The Tin Star,1957,https://boxd.it/1m46
2014-06-23,Fedora,1978,https://boxd.it/vfU
2014-06-23,Mr. Nobody,2009,https://boxd.it/1k44
2014-06-24,2 or 3 Things I Know About Her,1967,https://boxd.it/20Am
2014-06-24,The Firm,1993,https://boxd.it/18JY
2014-06-24,Behind Enemy Lines,2001,https://boxd.it/20GY
2014-06-24,Hoosiers,1986,https://boxd.it/22Ke
2014-06-24,No Way Out,1987,https://boxd.it/1X8k
2014-06-24,Class Action,1991,https://boxd.it/1LyA
2014-06-24,The Package,1989,https://boxd.it/1iIQ
2014-06-24,Under Fire,1983,https://boxd.it/1RQA
2014-06-24,Jaws 2,1978,https://boxd.it/2a54
2014-06-24,52 Pick-Up,1986,https://boxd.it/1GFw
2014-06-24,Blue Thunder,1983,https://boxd.it/21NG
2014-06-24,Still of the Night,1982,https://boxd.it/1hQO
2014-06-24,Star 80,1983,https://boxd.it/1kKu
2014-06-24,"Liza with a ""Z""",1972,https://boxd.it/38cO
2014-06-24,Blue Sky,1994,https://boxd.it/lKy
2014-06-24,Frances,1982,https://boxd.it/25h0
2014-06-24,A Streetcar Named Desire,1995,https://boxd.it/4jr8
2014-06-28,The Iceman,2012,https://boxd.it/2co8
2014-06-28,The Informers,2008,https://boxd.it/1IGc
2014-06-29,A Single Man,2009,https://boxd.it/1dx4
2014-06-29,Hot Tub Time Machine,2010,https://boxd.it/1zIS
2014-06-30,Polytechnique,2009,https://boxd.it/1AMG
2014-07-03,Spring Breakers,2012,https://boxd.it/421s
2014-07-04,Enter the Void,2009,https://boxd.it/1dy2
2014-07-05,Paranoid Park,2007,https://boxd.it/27GQ
2014-07-05,Apt Pupil,1998,https://boxd.it/1YFa
2014-07-05,Six Degrees of Separation,1993,https://boxd.it/1zva
2014-07-05,Last Orders,2001,https://boxd.it/1Np6
2014-07-05,I.Q.,1994,https://boxd.it/1T6Y
2014-07-07,The Factory,2012,https://boxd.it/4pgq
2014-07-08,The Wackness,2008,https://boxd.it/1OYc
2014-07-08,Audition,1999,https://boxd.it/1UHm
2014-07-08,Visitor Q,2001,https://boxd.it/24DE
2014-07-08,Gattaca,1997,https://boxd.it/29Du
2014-07-08,Swimming Pool,2003,https://boxd.it/2aDU
2014-07-08,A Mighty Heart,2007,https://boxd.it/27Ha
2014-07-08,Fatal Attraction,1987,https://boxd.it/1UTC
2014-07-08,Foxes,1980,https://boxd.it/1hUw
2014-07-08,9½ Weeks,1986,https://boxd.it/1XaA
2014-07-08,Unfaithful,2002,https://boxd.it/275A
2014-07-09,Testosterone,2004,https://boxd.it/5kKW
2014-07-09,Angel,1982,https://boxd.it/54dW
2014-07-25,Page Eight,2011,https://boxd.it/2m3u
2014-07-25,Turks & Caicos,2014,https://boxd.it/7HQC
2014-07-25,Salting the Battlefield,2014,https://boxd.it/7IpC
2014-07-25,A View to a Kill,1985,https://boxd.it/29Lo
2014-07-25,The Boat That Rocked,2009,https://boxd.it/1FZA
2014-07-25,Notes on a Scandal,2006,https://boxd.it/28Zu
2014-07-26,The Girl with the Dragon Tattoo,2009,https://boxd.it/1Mb8
2014-07-26,The Girl Who Played with Fire,2009,https://boxd.it/1y0K
2014-07-26,The Girl Who Kicked the Hornet's Nest,2009,https://boxd.it/1f9S
2014-07-27,Blow,2001,https://boxd.it/24Mm
2014-07-28,I Knew It Was You: Rediscovering John Cazale,2009,https://boxd.it/PpA
2014-08-31,The Hundred-Foot Journey,2014,https://boxd.it/6JBi
2014-08-31,Pumping Iron,1977,https://boxd.it/23dA
2014-09-02,Trouble with the Curve,2012,https://boxd.it/37pW
2014-09-05,Wrong,2012,https://boxd.it/2V5K
2014-09-06,The Paperboy,2012,https://boxd.it/2T8i
2014-09-08,Another Earth,2011,https://boxd.it/rRA
2014-09-08,The Island,2005,https://boxd.it/28qE
2014-09-08,Bad Teacher,2011,https://boxd.it/yXA
2014-09-09,Berkeley in the Sixties,1990,https://boxd.it/18jQ
2014-09-10,The Keep,1983,https://boxd.it/1umW
2014-09-11,Sinister,2012,https://boxd.it/2TnW
2014-09-14,All About Love,2001,https://boxd.it/2IZ6
2014-09-14,Skin. Like. Sun.,2009,https://boxd.it/7Hcs
2014-09-15,Matinée,2009,https://boxd.it/3iHs
2014-09-16,The Iron Giant,1999,https://boxd.it/1Wow
2014-09-20,My Blueberry Nights,2007,https://boxd.it/27H0
2014-09-20,Pentimento,1979,https://boxd.it/4OJC
2014-09-20,Visual Training,1969,https://boxd.it/47aY
2014-09-20,Spectator,1970,https://boxd.it/47aE
2014-09-20,Sorbet '3',1968,https://boxd.it/63jc
2014-09-20,"Birds, One",1968,https://boxd.it/47b8
2014-09-20,Blended,2014,https://boxd.it/6QQY
2014-09-21,A Most Wanted Man,2014,https://boxd.it/4WCE
2014-09-21,To Kill a Beaver,2012,https://boxd.it/5rOm
2014-09-21,My Nights Are More Beautiful Than Your Days,1989,https://boxd.it/2we8
2014-09-21,The Public Woman,1984,https://boxd.it/2tAU
2014-09-21,That Most Important Thing: Love,1975,https://boxd.it/25mk
2014-09-21,Possession,1981,https://boxd.it/1BPm
2014-09-22,How to Train Your Dragon 2,2014,https://boxd.it/2TRW
2014-09-22,Johnny Express,2014,https://boxd.it/85Zo
2014-09-23,Coherence,2013,https://boxd.it/6xza
2014-09-24,Arena,2011,https://boxd.it/2rrQ
2014-09-25,The American Astronaut,2001,https://boxd.it/1BKc
2014-09-26,The Signal,2014,https://boxd.it/77hc
2014-09-26,50 First Dates,2004,https://boxd.it/285c
2014-09-27,How to Murder Your Wife,1965,https://boxd.it/1tnu
2014-09-27,My Summer in Provence,2014,https://boxd.it/7PHI
2014-09-28,Confessions of a Dangerous Mind,2002,https://boxd.it/23Gi
2014-09-28,Eros,2004,https://boxd.it/135k
2014-09-29,Upstream Color,2013,https://boxd.it/4Cwc
2014-10-01,Noah,2014,https://boxd.it/34QA
2014-10-02,Edge of Tomorrow,2014,https://boxd.it/4pD0
2014-10-02,The Family,2013,https://boxd.it/3LkW
2014-10-03,Helvetica,2007,https://boxd.it/1Qn8
2014-10-03,The Fault in Our Stars,2014,https://boxd.it/6BQa
2014-10-19,The Celebration,1998,https://boxd.it/2aCM
2014-10-19,The Lego Movie,2014,https://boxd.it/4pDO
2014-10-20,Holy Motors,2012,https://boxd.it/3wai
2014-10-21,Stretch,2014,https://boxd.it/6Iag
2014-10-21,Sex Tape,2014,https://boxd.it/6FRG
2014-10-25,Automata,2014,https://boxd.it/7NT8
2014-10-26,Good People,2014,https://boxd.it/7Nm4
2014-10-26,Four Lions,2010,https://boxd.it/18do
2014-10-27,The Expendables,2010,https://boxd.it/1rtA
2014-10-27,The Expendables 2,2012,https://boxd.it/2CPE
2014-10-27,The Expendables 3,2014,https://boxd.it/4rmK
2014-11-02,"20,000 Days on Earth",2014,https://boxd.it/7enQ
2014-11-02,Boy Meets Girl,2009,https://boxd.it/2dJm
2014-11-11,Fading Gigolo,2013,https://boxd.it/6ntw
2014-11-11,Sabrina,1995,https://boxd.it/1SUI
2014-11-11,The Devil's Own,1997,https://boxd.it/24he
2014-11-30,Secretary,2002,https://boxd.it/1URc
2014-12-01,Metéora,2012,https://boxd.it/4pHc
2014-12-01,The Ogre of Athens,1956,https://boxd.it/K2w
2014-12-01,Synoikia to Oneiro,1961,https://boxd.it/8n6w
2014-12-01,Young Aphrodites,1963,https://boxd.it/2Pr6
2014-12-01,The Counterfeit Coin,1955,https://boxd.it/K3a
2014-12-01,The Magic City,1954,https://boxd.it/7BOg
2014-12-01,Evdokia,1971,https://boxd.it/K4s
2014-12-01,The Idlers of the Fertile Valley,1978,https://boxd.it/7Crs
2014-12-01,O mikros drapetis,1968,https://boxd.it/9pvA
2014-12-01,A Foolish Love,1981,https://boxd.it/59W8
2014-12-01,Crystal Nights,1992,https://boxd.it/5oKm
2014-12-01,The Children of the Swallow,1987,https://boxd.it/8qDI
2014-12-01,The Murderess,1974,https://boxd.it/8qnU
2014-12-01,"Hands Up, Hitler",1962,https://boxd.it/9wxo
2014-12-01,Help! Vengos Visible Agent '000',1967,https://boxd.it/JQU
2014-12-01,"What Did You Do in the War, Thanassi?",1971,https://boxd.it/57ws
2014-12-01,Murder Backstage,1960,https://boxd.it/4ZdM
2014-12-01,The Tree We Hurt,1986,https://boxd.it/87xQ
2014-12-01,Lola,1964,https://boxd.it/8qee
2014-12-01,The Drunkard,1950,https://boxd.it/7EAQ
2014-12-01,Stefania,1966,https://boxd.it/7HO2
2014-12-01,The Antisocial,1977,https://boxd.it/8uj8
2014-12-01,Thanasis in the land of the cuff,1976,https://boxd.it/8LUK
2014-12-01,The River,1960,https://boxd.it/8vfQ
2014-12-01,Educate Yourself My Son,1981,https://boxd.it/559G
2014-12-01,Arpa Colla,1982,https://boxd.it/4wv8
2014-12-01,Crime in Kolonaki,1960,https://boxd.it/8pXi
2014-12-01,Dictator calls Thanasis,1973,https://boxd.it/5cFY
2014-12-01,Unfair Competition,1983,https://boxd.it/7Q72
2014-12-01,Panic,1969,https://boxd.it/8pgo
2014-12-01,Electric Angel,1981,https://boxd.it/8vBW
2014-12-01,A Man for All Jobs...,1966,https://boxd.it/9Oho
2014-12-01,"Lisa, Tosca of Athens",1959,https://boxd.it/8RyK
2014-12-01,"One Street Organ, One Life",1958,https://boxd.it/9NXe
2014-12-01,Melodrama?,1980,https://boxd.it/8Djm
2014-12-01,Until the Ship Sails,1966,https://boxd.it/6GLk
2014-12-01,The Charioteer,1995,https://boxd.it/8dOS
2014-12-01,Let the Women Wait!,1998,https://boxd.it/2m7Q
2014-12-08,Songs from the Second Floor,2000,https://boxd.it/1eoM
2014-12-08,"You, the Living",2007,https://boxd.it/22xO
2014-12-28,Radio Flyer,1992,https://boxd.it/1CX2
2014-12-28,The Final Destination,2009,https://boxd.it/1EmW
2014-12-28,After.Life,2009,https://boxd.it/1aAY
2014-12-28,xXx: State of the Union,2005,https://boxd.it/1Tg0
2014-12-28,X-Men Origins: Wolverine,2009,https://boxd.it/27ug
2014-12-28,The A-Team,2010,https://boxd.it/1dHS
2014-12-28,Asterix at the Olympic Games,2008,https://boxd.it/26Nw
2014-12-29,All I Want For Christmas,1991,https://boxd.it/1PJi
2014-12-29,Just Friends,2005,https://boxd.it/1XfA
2014-12-29,The Time Traveler's Wife,2009,https://boxd.it/1xH4
2014-12-29,The Boondock Saints II: All Saints Day,2009,https://boxd.it/1A0i
2014-12-29,Fear,1996,https://boxd.it/1W0a
2014-12-29,The Forbidden Kingdom,2008,https://boxd.it/28dg
2014-12-29,Sleepers,1996,https://boxd.it/29xw
2014-12-29,Spy Game,2001,https://boxd.it/28Fk
2014-12-29,National Lampoon's Senior Trip,1995,https://boxd.it/1quW
2014-12-29,Fred Claus,2007,https://boxd.it/236O
2014-12-29,Out of Sight,1998,https://boxd.it/28R6
2014-12-29,Vegas Vacation,1997,https://boxd.it/1TT2
2014-12-29,Deck the Halls,2006,https://boxd.it/1Xpg
2014-12-29,Jack and Jill,2011,https://boxd.it/2pQu
2014-12-29,The fruit carriers of Athens,2010,https://boxd.it/2hlS
2014-12-29,Acropol,1996,https://boxd.it/2i5G
2014-12-29,Quiet Days in August,1991,https://boxd.it/7PQA
2014-12-29,Brides,2004,https://boxd.it/1y4s
2014-12-29,Stone Years,1985,https://boxd.it/686i
2014-12-29,The Striker with Number 9,1988,https://boxd.it/JIc
2014-12-29,Edge of Night,2000,https://boxd.it/7nkw
2014-12-29,The Ugly Truth,2009,https://boxd.it/1CFi
2014-12-29,American Dreamz,2006,https://boxd.it/1Z0i
2014-12-30,That's My Boy,2012,https://boxd.it/35IW
2014-12-30,Helen of Troy,2003,https://boxd.it/7cWY
2014-12-30,Superhero Movie,2008,https://boxd.it/1SM0
2014-12-30,Fairfield Road,2010,https://boxd.it/88VY
2014-12-30,Oscar and the Lady in Pink,2009,https://boxd.it/AkU
2014-12-31,Christmas in Boston,2005,https://boxd.it/21bi
2014-12-31,Mr. & Mrs. Smith,2005,https://boxd.it/29CG
2014-12-31,Troy,2004,https://boxd.it/29TW
2014-12-31,Seven Years in Tibet,1997,https://boxd.it/29aC
2014-12-31,Kalifornia,1993,https://boxd.it/1V6m
2014-12-31,A River Runs Through It,1992,https://boxd.it/2aFm
2014-12-31,Shadowlands,1993,https://boxd.it/1Wfk
2014-12-31,Patriot Games,1992,https://boxd.it/1XEA
2014-12-31,Orca,1977,https://boxd.it/1Rn4
2014-12-31,The Wild Geese,1978,https://boxd.it/21cA
2014-12-31,A Man Called Horse,1970,https://boxd.it/1NB2
2014-12-31,99 and 44/100% Dead,1974,https://boxd.it/yqG
2014-12-31,Monsieur Ibrahim,2003,https://boxd.it/2ayK
2014-12-31,The Fall of the Roman Empire,1964,https://boxd.it/1ITq
2014-12-31,Mackenna's Gold,1969,https://boxd.it/1Hy2
2014-12-31,Funny Lady,1975,https://boxd.it/143a
2014-12-31,Heavy Metal,1981,https://boxd.it/1SZI
2014-12-31,Kindergarten Cop,1990,https://boxd.it/29dm
2014-12-31,My Super Ex-Girlfriend,2006,https://boxd.it/24hI
2014-12-31,Fathers' Day,1997,https://boxd.it/1RRe
2014-12-31,Legal Eagles,1986,https://boxd.it/1XuU
2014-12-31,Six Days Seven Nights,1998,https://boxd.it/227c
2014-12-31,I Know What You Did Last Summer,1997,https://boxd.it/2588
2014-12-31,Psycho,1998,https://boxd.it/1Ugg
2014-12-31,Volcano,1997,https://boxd.it/1WsS
2014-12-31,Gorillas in the Mist,1988,https://boxd.it/1X14
2015-01-02,Stomp the Yard 2: Homecoming,2010,https://boxd.it/1fq0
2015-01-02,The Prince & Me 4: The Elephant Adventure,2010,https://boxd.it/1ars
2015-01-02,Call Me Claus,2001,https://boxd.it/1JlE
2015-01-02,The Christmas Hope,2009,https://boxd.it/Bfw
2015-01-02,Jack Frost,1998,https://boxd.it/1XUo
2015-01-02,Mr. Mom,1983,https://boxd.it/1QPm
2015-01-02,Multiplicity,1996,https://boxd.it/1Z16
2015-01-02,Pacific Heights,1990,https://boxd.it/25ZG
2015-01-02,Clean and Sober,1988,https://boxd.it/1O5Q
2015-01-02,D.O.A.,1988,https://boxd.it/1XU4
2015-01-02,Internal Affairs,1990,https://boxd.it/1UJM
2015-01-02,Presumed Innocent,1990,https://boxd.it/1UEW
2015-01-02,Color of Night,1994,https://boxd.it/27nO
2015-01-02,A Kiss Before Dying,1991,https://boxd.it/1ivC
2015-01-02,Guilty as Sin,1993,https://boxd.it/23FY
2015-01-02,Jennifer Eight,1992,https://boxd.it/1Wiy
2015-01-02,Final Analysis,1992,https://boxd.it/23MK
2015-01-02,Ruby,1992,https://boxd.it/2sQs
2015-01-02,Black Widow,1987,https://boxd.it/1FfW
2015-01-02,The Presidio,1988,https://boxd.it/1SWa
2015-01-02,Sunset,1988,https://boxd.it/15Jm
2015-01-02,Guncrazy,1992,https://boxd.it/1ynO
2015-01-02,Next of Kin,1989,https://boxd.it/1rQO
2015-01-02,Above the Law,1988,https://boxd.it/1YN4
2015-01-02,Romeo Is Bleeding,1993,https://boxd.it/27ti
2015-01-02,Speechless,1994,https://boxd.it/1MKM
2015-01-02,Fletch,1985,https://boxd.it/1XTU
2015-01-03,Police Story 4: First Strike,1996,https://boxd.it/1YLC
2015-01-04,Extraterrestrial,2014,https://boxd.it/7TVE
2015-01-05,Steamboat Willie,1928,https://boxd.it/wgk
2015-01-05,Transformers: Age of Extinction,2014,https://boxd.it/3d1m
2015-01-05,Dawn of the Planet of the Apes,2014,https://boxd.it/3XyQ
2015-01-05,Tammy,2014,https://boxd.it/6GOS
2015-01-05,Killer Joe,2011,https://boxd.it/2vtQ
2015-01-05,Tetro,2009,https://boxd.it/1SKy
2015-01-05,Fishing with John,1991,https://boxd.it/gtsu
2015-01-07,Boy Meets Girl,1984,https://boxd.it/8Ti
2015-01-08,The Spanish Apartment,2002,https://boxd.it/28Cq
2015-01-08,Russian Dolls,2005,https://boxd.it/284S
2015-01-09,Chinese Puzzle,2013,https://boxd.it/6bCc
2015-01-09,Sleep with Me,1994,https://boxd.it/1Fe0
2015-01-10,Crying Out Love in the Center of the World,2004,https://boxd.it/1bme
2015-01-10,Punch-Drunk Love,2002,https://boxd.it/20E4
2015-01-10,Foxfire,1996,https://boxd.it/1GJo
2015-01-11,Evolution,2001,https://boxd.it/1YMK
2015-01-11,Fearless,1993,https://boxd.it/1WfE
2015-01-12,The Prince,2014,https://boxd.it/75WC
2015-01-13,Hard Rain,1998,https://boxd.it/1Ufs
2015-01-13,Paris,2008,https://boxd.it/20qc
2015-01-13,When the Cat's Away,1996,https://boxd.it/1SGc
2015-01-13,"The Tree, the Mayor and the Mediatheque",1993,https://boxd.it/4lEI
2015-01-13,A Tale of Springtime,1990,https://boxd.it/1pZ0
2015-01-13,A Tale of Autumn,1998,https://boxd.it/1WJY
2015-01-13,A Tale of Winter,1992,https://boxd.it/1WJO
2015-01-13,A Good Marriage,1982,https://boxd.it/26aE
2015-01-13,A Summer's Tale,1996,https://boxd.it/183e
2015-01-13,Four Adventures of Reinette and Mirabelle,1987,https://boxd.it/18QA
2015-01-13,Rendezvous in Paris,1995,https://boxd.it/2FaY
2015-01-15,The Hole,1998,https://boxd.it/LDo
2015-01-15,Schizopolis,1996,https://boxd.it/1Keu
2015-01-15,Traffic,2000,https://boxd.it/27Ue
2015-01-16,Venus in Fur,2013,https://boxd.it/5WhS
2015-01-17,Concussion,2013,https://boxd.it/4VbM
2015-01-17,Blind,2014,https://boxd.it/7dB8
2015-01-18,Bombshell,1933,https://boxd.it/U48
2015-01-18,Edge of the City,1957,https://boxd.it/1cKw
2015-01-18,Parole,1982,https://boxd.it/ak92
2015-01-18,A Tale of Two Cities,1935,https://boxd.it/1I0K
2015-01-18,The Blue Max,1966,https://boxd.it/1ECq
2015-01-18,Rondo,1966,https://boxd.it/7XjO
2015-01-18,Delivery,2004,https://boxd.it/67s8
2015-01-18,Varieté,1985,https://boxd.it/ak9c
2015-01-18,Story of a Love Affair,1950,https://boxd.it/Fda
2015-01-18,Watch on the Rhine,1943,https://boxd.it/2diq
2015-01-18,Backlash,1956,https://boxd.it/aOu
2015-01-18,Fathom,1967,https://boxd.it/Tg8
2015-01-18,Autumn Marathon,1979,https://boxd.it/1qEC
2015-01-18,The Best Man,1964,https://boxd.it/18yw
2015-01-18,Karkalou,1984,https://boxd.it/7BAo
2015-01-18,The Flame and the Arrow,1950,https://boxd.it/1gWm
2015-01-18,The Roman Spring of Mrs. Stone,1961,https://boxd.it/19Wu
2015-01-18,Dear Caroline,1968,https://boxd.it/9Zqm
2015-01-18,The Laughing Policeman,1973,https://boxd.it/1mNU
2015-01-18,Days of Darkness,2007,https://boxd.it/1ya6
2015-01-19,Under the Skin,2013,https://boxd.it/3mDa
2015-01-19,Wrinkles,2011,https://boxd.it/31yI
2015-01-19,The Idiot,1946,https://boxd.it/23SS
2015-01-19,Siege,1978,https://boxd.it/65u2
2015-01-19,A Death of Innocence,1971,https://boxd.it/akKW
2015-01-19,Marriage Italian Style,1964,https://boxd.it/Fs0
2015-01-19,When the Music's Over,1983,https://boxd.it/akL6
2015-01-19,The Last Hunt,1956,https://boxd.it/4aUq
2015-01-20,The Zero Theorem,2013,https://boxd.it/4WDW
2015-01-22,The Captive,2014,https://boxd.it/7bNG
2015-01-23,Camp X-Ray,2014,https://boxd.it/7biI
2015-01-24,Side by Side,2012,https://boxd.it/3Ijm
2015-01-26,Whitewash,2013,https://boxd.it/5mey
2015-01-26,Kids in the Hall: Brain Candy,1996,https://boxd.it/1H18
2015-01-26,Carmen,1983,https://boxd.it/XJe
2015-01-26,Only God Forgives,2013,https://boxd.it/2HBs
2015-01-26,Event Horizon,1997,https://boxd.it/20d8
2015-01-27,Goodbye to Language,2014,https://boxd.it/3PMA
2015-01-28,The Birds and the Bees,1956,https://boxd.it/4H8O
2015-01-28,A Woman's Decision,1975,https://boxd.it/7Ggy
2015-01-28,Strangers When We Meet,1960,https://boxd.it/32I0
2015-01-28,Gagnant,1984,https://boxd.it/aqzU
2015-01-28,Half a Life,1982,https://boxd.it/3Vqg
2015-02-06,Night at the Museum: Battle of the Smithsonian,2009,https://boxd.it/1H7U
2015-02-07,The Company Men,2010,https://boxd.it/SJ4
2015-02-07,The Three Burials of Melquiades Estrada,2005,https://boxd.it/20DK
2015-02-07,Double Jeopardy,1999,https://boxd.it/1WmA
2015-02-07,Date Night,2010,https://boxd.it/2l5a
2015-02-07,House of Tolerance,2011,https://boxd.it/2Yjq
2015-02-08,Amour,2012,https://boxd.it/34Q6
2015-02-08,...And God Created Woman,1956,https://boxd.it/20c0
2015-02-08,A Man and a Woman,1966,https://boxd.it/Wb6
2015-02-08,Samurai Rebellion,1967,https://boxd.it/2loc
2015-02-08,Mexican Bus Ride,1952,https://boxd.it/R3w
2015-02-08,Maria's Lovers,1984,https://boxd.it/2HGi
2015-02-08,Irma la Douce,1963,https://boxd.it/26sI
2015-02-08,Stromboli,1950,https://boxd.it/24Js
2015-02-09,Lincoln,2012,https://boxd.it/2n2s
2015-02-11,Transcendence,2014,https://boxd.it/4VSQ
2015-02-15,Gone Girl,2014,https://boxd.it/6hQu
2015-02-15,Gemma Bovery,2014,https://boxd.it/8e0a
2015-02-15,The Way Way Back,2013,https://boxd.it/4Gwq
2015-02-15,Harakiri,1962,https://boxd.it/1NTU
2015-02-15,The Fortune Cookie,1966,https://boxd.it/27W0
2015-02-15,Tender Is the Night,1962,https://boxd.it/41Pm
2015-02-15,We Want the Colonels,1973,https://boxd.it/EUi
2015-02-15,The Cure,1917,https://boxd.it/wBM
2015-02-15,The 10th Victim,1965,https://boxd.it/38w
2015-02-15,Twisted Nerve,1968,https://boxd.it/pXG
2015-02-15,Norma Rae,1979,https://boxd.it/10Ow
2015-02-15,"A Man, a Woman and a Bank",1979,https://boxd.it/wzm
2015-02-15,The Scapegoat,1959,https://boxd.it/49YG
2015-02-15,The Hot Month of August,1966,https://boxd.it/7EoK
2015-02-15,American Hot Wax,1978,https://boxd.it/Xuo
2015-02-15,Blithe Spirit,1945,https://boxd.it/1FLo
2015-02-15,Casanova '70,1965,https://boxd.it/25hY
2015-02-15,Lured,1947,https://boxd.it/1lBS
2015-02-15,Gold Diggers of 1935,1935,https://boxd.it/TjQ
2015-02-15,Buchanan Rides Alone,1958,https://boxd.it/VfQ
2015-02-15,Madonna of the Seven Moons,1945,https://boxd.it/2RfQ
2015-02-15,Stand-In,1937,https://boxd.it/3WRs
2015-02-15,Up to His Ears,1965,https://boxd.it/cVW
2015-02-16,Birdman or (The Unexpected Virtue of Ignorance),2014,https://boxd.it/5RFA
2015-02-16,Juarez,1939,https://boxd.it/2Ifs
2015-02-16,The Flight of Dragons,1982,https://boxd.it/1saO
2015-02-16,Stay Hungry,1976,https://boxd.it/23d6
2015-02-16,Strike Up the Band,1940,https://boxd.it/TvC
2015-02-16,Bite the Bullet,1975,https://boxd.it/1gP6
2015-02-16,Loot,1970,https://boxd.it/5YZM
2015-02-16,One Million Years B.C.,1966,https://boxd.it/2596
2015-02-16,The Sterile Cuckoo,1969,https://boxd.it/u9w
2015-02-16,The Merchant of Venice,1980,https://boxd.it/3Yp6
2015-02-16,The Good Earth,1937,https://boxd.it/1a7W
2015-02-16,The Big Mouth,1967,https://boxd.it/3pyi
2015-02-16,I Walk the Line,1970,https://boxd.it/2nhC
2015-02-16,Goodbye Again,1961,https://boxd.it/2XAq
2015-02-16,Death of a Bureaucrat,1966,https://boxd.it/TCe
2015-02-16,Accident,1967,https://boxd.it/2AHS
2015-02-16,Do You Remember Dolly Bell?,1981,https://boxd.it/EPW
2015-02-20,Nightcrawler,2014,https://boxd.it/780m
2015-02-20,In Bruges,2008,https://boxd.it/20n8
2015-02-20,The Reader,2008,https://boxd.it/20Dq
2015-02-20,Revolutionary Road,2008,https://boxd.it/24Le
2015-02-20,Finding Neverland,2004,https://boxd.it/29pW
2015-02-21,"Two Days, One Night",2014,https://boxd.it/6A58
2015-02-22,Palo Alto,2013,https://boxd.it/5Nzy
2015-02-22,Boyhood,2014,https://boxd.it/3178
2015-02-23,The Judge,2014,https://boxd.it/6aiU
2015-02-23,The Road,2009,https://boxd.it/1CWI
2015-02-23,A Civil Action,1998,https://boxd.it/1YIS
2015-02-24,Songs of Love and Hate,2010,https://boxd.it/3pVG
2015-02-26,Three Kings,1999,https://boxd.it/21IG
2015-03-02,Foxcatcher,2014,https://boxd.it/35Di
2015-03-02,Movie 43,2013,https://boxd.it/37qK
2015-03-02,Contagion,2011,https://boxd.it/13rq
2015-03-03,Your Sister's Sister,2011,https://boxd.it/2Y04
2015-03-03,The Holiday,2006,https://boxd.it/28ye
2015-03-03,Head Above Water,1996,https://boxd.it/1UDk
2015-03-03,Orlando,1992,https://boxd.it/1Z1K
2015-03-03,Sniper,1993,https://boxd.it/1Ypw
2015-03-03,Daredevil,2003,https://boxd.it/1YzG
2015-03-06,Players,1979,https://boxd.it/6pQs
2015-03-06,Another Fine Mess,1930,https://boxd.it/CGS
2015-03-06,The Wise Guys,1965,https://boxd.it/2yY8
2015-03-06,The Wings of the Dove,1981,https://boxd.it/9mY
2015-03-06,The Odd Couple,1968,https://boxd.it/1U32
2015-03-06,Man of Marble,1977,https://boxd.it/2aQ0
2015-03-07,Parkland,2013,https://boxd.it/6fQs
2015-03-07,Summer of Sam,1999,https://boxd.it/1WE0
2015-03-07,Malcolm X,1992,https://boxd.it/27WE
2015-03-07,He Got Game,1998,https://boxd.it/1YBs
2015-03-07,Clockers,1995,https://boxd.it/1D7w
2015-03-07,Jungle Fever,1991,https://boxd.it/28fG
2015-03-07,Mo' Better Blues,1990,https://boxd.it/Yrq
2015-03-07,Crooklyn,1994,https://boxd.it/1efg
2015-03-07,School Daze,1988,https://boxd.it/19Vw
2015-03-08,Love Is Strange,2014,https://boxd.it/7aRW
2015-03-08,Harry and the Hendersons,1987,https://boxd.it/1ZqK
2015-03-08,Maps to the Stars,2014,https://boxd.it/4WCu
2015-03-08,Dan in Real Life,2007,https://boxd.it/218y
2015-03-08,Ghosted,2009,https://boxd.it/vBc
2015-03-09,The Jacket,2005,https://boxd.it/1Y6a
2015-03-09,Citizenfour,2014,https://boxd.it/9eSe
2015-03-10,The Imitation Game,2014,https://boxd.it/6aig
2015-03-13,Stories We Tell,2012,https://boxd.it/4c4Q
2015-03-13,Vampyr,1932,https://boxd.it/29DY
2015-03-14,Marie Antoinette,2006,https://boxd.it/27Wa
2015-03-14,Spider-Man,2002,https://boxd.it/2a8i
2015-03-14,Spider-Man 2,2004,https://boxd.it/2a88
2015-03-14,Airplane II: The Sequel,1982,https://boxd.it/26uu
2015-03-14,Wonder Boys,2000,https://boxd.it/1USE
2015-03-15,The Oranges,2011,https://boxd.it/39gC
2015-03-15,Anna Karenina,2012,https://boxd.it/3lyy
2015-03-15,The Picture of Dorian Gray,1945,https://boxd.it/1JXe
2015-03-15,Mathias Kneißl,1971,https://boxd.it/8KOw
2015-03-15,The Marathon Family,1982,https://boxd.it/1nsI
2015-03-15,Silver Streak,1976,https://boxd.it/1TyI
2015-03-15,The Big Country,1958,https://boxd.it/1RQU
2015-03-15,The Joker,1960,https://boxd.it/4y1a
2015-03-15,Eternally Yours,1939,https://boxd.it/2Dus
2015-03-15,City Beneath the Sea,1971,https://boxd.it/Gkc
2015-03-15,Solo Sunny,1980,https://boxd.it/27Tg
2015-03-15,Non-Stop,2014,https://boxd.it/6FtO
2015-03-15,Force Majeure,2014,https://boxd.it/7UcA
2015-03-16,An Ideal Husband,1947,https://boxd.it/1gSk
2015-03-16,Heroes,1977,https://boxd.it/2UPM
2015-03-16,The Reluctant Debutante,1958,https://boxd.it/1qS
2015-03-16,The Bad and the Beautiful,1952,https://boxd.it/1h3M
2015-03-16,The Sandpiper,1965,https://boxd.it/2Ho4
2015-03-16,Wolf Lake,1980,https://boxd.it/7OxC
2015-03-16,La Traversée de Paris,1956,https://boxd.it/1Fx2
2015-03-16,The Quiller Memorandum,1966,https://boxd.it/O5O
2015-03-16,Romeo and Juliet,1966,https://boxd.it/76gi
2015-03-16,Cimarron,1960,https://boxd.it/MKq
2015-03-16,Blackboard Jungle,1955,https://boxd.it/1tJg
2015-03-16,3:10 to Yuma,1957,https://boxd.it/1OCU
2015-03-16,The Big Heat,1953,https://boxd.it/1NNM
2015-03-16,Gilda,1946,https://boxd.it/251G
2015-03-16,The Teahouse of the August Moon,1956,https://boxd.it/UNM
2015-03-16,The Four Horsemen of the Apocalypse,1962,https://boxd.it/Dzo
2015-03-16,Young Man with a Horn,1950,https://boxd.it/1dA8
2015-03-16,10 Rillington Place,1971,https://boxd.it/1uig
2015-03-16,Connecting Rooms,1970,https://boxd.it/6CAC
2015-03-16,The Last Sunset,1961,https://boxd.it/Mpi
2015-03-16,Without Love,1945,https://boxd.it/1hWW
2015-03-16,Yankee Doodle Dandy,1942,https://boxd.it/25LO
2015-03-16,Love Me or Leave Me,1955,https://boxd.it/11iG
2015-03-16,Hurricane Smith,1952,https://boxd.it/5qoW
2015-03-16,The Carey Treatment,1972,https://boxd.it/2onm
2015-03-16,Windfall in Athens,1954,https://boxd.it/60eo
2015-03-16,Miss Julie,1951,https://boxd.it/1GxW
2015-03-16,The Birch Wood,1970,https://boxd.it/WE8
2015-03-16,The Day of the Locust,1975,https://boxd.it/23l0
2015-03-16,Dames,1934,https://boxd.it/Ti4
2015-03-16,The Night They Raided Minsky's,1968,https://boxd.it/Wnm
2015-03-16,Warning Shot,1967,https://boxd.it/385S
2015-03-16,The Green Berets,1968,https://boxd.it/1AFq
2015-03-16,Two-Minute Warning,1976,https://boxd.it/21li
2015-03-16,A Nos Amours,1983,https://boxd.it/271I
2015-03-16,Loulou,1980,https://boxd.it/13Jk
2015-03-16,Under the Sun of Satan,1987,https://boxd.it/1joW
2015-03-16,Police,1985,https://boxd.it/21Ok
2015-03-16,Naked Childhood,1968,https://boxd.it/1jj8
2015-03-16,Get Crazy,1983,https://boxd.it/1n3e
2015-03-16,Water,1985,https://boxd.it/1FE8
2015-03-16,A Farewell to Arms,1957,https://boxd.it/2Nd2
2015-03-16,Priest of Love,1981,https://boxd.it/FbS
2015-03-16,Third Person,2013,https://boxd.it/5NAQ
2015-03-17,Detachment,2011,https://boxd.it/2BiY
2015-03-17,Leap Year,2010,https://boxd.it/1wdC
2015-03-17,Word Wars,2004,https://boxd.it/1qf8
2015-03-17,Spellbound,2002,https://boxd.it/1JS4
2015-03-17,15 Minutes,2001,https://boxd.it/26nS
2015-03-17,I Served the King of England,2006,https://boxd.it/1RIw
2015-03-17,King of California,2007,https://boxd.it/22Hu
2015-03-19,The Ides of March,2011,https://boxd.it/1WyG
2015-03-19,The Go Masters,1982,https://boxd.it/XES
2015-03-20,Interstellar,2014,https://boxd.it/4VZ8
2015-03-21,Vampire Academy,2014,https://boxd.it/67qw
2015-03-23,Illumination,1973,https://boxd.it/4Rwm
2015-03-23,Flesh and the Devil,1926,https://boxd.it/15r8
2015-03-23,Tovarich,1937,https://boxd.it/eCC
2015-03-23,A Man for All Seasons,1966,https://boxd.it/29oE
2015-03-23,White Feather,1955,https://boxd.it/4ae0
2015-03-23,Bandolero!,1968,https://boxd.it/YlW
2015-03-23,Night Train,1959,https://boxd.it/14VG
2015-03-23,San Francisco,1936,https://boxd.it/TlC
2015-03-23,Zazie dans le Métro,1960,https://boxd.it/26Co
2015-03-23,A Year of the Quiet Sun,1984,https://boxd.it/XKQ
2015-03-23,I am Blushing,1981,https://boxd.it/aUna
2015-03-23,The Gazebo,1959,https://boxd.it/288q
2015-03-23,Angi Vera,1978,https://boxd.it/Kh2
2015-03-23,Mania,1985,https://boxd.it/8W2a
2015-03-23,Morituri,1965,https://boxd.it/W9k
2015-03-23,The Wild Child,1970,https://boxd.it/28rW
2015-03-23,The Ghost Goes West,1935,https://boxd.it/4idu
2015-03-23,The Man from Laramie,1955,https://boxd.it/1HgC
2015-03-23,The Front,1976,https://boxd.it/28e4
2015-03-23,Great Expectations,1946,https://boxd.it/1OjS
2015-03-23,Absurd Person Singular,1985,https://boxd.it/aUnE
2015-03-23,The Little Match Girl,1928,https://boxd.it/1aXS
2015-03-23,That's Entertainment!,1974,https://boxd.it/1eUy
2015-03-24,Begin Again,2013,https://boxd.it/5Ybs
2015-03-24,Friends with Money,2006,https://boxd.it/1ZpC
2015-03-24,Peter's Friends,1992,https://boxd.it/1T52
2015-03-24,Grace of Monaco,2014,https://boxd.it/6pkw
2015-03-24,"I, Claudius",1976,https://boxd.it/6bFU
2015-03-26,Lucy,2014,https://boxd.it/75hu
2015-03-26,A Life in Suitcases: A History of Tulse Luper,2005,https://boxd.it/25JS
2015-03-26,Wittgenstein,1993,https://boxd.it/jeK
2015-03-26,Caravaggio,1986,https://boxd.it/1DjC
2015-03-26,The Garden,1990,https://boxd.it/3J5A
2015-03-26,Big Hero 6,2014,https://boxd.it/5rje
2015-03-28,The One I Love,2014,https://boxd.it/77gy
2015-03-28,+1,2013,https://boxd.it/5p4m
2015-03-28,Whiplash,2014,https://boxd.it/7bQA
2015-03-29,The Drop,2014,https://boxd.it/4Rrc
2015-03-29,Frank,2014,https://boxd.it/5hII
2015-03-31,Set Fire to the Stars,2014,https://boxd.it/8tlW
2015-03-31,Pasolini,2014,https://boxd.it/8LIk
2015-05-09,Perfume: The Story of a Murderer,2006,https://boxd.it/28LW
2015-05-09,Scary Movie 4,2006,https://boxd.it/24B4
2015-05-17,The Trip,2010,https://boxd.it/6Bc
2015-05-18,The Trip to Italy,2014,https://boxd.it/77go
2015-06-04,Wild Things: Foursome,2010,https://boxd.it/17HM
2015-06-04,Anacondas: Trail of Blood,2009,https://boxd.it/1EXy
2015-06-04,Piranha 3D,2010,https://boxd.it/U5q
2015-06-04,Cemetery Junction,2010,https://boxd.it/19MY
2015-06-04,Dark Country,2009,https://boxd.it/1ziA
2015-06-04,Samba,2014,https://boxd.it/84xI
2015-06-05,Kingsman: The Secret Service,2014,https://boxd.it/6dxe
2015-06-05,Tuvalu,1999,https://boxd.it/20A2
2015-06-06,Inherent Vice,2014,https://boxd.it/5hla
2015-06-06,Star Trek Into Darkness,2013,https://boxd.it/uYE
2015-06-07,Wish I Was Here,2014,https://boxd.it/6Pf8
2015-06-07,Undress Me,2012,https://boxd.it/7mXW
2015-06-08,American Sniper,2014,https://boxd.it/5LDy
2015-06-09,The World's End,2013,https://boxd.it/3EiO
2015-06-13,The Theory of Everything,2014,https://boxd.it/7YtA
2015-06-13,Top Five,2014,https://boxd.it/8NhU
2015-06-14,The Blue Room,2014,https://boxd.it/7Wng
2015-06-14,Big Eyes,2014,https://boxd.it/36ms
2015-06-14,We Own the Night,2007,https://boxd.it/27F4
2015-06-14,Baby Shark,2005,https://boxd.it/9z9u
2015-06-14,I Was a Swiss Banker,2007,https://boxd.it/2CkQ
2015-06-14,"I Love You, I Don't",1976,https://boxd.it/244O
2015-06-15,The Disappearance of Eleanor Rigby: Him,2013,https://boxd.it/8pIs
2015-06-15,The Disappearance of Eleanor Rigby: Her,2013,https://boxd.it/8m8Q
2015-06-15,The Disappearance of Eleanor Rigby: Them,2014,https://boxd.it/4WEq
2015-06-16,Frequencies,2013,https://boxd.it/6unK
2015-06-18,The Brussels Business,2012,https://boxd.it/5tXK
2015-06-18,The Beat That My Heart Skipped,2005,https://boxd.it/28CK
2015-06-23,While We're Young,2014,https://boxd.it/7oOs
2015-07-03,The Best Little Whorehouse in Texas,1982,https://boxd.it/1Kgg
2015-07-03,The French Minister,2013,https://boxd.it/6g08
2015-07-04,The Pursuit of Happyness,2006,https://boxd.it/28PE
2015-07-04,Take Shelter,2011,https://boxd.it/DQ
2015-07-10,Standby,2014,https://boxd.it/9zi2
2015-07-10,Danny Collins,2015,https://boxd.it/7A7U
2015-07-12,Ex Machina,2015,https://boxd.it/7T2k
2015-07-14,Focus,2015,https://boxd.it/7zl2
2015-07-14,Just Before I Go,2014,https://boxd.it/7D6A
2015-07-14,Home,2015,https://boxd.it/6JxA
2015-07-16,Pride,2014,https://boxd.it/6TwM
2015-07-24,The Salt of the Earth,2014,https://boxd.it/7Uyc
2015-07-25,The Words,2012,https://boxd.it/2Wpw
2015-07-25,Brideshead Revisited,1981,https://boxd.it/fFik
2015-07-25,Twin Peaks,1989,https://boxd.it/g8pk
2015-07-25,The Alphabet,1969,https://boxd.it/Ssi
2015-07-26,The Nest,2013,https://boxd.it/8wo0
2015-07-26,Camera,2000,https://boxd.it/3rAK
2015-07-26,Thief,1981,https://boxd.it/1TEc
2015-07-28,Roger Dodger,2002,https://boxd.it/1QaI
2015-07-31,Kes,1969,https://boxd.it/1Qi8
2015-07-31,Sophie's Choice,1982,https://boxd.it/1Lzy
2015-08-01,Full Frontal,2002,https://boxd.it/1MEu
2015-08-01,God's Pocket,2014,https://boxd.it/7bj2
2015-08-03,The Dance of Reality,2013,https://boxd.it/4qFw
2015-08-04,Lorna's Silence,2008,https://boxd.it/1ZDu
2015-08-08,Before the Winter Chill,2013,https://boxd.it/6vd2
2015-08-08,To Each His Own Cinema,2007,https://boxd.it/1bju
2015-08-08,Unfriended,2014,https://boxd.it/8sXg
2015-08-08,Submarine,2010,https://boxd.it/H4a
2015-08-15,Alter Egos,2012,https://boxd.it/49cM
2015-08-17,Top of the Lake,2013,https://boxd.it/5M4Y
2015-08-17,The DUFF,2015,https://boxd.it/8eP8
2015-08-17,Hot Girls Wanted,2015,https://boxd.it/aitE
2015-08-23,(500) Days of Summer,2009,https://boxd.it/1EmM
2015-09-22,Smoke,1995,https://boxd.it/1WY0
2015-09-28,The Mascot,1933,https://boxd.it/2fgc
2015-09-28,Red Hot Riding Hood,1943,https://boxd.it/RSu
2015-09-28,A Wild Hare,1940,https://boxd.it/4C6o
2015-09-28,Little Rural Riding Hood,1949,https://boxd.it/355U
2015-09-28,Who Killed Who?,1943,https://boxd.it/3644
2015-09-28,Dumb-Hounded,1943,https://boxd.it/2Zc6
2015-09-28,Bad Luck Blackie,1949,https://boxd.it/2YUw
2015-09-28,King-Size Canary,1947,https://boxd.it/2ZzY
2015-09-28,I Love to Singa,1936,https://boxd.it/2WKO
2015-09-28,Tortoise Beats Hare,1941,https://boxd.it/3r8m
2015-09-28,Blitz Wolf,1942,https://boxd.it/2YTI
2015-09-28,Northwest Hounded Police,1946,https://boxd.it/354M
2015-09-28,Screwball Squirrel,1944,https://boxd.it/36aw
2015-09-28,Symphony in Slang,1951,https://boxd.it/369S
2015-09-28,Daffy Duck in Hollywood,1938,https://boxd.it/3A36
2015-09-28,Hollywood Steps Out,1941,https://boxd.it/3rh4
2015-09-28,Magical Maestro,1952,https://boxd.it/3556
2015-09-28,The Heckling Hare,1941,https://boxd.it/3ra8
2015-09-28,Out-Foxed,1949,https://boxd.it/352c
2015-09-28,Swing Shift Cinderella,1945,https://boxd.it/36a2
2015-09-28,Señor Droopy,1949,https://boxd.it/36am
2015-09-28,All This and Rabbit Stew,1941,https://boxd.it/6aFE
2015-09-28,Deputy Droopy,1955,https://boxd.it/2Zec
2015-09-28,The Shooting of Dan McGoo,1945,https://boxd.it/366Y
2015-09-28,The House of Tomorrow,1949,https://boxd.it/367C
2015-10-19,Welcome to Me,2014,https://boxd.it/8NUs
2015-10-19,Still Alice,2014,https://boxd.it/8Nhq
2015-10-19,Listen Up Philip,2014,https://boxd.it/7niK
2015-10-20,Tyrannosaur,2011,https://boxd.it/2DUA
2015-10-22,The Pope of Greenwich Village,1984,https://boxd.it/1hLO
2015-10-22,Da Sweet Blood of Jesus,2014,https://boxd.it/8uIC
2015-10-23,Leviathan,2014,https://boxd.it/7Ub8
2015-10-25,A Million Ways to Die in the West,2014,https://boxd.it/5H9k
2015-10-25,The East,2013,https://boxd.it/35Cu
2015-10-25,Particle Fever,2013,https://boxd.it/64y8
2015-10-26,Predestination,2014,https://boxd.it/6bJM
2015-10-26,The Double,2013,https://boxd.it/4DLW
2015-10-27,AD/BC: A Rock Opera,2004,https://boxd.it/1rAc
2015-10-27,The Informant!,2009,https://boxd.it/1U8c
2015-10-27,John Wick,2014,https://boxd.it/7dEc
2015-10-28,Drive Angry,2011,https://boxd.it/KZy
2015-10-28,The Good Son,1993,https://boxd.it/1Z6g
2015-10-28,The Getaway,1994,https://boxd.it/2wyM
2015-10-28,Extreme Measures,1996,https://boxd.it/1UaW
2015-10-28,The Negotiator,1998,https://boxd.it/1YbO
2015-10-28,Dad,1989,https://boxd.it/1C92
2015-10-28,The Big Kahuna,1999,https://boxd.it/1LEo
2015-10-28,Late Bloomer,2004,https://boxd.it/2oTs
2015-10-29,Stand Up Guys,2012,https://boxd.it/41DA
2015-10-29,Waiting...,2005,https://boxd.it/20Pw
2015-10-29,Le manoir du diable,1896,https://boxd.it/4jBs
2015-11-01,Cold Souls,2009,https://boxd.it/1lIE
2015-11-02,Adam Resurrected,2008,https://boxd.it/1GO4
2015-11-02,Powder,1995,https://boxd.it/1Rso
2015-11-02,American Gigolo,1980,https://boxd.it/26l8
2015-11-02,Affliction,1997,https://boxd.it/1iAM
2015-11-04,Geography Club,2013,https://boxd.it/5W58
2015-11-06,Tusk,2014,https://boxd.it/7eoa
2015-11-09,Barney's Version,2010,https://boxd.it/MdG
2015-11-09,That Sinking Feeling,1979,https://boxd.it/1tdu
2015-11-09,An Education,2009,https://boxd.it/1xcg
2015-11-14,Gregory's Girl,1980,https://boxd.it/1BpI
2015-11-15,Local Hero,1983,https://boxd.it/1Uiw
2015-11-15,Oscar,1991,https://boxd.it/1SQw
2015-11-15,Vera Cruz,1954,https://boxd.it/1RhA
2015-11-15,Gunfight at the O.K. Corral,1957,https://boxd.it/1ATs
2015-11-15,The Island of Dr. Moreau,1977,https://boxd.it/1sRe
2015-11-15,Trapeze,1956,https://boxd.it/11EM
2015-11-15,The Fallen Idol,1948,https://boxd.it/1BzI
2015-11-15,Our Man in Havana,1959,https://boxd.it/1vIa
2015-11-15,Conversation Piece,1974,https://boxd.it/pQ6
2015-11-15,Xenia,2014,https://boxd.it/7Wq0
2015-11-16,This Must Be the Place,2011,https://boxd.it/ws6
2015-11-20,Youth,2015,https://boxd.it/9Y7S
2015-11-21,Cobra,1986,https://boxd.it/1XDM
2015-11-21,Stop! Or My Mom Will Shoot,1992,https://boxd.it/1XDs
2015-11-21,Get Carter,2000,https://boxd.it/1WcU
2015-11-21,Cannonball,1976,https://boxd.it/1Cew
2015-11-21,Demolition Man,1993,https://boxd.it/1XVm
2015-11-21,Daylight,1996,https://boxd.it/1UjE
2015-11-23,Trust Me,2013,https://boxd.it/5meI
2015-11-25,At Middleton,2013,https://boxd.it/5RU6
2015-11-25,El Mariachi,1992,https://boxd.it/1YRq
2015-11-26,The Trial,1993,https://boxd.it/2jdc
2015-11-26,A Most Violent Year,2014,https://boxd.it/75Va
2015-11-26,Bridesmaids,2011,https://boxd.it/rac
2015-11-26,Trainwreck,2015,https://boxd.it/8bdA
2015-11-26,The New Girlfriend,2014,https://boxd.it/8LM2
2015-11-26,Pixels,2015,https://boxd.it/7BaA
2015-11-27,Comet,2014,https://boxd.it/8r08
2015-11-27,Silver Linings Playbook,2012,https://boxd.it/2TTo
2015-11-27,Wreck-It Ralph,2012,https://boxd.it/2TTS
2015-11-28,The Addams Family,1991,https://boxd.it/267g
2015-11-28,Monster,2003,https://boxd.it/2afy
2015-11-28,It's Such a Beautiful Day,2012,https://boxd.it/hCY2
2015-11-28,Frances Ha,2012,https://boxd.it/41Xg
2015-11-28,Kirikou and the Sorceress,1998,https://boxd.it/1C3y
2015-11-29,Ratcatcher,1999,https://boxd.it/1mSg
2015-11-29,Morvern Callar,2002,https://boxd.it/1GDU
2015-11-29,We Need to Talk About Kevin,2011,https://boxd.it/2pTS
2015-11-29,Swimmer,2012,https://boxd.it/53Z6
2015-11-29,Bottle Rocket,1993,https://boxd.it/pP8
2015-11-29,Cousin Ben Troop Screening,2012,https://boxd.it/49SS
2015-11-29,"The Chronicles of Narnia: The Lion, the Witch and the Wardrobe",2005,https://boxd.it/2ark
2015-12-01,We'll Take Manhattan,2012,https://boxd.it/32gq
2015-12-07,Side Effects,2013,https://boxd.it/3GA6
2015-12-08,The Visitor,2007,https://boxd.it/1RVq
2015-12-10,Tomorrowland,2015,https://boxd.it/4YaC
2015-12-13,Inside Out,2015,https://boxd.it/4KHC
2015-12-15,Syndromes and a Century,2006,https://boxd.it/1qHQ
2015-12-21,Star Wars: Episode I – The Phantom Menace,1999,https://boxd.it/27Vc
2015-12-21,Star Wars: Episode II – Attack of the Clones,2002,https://boxd.it/27V2
2015-12-21,Star Wars: Episode III – Revenge of the Sith,2005,https://boxd.it/27US
2015-12-21,Return of the Jedi,1983,https://boxd.it/27Vm
2015-12-24,Beautiful Creatures,2013,https://boxd.it/3GIk
2015-12-27,The Girlfriend Experience,2009,https://boxd.it/1IeW
2015-12-27,Haywire,2011,https://boxd.it/2tx2
2015-12-27,It's a Disaster,2012,https://boxd.it/3PvO
2015-12-29,Michael Clayton,2007,https://boxd.it/2466
2015-12-30,Mortdecai,2015,https://boxd.it/6ioc
2016-01-02,Woman in Gold,2015,https://boxd.it/9HN8
2016-01-02,Startup.com,2001,https://boxd.it/1Oqa
2016-01-04,Project Almanac,2015,https://boxd.it/6IP4
2016-01-04,Sound of My Voice,2011,https://boxd.it/34U8
2016-01-04,Lovelace,2013,https://boxd.it/2H7W
2016-01-05,Choke,2008,https://boxd.it/1P0i
2016-01-05,And Everything Is Going Fine,2010,https://boxd.it/CSk
2016-01-08,Blackhat,2015,https://boxd.it/62Te
2016-01-08,Man Up,2015,https://boxd.it/aWkW
2016-01-10,Chappie,2015,https://boxd.it/5Y3e
2016-01-10,Fantastic Planet,1973,https://boxd.it/1KnQ
2016-01-12,Thumbsucker,2005,https://boxd.it/28DS
2016-01-13,Beginners,2010,https://boxd.it/s2S
2016-01-14,Animal Kingdom,2010,https://boxd.it/Ru8
2016-01-16,In a World...,2013,https://boxd.it/4VRI
2016-01-16,Hollywood Homicide,2003,https://boxd.it/1TZY
2016-01-16,Tin Cup,1996,https://boxd.it/1Waa
2016-01-16,Cobb,1994,https://boxd.it/1meg
2016-01-16,White Men Can't Jump,1992,https://boxd.it/1WWy
2016-01-16,Burnt,2015,https://boxd.it/9mVg
2016-01-21,A Sweet Sickness,1968,https://boxd.it/38Ty
2016-01-21,The Bothersome Man,2006,https://boxd.it/1QpS
2016-01-23,Fallen Heroes,2007,https://boxd.it/2SVo
2016-01-23,Behind Closed Doors,2014,https://boxd.it/9sOq
2016-01-23,A Good Old Fashioned Orgy,2011,https://boxd.it/2v8e
2016-01-23,Ashby,2015,https://boxd.it/aNRi
2016-01-23,What Happens in Vegas,2008,https://boxd.it/1Zlq
2016-01-23,Fifty Shades of Grey,2015,https://boxd.it/6qLo
2016-01-24,Bizarre,2015,https://boxd.it/ai0M
2016-01-24,Destricted,2006,https://boxd.it/6eGG
2016-01-24,I Stand Alone,1998,https://boxd.it/28Au
2016-01-24,Love,2015,https://boxd.it/9brE
2016-01-25,Ma mère,2004,https://boxd.it/ISU
2016-01-27,The Thirteenth Floor,1999,https://boxd.it/294Y
2016-01-27,Entr'acte,1924,https://boxd.it/RRG
2016-01-27,Antonio das Mortes,1969,https://boxd.it/2Bcm
2016-02-09,The Revenant,2015,https://boxd.it/8H5e
2016-02-15,Frozen,2010,https://boxd.it/S8M
2016-02-21,Stations of the Cross,2014,https://boxd.it/7uqQ
2016-02-21,The Intern,2015,https://boxd.it/7AOE
2016-02-22,Our Brand Is Crisis,2015,https://boxd.it/1Wyw
2016-02-24,Steve Jobs,2015,https://boxd.it/araG
2016-02-26,Rock the Kasbah,2015,https://boxd.it/7r8a
2016-02-28,The Lobster,2015,https://boxd.it/7tnw
2016-02-28,X+Y,2014,https://boxd.it/8uC0
2016-02-28,Made in Dagenham,2010,https://boxd.it/NSg
2016-02-28,Indiana Jones and the Kingdom of the Crystal Skull,2008,https://boxd.it/2aR8
2016-02-29,Nashville,1975,https://boxd.it/25GE
2016-02-29,Coma,1978,https://boxd.it/1Uks
2016-03-05,Shaolin Soccer,2001,https://boxd.it/1T86
2016-03-06,"Jeanne Dielman, 23, quai du Commerce, 1080 Bruxelles",1975,https://boxd.it/T18
2016-03-06,The Little Death,2014,https://boxd.it/8qLM
2016-03-07,Homesick,2015,https://boxd.it/9SF0
2016-03-07,Shirley: Visions of Reality,2013,https://boxd.it/6blU
2016-03-07,La Jetée,1962,https://boxd.it/29Sk
2016-03-08,Hunger,2008,https://boxd.it/1Wso
2016-03-11,Homeland,2010,https://boxd.it/4iaA
2016-03-11,A Blast,2014,https://boxd.it/8QWc
2016-03-12,Me and Earl and the Dying Girl,2015,https://boxd.it/9SAE
2016-03-12,Amour Fou,2014,https://boxd.it/7Woo
2016-03-13,Anything for Her,2008,https://boxd.it/1NR0
2016-03-17,Strings,2004,https://boxd.it/1C9c
2016-03-30,unReal,2015,https://boxd.it/bN4s
2016-03-31,The Big Short,2015,https://boxd.it/ajZw
2016-03-31,The Lady in the Van,2015,https://boxd.it/aKhG
2016-03-31,Ordinary People,1980,https://boxd.it/1JTm
2016-04-02,The Last of Robin Hood,2013,https://boxd.it/6nyG
2016-04-02,Love Me,2014,https://boxd.it/anXY
2016-04-10,The Honey Pot,1967,https://boxd.it/euo
2016-04-10,Kill Your Friends,2015,https://boxd.it/akfu
2016-04-19,Free the Nipple,2014,https://boxd.it/9mgC
2016-04-19,Devil,2010,https://boxd.it/SX6
2016-04-19,Playing for Keeps,2012,https://boxd.it/2Hmi
2016-04-23,Sexual Chronicles of a French Family,2012,https://boxd.it/3Lho
2016-04-23,Haramiste,2015,https://boxd.it/bBCs
2016-04-26,Roald Dahl's Esio Trot,2015,https://boxd.it/a72s
2016-04-26,Roméo et Juliette,2014,https://boxd.it/8NJE
2016-04-26,Ant-Man,2015,https://boxd.it/3vmW
2016-04-26,Tangerine,2015,https://boxd.it/9QRe
2016-04-29,My Old Lady,2014,https://boxd.it/8I8S
2016-04-29,The Strawberry Statement,1970,https://boxd.it/Aaq
2016-05-23,Home Sweet Home,2013,https://boxd.it/5TKM
2016-05-23,Friday Night Lights,2004,https://boxd.it/1Qdi
2016-05-24,Deadpool,2016,https://boxd.it/9fOC
2016-05-26,Salmon Fishing in the Yemen,2011,https://boxd.it/2Ptc
2016-05-26,Snowmageddon,2011,https://boxd.it/2PYY
2016-05-27,He Never Died,2015,https://boxd.it/8yvW
2016-05-27,Zootopia,2016,https://boxd.it/84xS
2016-05-28,Collapse,2009,https://boxd.it/1pXe
2016-05-30,The Conspirator,2010,https://boxd.it/glI
2016-05-30,Lions for Lambs,2007,https://boxd.it/24dm
2016-05-30,"Hail, Caesar!",2016,https://boxd.it/881G
2016-06-04,The Lover,1992,https://boxd.it/1UU6
2016-06-04,Quest for Fire,1981,https://boxd.it/bRu
2016-06-04,The Bear,1988,https://boxd.it/26Ps
2016-06-04,The Wicker Man,1973,https://boxd.it/1KnG
2016-06-05,Anomalisa,2015,https://boxd.it/97TE
2016-06-07,The Sum of Us,1994,https://boxd.it/1acC
2016-06-07,Cold in July,2014,https://boxd.it/7biS
2016-06-14,Experimenter,2015,https://boxd.it/9Uis
2016-06-14,The Other Woman,2014,https://boxd.it/5Q3U
2016-06-14,Autumn in New York,2000,https://boxd.it/1VKG
2016-06-15,The Little Prince,1974,https://boxd.it/17TI
2016-06-16,Kill Your Darlings,2013,https://boxd.it/4VRS
2016-06-16,Touched with Fire,2015,https://boxd.it/axlK
2016-06-16,Gamer,2009,https://boxd.it/1GQk
2016-06-24,Down Terrace,2009,https://boxd.it/XBY
2016-06-25,Get a Job,2016,https://boxd.it/5EQU
2016-06-28,Reality,2014,https://boxd.it/5txC
2016-06-28,Show Me a Hero,2015,https://boxd.it/blxc
2016-07-02,Alex of Venice,2014,https://boxd.it/7HoI
2016-07-02,Soviet Toys,1924,https://boxd.it/5pxo
2016-07-02,The Oven,2014,https://boxd.it/bSRa
2016-07-12,The Next Three Days,2010,https://boxd.it/UdE
2016-07-12,Human Nature,2001,https://boxd.it/2ani
2016-07-14,Demolition,2015,https://boxd.it/9GuY
2016-07-14,The Walk,2015,https://boxd.it/8Rao
2016-07-16,Batman v Superman: Dawn of Justice,2016,https://boxd.it/6fBW
2016-07-17,The Green Hornet,2011,https://boxd.it/10TQ
2016-07-18,Allegiant,2016,https://boxd.it/7NNE
2016-07-18,Blue in the Face,1995,https://boxd.it/22oW
2016-07-18,Maid in Manhattan,2002,https://boxd.it/210O
2016-07-18,The Joy Luck Club,1993,https://boxd.it/1ElY
2016-07-19,The Brothers Bloom,2008,https://boxd.it/1Bqm
2016-07-21,Brick,2005,https://boxd.it/1Z6A
2016-07-21,American Ultra,2015,https://boxd.it/7KXc
2016-07-22,Elvis & Nixon,2016,https://boxd.it/9Alc
2016-07-23,The Hateful Eight,2015,https://boxd.it/8gw8
2016-07-24,True Story,2015,https://boxd.it/7dmC
2016-07-25,Spotlight,2015,https://boxd.it/a84k
2016-07-25,The Dream Team,1989,https://boxd.it/1NRY
2016-07-25,Johnny Dangerously,1984,https://boxd.it/1JF0
2016-07-26,Girl on the Escalator,2016,https://boxd.it/eiqe
2016-07-26,Safe,1995,https://boxd.it/1gKU
2016-07-27,Hard Candy,2005,https://boxd.it/26vs
2016-07-27,They Came Together,2014,https://boxd.it/5uyQ
2016-07-28,Star Wars: The Force Awakens,2015,https://boxd.it/4vru
2016-07-28,Freeheld,2015,https://boxd.it/9OzM
2016-07-29,Before I Go to Sleep,2014,https://boxd.it/69du
2016-07-29,The Change-Up,2011,https://boxd.it/FRu
2016-07-30,Accidental Love,2015,https://boxd.it/acfG
2016-07-30,Unknown,2011,https://boxd.it/JbW
2016-08-03,The Mascot,2015,https://boxd.it/d3NU
2016-08-03,Home,2016,https://boxd.it/eps2
2016-08-03,The Library Book,2015,https://boxd.it/cHb0
2016-08-04,Boredom,2015,https://boxd.it/do2K
2016-08-04,The Gift,2014,https://boxd.it/do3o
2016-08-04,The Mundane Goddess,2014,https://boxd.it/do3y
2016-08-04,Jump!,2014,https://boxd.it/cltc
2016-08-04,Houdini,1953,https://boxd.it/V6O
2016-08-04,The Count of Monte-Cristo,1975,https://boxd.it/249a
2016-08-04,Taras Bulba,1962,https://boxd.it/Vw8
2016-08-04,The Mirror Crack'd,1980,https://boxd.it/228Y
2016-08-04,Cleopatra,1963,https://boxd.it/20xM
2016-08-04,Quo Vadis,1951,https://boxd.it/1Tpc
2016-08-04,The Taming of the Shrew,1967,https://boxd.it/1vzs
2016-08-04,Ivanhoe,1952,https://boxd.it/1upG
2016-08-04,Little Women,1949,https://boxd.it/Uu6
2016-08-04,The Last Time I Saw Paris,1954,https://boxd.it/mnA
2016-08-04,Gaslight,1944,https://boxd.it/1PYs
2016-08-04,Bedknobs and Broomsticks,1971,https://boxd.it/1S4W
2016-08-04,The Love Bug,1968,https://boxd.it/1OHg
2016-08-04,Herbie Rides Again,1974,https://boxd.it/1VbG
2016-08-04,Old Yeller,1957,https://boxd.it/1AeE
2016-08-04,The Absent-Minded Professor,1961,https://boxd.it/1HKC
2016-08-04,Limelight,1952,https://boxd.it/1osa
2016-08-04,The Wing or the Thigh?,1976,https://boxd.it/29GS
2016-08-04,The Mad Adventures of Rabbi Jacob,1973,https://boxd.it/29H2
2016-08-04,Don't Look Now... We're Being Shot At!,1966,https://boxd.it/20oq
2016-08-04,Le Gendarme de Saint-Tropez,1964,https://boxd.it/23Uk
2016-08-04,The Gendarme and the Creatures from Outer Space,1979,https://boxd.it/1W4w
2016-08-04,The Gendarme and the Gendarmettes,1982,https://boxd.it/1SMu
2016-08-04,The Restaurant,1966,https://boxd.it/1EWU
2016-08-04,The Discord,1978,https://boxd.it/1TDe
2016-08-04,The One Man Band,1970,https://boxd.it/1b9u
2016-08-04,The Miser,1980,https://boxd.it/1TfQ
2016-08-04,"Buffalo Bill and the Indians, or Sitting Bull's History Lesson",1976,https://boxd.it/Xpy
2016-08-04,The Canyons,2013,https://boxd.it/3Hbw
2016-08-04,Eye in the Sky,2015,https://boxd.it/aZg4
2016-08-06,Adventureland,2009,https://boxd.it/1JTQ
2016-08-21,Thank You for Calling,2015,https://boxd.it/cOWM
2016-08-21,Being Julia,2004,https://boxd.it/1Gss
2016-08-21,Jonah Hex,2010,https://boxd.it/1Dkg
2016-08-21,Going the Distance,2010,https://boxd.it/16Pq
2016-08-21,Girl in Progress,2012,https://boxd.it/2TLa
2016-08-21,The Stepford Wives,2004,https://boxd.it/1XBc
2016-08-21,Splice,2009,https://boxd.it/17HW
2016-08-21,Maximum Risk,1996,https://boxd.it/1VcY
2016-08-21,Unlawful Entry,1992,https://boxd.it/1IBc
2016-08-21,Dark Tide,2012,https://boxd.it/hb0
2016-08-21,Break Point,2014,https://boxd.it/7l42
2016-08-21,Walking Distance,2015,https://boxd.it/8nBa
2016-08-21,Bulworth,1998,https://boxd.it/1YE2
2016-08-21,Mephisto,1981,https://boxd.it/1SN8
2016-08-25,Jennifer's Body,2009,https://boxd.it/1Efw
2016-08-25,Police Academy,1984,https://boxd.it/1YWg
2016-08-25,Police Academy 3: Back in Training,1986,https://boxd.it/1Sv4
2016-08-25,Police Academy 4: Citizens on Patrol,1987,https://boxd.it/1VT4
2016-08-25,Police Academy: Mission to Moscow,1994,https://boxd.it/1TAE
2016-08-25,Police Academy 2: Their First Assignment,1985,https://boxd.it/1WWI
2016-08-25,Police Academy 5: Assignment Miami Beach,1988,https://boxd.it/1T02
2016-08-25,Police Academy 6: City Under Siege,1989,https://boxd.it/1SPI
2016-08-25,Money Monster,2016,https://boxd.it/9GCS
2016-08-27,Lazer Team,2015,https://boxd.it/8wHG
2016-08-27,50/50,2011,https://boxd.it/10Tw
2016-08-28,Now You See Me 2,2016,https://boxd.it/99fw
2016-08-28,Brief Interviews with Hideous Men,2009,https://boxd.it/1o5A
2016-08-28,"Good Night, and Good Luck.",2005,https://boxd.it/25vG
2016-08-29,Jack Reacher,2012,https://boxd.it/2BUo
2016-08-29,Equilibrium,2002,https://boxd.it/211s
2016-08-29,Public Enemies,2009,https://boxd.it/1U8m
2016-08-30,Bad Lieutenant,1992,https://boxd.it/1Src
2016-08-30,Bad Lieutenant: Port of Call – New Orleans,2009,https://boxd.it/1TcW
2016-09-01,Kaboom,2010,https://boxd.it/Mco
2016-09-03,We Bought a Zoo,2011,https://boxd.it/2AU8
2016-09-12,Mud,2012,https://boxd.it/3wPA
2016-09-12,Maggie's Plan,2015,https://boxd.it/a3v6
2016-09-13,Trumbo,2015,https://boxd.it/9gG0
2016-09-14,High-Rise,2015,https://boxd.it/7tmo
2016-09-15,Black Mass,2015,https://boxd.it/7K2g
2016-09-16,The American,2010,https://boxd.it/dSE
2016-09-16,Sicario,2015,https://boxd.it/8i7u
2016-09-16,Everybody Wants Some!!,2016,https://boxd.it/9mgM
2016-09-17,The Rum Diary,2011,https://boxd.it/1z8g
2016-09-17,Bernie,2011,https://boxd.it/3eWe
2016-09-17,The Wedding Planner,2001,https://boxd.it/27Cu
2016-09-17,EDtv,1999,https://boxd.it/1U08
2016-09-20,Dough,2015,https://boxd.it/9wne
2016-09-20,It Follows,2014,https://boxd.it/87wo
2016-09-23,White Bird in a Blizzard,2014,https://boxd.it/4WEU
2016-10-16,Cliffhanger,1993,https://boxd.it/1YU0
2016-10-16,The Alamo,1960,https://boxd.it/1UmI
2016-10-16,Paranoia,2013,https://boxd.it/3QnQ
2016-10-16,Safe,2012,https://boxd.it/2oxc
2016-10-16,Switching Channels,1988,https://boxd.it/1t9W
2016-10-17,Curmudgeons,2016,https://boxd.it/dGR2
2016-10-17,Last Action Hero,1993,https://boxd.it/1YhW
2016-10-17,Batman & Robin,1997,https://boxd.it/2ar0
2016-10-17,Erik the Viking,1989,https://boxd.it/1SZy
2016-10-17,Cadillac Man,1990,https://boxd.it/1WVA
2016-10-17,Love,2011,https://boxd.it/uzE
2016-10-17,My Dinner with Andre,1981,https://boxd.it/1vLe
2016-10-22,Adoration,2008,https://boxd.it/1ZE8
2016-10-23,Fantastic Mr. Fox,2009,https://boxd.it/1WyQ
2016-10-24,Our Kind of Traitor,2016,https://boxd.it/6aiK
2016-10-24,Taking Lives,2004,https://boxd.it/1UGI
2016-10-24,Daybreakers,2009,https://boxd.it/1EnA
2016-10-24,The Human Contract,2008,https://boxd.it/1AgU
2016-10-24,A Bigger Splash,2015,https://boxd.it/azgs
2016-10-25,Out of the Furnace,2013,https://boxd.it/572i
2016-10-26,Blue Like Jazz,2012,https://boxd.it/3oc6
2016-10-28,Café Society,2016,https://boxd.it/bhEy
2016-10-28,Playing by Heart,1998,https://boxd.it/29wy
2016-10-29,Jerry Maguire,1996,https://boxd.it/1YNS
2016-10-29,Constantine,2005,https://boxd.it/2a7E
2016-10-30,"10,000 Saints",2015,https://boxd.it/7r6S
2016-10-30,Captain Fantastic,2016,https://boxd.it/b2K2
2016-11-01,A Harlot's Progress,2006,https://boxd.it/4kGy
2016-11-01,Admission,2013,https://boxd.it/4BjQ
2016-11-04,Clouds of Sils Maria,2014,https://boxd.it/7f62
2016-11-04,The Neon Demon,2016,https://boxd.it/9AnW
2016-11-04,Valhalla Rising,2009,https://boxd.it/17lc
2016-11-06,"Joe, the Amazing",1955,https://boxd.it/d1H6
2016-11-06,Madalena,1960,https://boxd.it/5Z7w
2016-11-06,Theodore and the gun,1962,https://boxd.it/9psQ
2016-11-06,The Underdog,1960,https://boxd.it/cIB4
2016-11-06,Astero,1959,https://boxd.it/84Ja
2016-11-06,The Orgies Villa,1964,https://boxd.it/9qXA
2016-11-06,"A Crazy, Crazy Family",1965,https://boxd.it/5zJO
2016-11-06,Some tired boys,1967,https://boxd.it/a72C
2016-11-06,An Italian girl from Kypseli,1968,https://boxd.it/d35S
2016-11-06,The Lady and the Tramp,1968,https://boxd.it/9A4g
2016-11-06,The Teacher with the Golden Hair,1969,https://boxd.it/esJU
2016-11-07,Love Is the Devil: Study for a Portrait of Francis Bacon,1998,https://boxd.it/23xg
2016-11-07,Calvary,2014,https://boxd.it/4WE6
2016-11-08,Manitou's Shoe,2001,https://boxd.it/20hE
2016-11-10,Janis: Little Girl Blue,2015,https://boxd.it/arUY
2016-11-13,45 Years,2015,https://boxd.it/9ZPG
2016-11-14,The Secret Life of Pets,2016,https://boxd.it/aJ5E
2016-11-14,War Dogs,2016,https://boxd.it/9SlO
2016-11-17,The Other Guys,2010,https://boxd.it/1rtq
2016-11-17,Young Adam,2003,https://boxd.it/2aNU
2016-11-19,Anchorman 2: The Legend Continues,2013,https://boxd.it/3GNk
2016-11-19,Eisenstein in Guanajuato,2015,https://boxd.it/41IA
2016-11-20,Pitch Black Heist,2011,https://boxd.it/3RHM
2016-11-20,Goldfish,2008,https://boxd.it/8HW8
2016-11-20,40 Days and 40 Nights,2002,https://boxd.it/26no
2016-11-20,The Faculty,1998,https://boxd.it/1Z5C
2016-11-20,Donald Trump's The Art of the Deal: The Movie,2016,https://boxd.it/diGk
2016-11-20,Carol,2015,https://boxd.it/7DPK
2016-11-21,God's Not Dead,2014,https://boxd.it/7jAg
2016-11-21,God's Not Dead 2,2016,https://boxd.it/bDUS
2016-11-22,Listen to Me Marlon,2015,https://boxd.it/akv8
2016-11-23,Julius Caesar,1953,https://boxd.it/1HHy
2016-11-25,Already Tomorrow in Hong Kong,2015,https://boxd.it/bgDO
2016-11-26,Pawn Sacrifice,2014,https://boxd.it/7dlE
2016-11-26,Muriel's Wedding,1994,https://boxd.it/2aO4
2016-11-27,Paterson,2016,https://boxd.it/cRk2
2016-11-27,Mystery Train,1989,https://boxd.it/1Ub6
2016-11-27,Burning Man,2011,https://boxd.it/2vua
2016-11-28,Kubo and the Two Strings,2016,https://boxd.it/a4wE
2016-11-29,The Little Prince,2015,https://boxd.it/9WbS
2016-12-02,Parts Per Billion,2014,https://boxd.it/88s8
2016-12-02,The Hard Word,2002,https://boxd.it/1Knc
2016-12-02,Joy,2015,https://boxd.it/8kEU
2016-12-02,Bronson,2008,https://boxd.it/1GM8
2016-12-03,Starter for 10,2006,https://boxd.it/1OQW
2016-12-03,Confirmation,2016,https://boxd.it/bH1C
2016-12-04,The Confirmation,2016,https://boxd.it/bFKU
2016-12-04,Heart of a Dog,2015,https://boxd.it/bQq2
2016-12-05,The Diary of a Teenage Girl,2015,https://boxd.it/7kru
2016-12-06,Lockout,2012,https://boxd.it/2Ruw
2016-12-06,Breathe In,2013,https://boxd.it/4YeE
2016-12-10,The International,2009,https://boxd.it/23zG
2016-12-11,Chi-Raq,2015,https://boxd.it/bjIM
2016-12-11,Sully,2016,https://boxd.it/cD8Q
2016-12-12,Words and Pictures,2013,https://boxd.it/6nxy
2016-12-14,Genius,2016,https://boxd.it/7ZkE
2016-12-17,Jersey Boys,2014,https://boxd.it/6geu
2016-12-18,Hereafter,2010,https://boxd.it/Ry0
2016-12-18,I Am Bolt,2016,https://boxd.it/eWoW
2016-12-24,Self/less,2015,https://boxd.it/71yw
2016-12-24,The Gift,2015,https://boxd.it/aJMy
2016-12-24,Shadow Dancer,2012,https://boxd.it/2Y38
2016-12-24,The Cell,2000,https://boxd.it/1ZLS
2016-12-25,Hysteria,2011,https://boxd.it/2BZS
2016-12-26,Knight of Cups,2015,https://boxd.it/34Qq
2016-12-26,Man on Fire,2004,https://boxd.it/1Yvk
2016-12-27,Blood Ties,2013,https://boxd.it/5LOQ
2016-12-27,Identity Thief,2013,https://boxd.it/3GOW
2016-12-28,Crimson Peak,2015,https://boxd.it/62Ty
2016-12-28,Geometry,1987,https://boxd.it/4ZZc
2016-12-28,Valiant,2005,https://boxd.it/1OBM
2016-12-29,Disconnect,2012,https://boxd.it/4aJM
2017-01-03,The Program,2015,https://boxd.it/8be4
2017-01-03,Eddie the Eagle,2015,https://boxd.it/amAY
2017-01-03,The Rover,2014,https://boxd.it/4WCY
2017-01-03,Dirty Grandpa,2016,https://boxd.it/99pG
2017-01-04,The Hit,1984,https://boxd.it/1EOc
2017-01-05,Lay the Favorite,2012,https://boxd.it/2Y7Y
2017-01-05,Horrible Bosses 2,2014,https://boxd.it/6HWy
2017-01-06,The Fall,2006,https://boxd.it/1NoM
2017-01-06,Immortals,2011,https://boxd.it/176m
2017-01-06,Anaconda,1997,https://boxd.it/1YSy
2017-01-06,Anacondas: The Hunt for the Blood Orchid,2004,https://boxd.it/1Uic
2017-01-08,This Is Where I Leave You,2014,https://boxd.it/73kQ
2017-01-08,Jodorowsky's Dune,2013,https://boxd.it/5MP6
2017-01-08,Black Mirror: White Christmas,2014,https://boxd.it/B3qu
2017-01-11,David Brent: Life on the Road,2016,https://boxd.it/bitQ
2017-01-12,The Accountant,2016,https://boxd.it/9EhI
2017-01-12,Snowden,2016,https://boxd.it/9CWO
2017-01-12,The Martian,2015,https://boxd.it/8SeG
2017-01-17,Very Bad Things,1998,https://boxd.it/1Xge
2017-01-17,Smokin' Aces,2006,https://boxd.it/20Ri
2017-01-17,The Hollars,2016,https://boxd.it/aAIs
2017-01-20,True Crime,1999,https://boxd.it/1Wtm
2017-01-22,Queen of the Desert,2015,https://boxd.it/4WD8
2017-01-22,Baked in Brooklyn,2016,https://boxd.it/eL5E
2017-03-01,Personal Shopper,2016,https://boxd.it/bkGM
2017-03-01,Inferno,2016,https://boxd.it/6dMS
2017-03-01,Jack Reacher: Never Go Back,2016,https://boxd.it/buAY
2017-03-01,Miss Peregrine's Home for Peculiar Children,2016,https://boxd.it/8KPu
2017-03-01,Swiss Army Man,2016,https://boxd.it/bDG2
2017-03-01,Doctor Strange,2016,https://boxd.it/8MH8
2017-03-01,The Girl on the Train,2016,https://boxd.it/bCJY
2017-03-01,Mr. Right,2015,https://boxd.it/aZkK
2017-03-01,Keanu,2016,https://boxd.it/brha
2017-03-01,Shanghai Noon,2000,https://boxd.it/202a
2017-03-01,Transformers: Dark of the Moon,2011,https://boxd.it/16aC
2017-03-01,"Definitely, Maybe",2008,https://boxd.it/20eU
2017-03-01,Sisters,2015,https://boxd.it/7X7I
2017-03-01,Scary Movie 5,2013,https://boxd.it/24AU
2017-03-01,Mike and Dave Need Wedding Dates,2016,https://boxd.it/aciK
2017-03-01,Masterminds,2016,https://boxd.it/6mTe
2017-03-01,The African Doctor,2016,https://boxd.it/dLRG
2017-03-01,9 Month Stretch,2013,https://boxd.it/62iW
2017-03-01,Keeping Up with the Joneses,2016,https://boxd.it/aS5y
2017-03-01,Saint Amour,2016,https://boxd.it/cb1i
2017-03-01,Julieta,2016,https://boxd.it/aY26
2017-03-02,Super Troopers,2001,https://boxd.it/12Rs
2017-03-03,Deepwater Horizon,2016,https://boxd.it/9oiU
2017-03-04,ParaNorman,2012,https://boxd.it/2FuY
2017-03-05,Jolene,2008,https://boxd.it/TKi
2017-03-05,Palace Beach Hotel,2014,https://boxd.it/9FZQ
2017-03-06,Seth's Dominion,2014,https://boxd.it/9KXK
2017-03-06,We Shattered The Clouds,2017,https://boxd.it/fPxY
2017-03-09,The Longest Week,2014,https://boxd.it/6cjA
2017-03-14,For the Love of Spock,2016,https://boxd.it/bfaG
2017-03-14,Something Borrowed,2011,https://boxd.it/H3Q
2017-03-14,3 Men and a Baby,1987,https://boxd.it/1SpA
2017-03-14,Funny About Love,1990,https://boxd.it/14nk
2017-03-14,The Good Mother,1988,https://boxd.it/3xNg
2017-03-16,Operation Avalanche,2016,https://boxd.it/d5ei
2017-03-16,Lo and Behold: Reveries of the Connected World,2016,https://boxd.it/cfuo
2017-03-17,Promised Land,2012,https://boxd.it/4kw4
2017-03-17,Lone Survivor,2013,https://boxd.it/5Qj4
2017-03-18,Arrival,2016,https://boxd.it/aNGk
2017-03-19,Passengers,2016,https://boxd.it/8lFu
2017-03-19,The Escort,2015,https://boxd.it/bPQe
2017-03-20,13 Hours: The Secret Soldiers of Benghazi,2016,https://boxd.it/9yzQ
2017-03-20,Backgammon,2015,https://boxd.it/bbui
2017-03-20,Holidays,2016,https://boxd.it/avB2
2017-03-21,Aloha,2015,https://boxd.it/6BQk
2017-03-21,Moana,2016,https://boxd.it/8tfY
2017-03-23,Asthma,2014,https://boxd.it/8Ep6
2017-03-24,In the Basement,2014,https://boxd.it/8ZLi
2017-03-24,American Honey,2016,https://boxd.it/bk7C
2017-03-31,Culloden,1964,https://boxd.it/e1G
2017-04-07,The Girl with All the Gifts,2016,https://boxd.it/d2lg
2017-04-11,Christine,2016,https://boxd.it/bhFm
2017-04-13,Clown Service,2015,https://boxd.it/dgum
2017-04-14,American Pastoral,2016,https://boxd.it/aDU2
2017-04-15,The Super Cops,1974,https://boxd.it/2Y54
2017-04-15,The Learning Tree,1969,https://boxd.it/3dBk
2017-04-15,Shaft's Big Score!,1972,https://boxd.it/2ahk
2017-04-15,Flavio,1964,https://boxd.it/g7A2
2017-04-15,La La Land,2016,https://boxd.it/a5fa
2017-04-16,Gimme Danger,2016,https://boxd.it/dJqS
2017-04-17,Suicide Squad,2016,https://boxd.it/9row
2017-04-17,Sing,2016,https://boxd.it/b5EQ
2017-04-18,Holding the Man,2015,https://boxd.it/bdJY
2017-04-18,Blood Work,2002,https://boxd.it/1Yl0
2017-04-19,Jackie,2016,https://boxd.it/d6bu
2017-05-04,Closet Monster,2015,https://boxd.it/bU3c
2017-05-06,Denial,2016,https://boxd.it/e8uK
2017-05-06,Mirror Mirror,2012,https://boxd.it/awA
2017-05-07,The Man Who Sued God,2001,https://boxd.it/1Y94
2017-05-09,Hashti Tehran,2016,https://boxd.it/giSQ
2017-05-09,Finding Dory,2016,https://boxd.it/4aAA
2017-05-09,The Crush,1993,https://boxd.it/1fy4
2017-05-09,The Founder,2016,https://boxd.it/9XwM
2017-05-10,Miss Sloane,2016,https://boxd.it/d4QA
2017-05-10,I've Loved You So Long,2008,https://boxd.it/20qw
2017-05-13,Collateral Beauty,2016,https://boxd.it/bAIu
2017-05-15,Catfight,2016,https://boxd.it/endk
2017-05-17,Dark Matter,2007,https://boxd.it/1HH4
2017-05-20,The Boxtrolls,2014,https://boxd.it/5grw
2017-05-21,"Sex, Drugs & Taxation",2013,https://boxd.it/6izu
2017-05-24,20th Century Women,2016,https://boxd.it/bqU6
2017-05-24,3 Generations,2015,https://boxd.it/9yzc
2017-05-25,The Impossible,2012,https://boxd.it/2N9k
2017-05-27,Thirteen,2003,https://boxd.it/1UPK
2017-05-27,St. Vincent,2014,https://boxd.it/73bE
2017-05-27,Barry Munday,2010,https://boxd.it/Rzi
2017-05-28,Manchester by the Sea,2016,https://boxd.it/b2L0
2017-05-28,Mistress America,2015,https://boxd.it/9UfS
2017-05-29,Moonlight,2016,https://boxd.it/d6bE
2017-05-29,Sodomites,1998,https://boxd.it/2jOi
2017-05-29,Good Boys Use Condoms,1998,https://boxd.it/5FZI
2017-05-29,Exercise of Steel,1998,https://boxd.it/czq2
2017-05-30,The Lilac Sweep,1998,https://boxd.it/gpNI
2017-05-30,Ballerina,2016,https://boxd.it/bpga
2017-05-30,The Vessel,2016,https://boxd.it/e8Ma
2017-05-30,Aka Ana,2008,https://boxd.it/ae0S
2017-05-31,Live by Night,2016,https://boxd.it/7GJA
2017-05-31,Intimate Parts,2013,https://boxd.it/68Sm
2017-06-01,A Lot Like Love,2005,https://boxd.it/1ZsQ
2017-06-02,Somewhere,2010,https://boxd.it/14du
2017-06-10,Sacro GRA,2013,https://boxd.it/6rSg
2017-06-10,Sleeping with Other People,2015,https://boxd.it/8WPm
2017-06-10,The Comedian,2016,https://boxd.it/cOkS
2017-06-12,Logan,2017,https://boxd.it/7Piy
2017-06-12,Table 19,2017,https://boxd.it/bUlK
2017-06-12,Wilson,2017,https://boxd.it/bCJu
2017-06-12,Nine to Five,1980,https://boxd.it/1F2S
2017-06-12,Shadows and Fog,1991,https://boxd.it/1Fus
2017-06-13,Between Us,2012,https://boxd.it/4qp4
2017-06-13,The Bourne Supremacy,2004,https://boxd.it/26EE
2017-06-13,The Bourne Identity,2002,https://boxd.it/26EO
2017-06-14,Down by Love,2016,https://boxd.it/dgNI
2017-06-14,Oscenità,1980,https://boxd.it/3Dgi
2017-06-15,"Faster, Pussycat! Kill! Kill!",1965,https://boxd.it/2aBO
2017-06-15,Beyond the Valley of the Dolls,1970,https://boxd.it/22GQ
2017-06-15,"Jeff, Who Lives at Home",2011,https://boxd.it/2TjU
2017-06-16,The Class of ‘92,2013,https://boxd.it/74UA
2017-06-16,I Give It a Year,2013,https://boxd.it/4KaS
2017-06-17,The Full Monty,1997,https://boxd.it/1YI4
2017-06-17,T2 Trainspotting,2017,https://boxd.it/5vTA
2017-06-18,A Cure for Wellness,2016,https://boxd.it/bkQW
2017-06-19,Closed Circuit,2013,https://boxd.it/4E4O
2017-06-19,Grandma,2015,https://boxd.it/9V00
2017-06-19,Black & White & Sex,2012,https://boxd.it/3PU0
2017-06-19,Big Business,1988,https://boxd.it/1RmA
2017-06-19,Beaches,1988,https://boxd.it/1LUQ
2017-06-19,The Rose,1979,https://boxd.it/1KlA
2017-06-19,Scenes from a Mall,1991,https://boxd.it/JVq
2017-06-19,For the Boys,1991,https://boxd.it/1wb2
2017-06-19,Gypsy,1993,https://boxd.it/1HRI
2017-06-19,Down and Out in Beverly Hills,1986,https://boxd.it/1XtC
2017-06-19,Moscow on the Hudson,1984,https://boxd.it/1zEc
2017-06-19,"Next Stop, Greenwich Village",1976,https://boxd.it/1i8o
2017-06-19,Moon Over Parador,1988,https://boxd.it/1ewQ
2017-06-19,"Enemies, a Love Story",1989,https://boxd.it/3RCC
2017-06-20,The Last Word,2017,https://boxd.it/dTCY
2017-06-22,Labor Day,2013,https://boxd.it/4f90
2017-06-24,Girl Most Likely,2012,https://boxd.it/2nga
2017-06-24,The Girl with the Dragon Tattoo,2011,https://boxd.it/2Pa
2017-06-26,Needful Things,1993,https://boxd.it/1VI6
2017-06-28,Jawbreaker,1999,https://boxd.it/1G7a
2017-06-29,Brand: A Second Coming,2015,https://boxd.it/anG4
2017-06-29,Bang Gang (A Modern Love Story),2015,https://boxd.it/aFEq
2017-07-03,Extremely Loud & Incredibly Close,2011,https://boxd.it/Ju
2017-07-03,Florence Foster Jenkins,2016,https://boxd.it/abbS
2017-07-03,The Slayer,2017,https://boxd.it/fT0k
2017-07-03,Families,2015,https://boxd.it/bGca
2017-07-03,United States of Love,2016,https://boxd.it/d6UE
2017-07-04,A Heart in Winter,1992,https://boxd.it/Ja0
2017-07-08,Music and Lyrics,2007,https://boxd.it/1Usw
2017-07-08,Prevenge,2016,https://boxd.it/dRpS
2017-07-09,Jawbone,2017,https://boxd.it/fvHO
2017-07-09,Motivational Growth,2013,https://boxd.it/6EB8
2017-07-11,Dead Man's Letters,1986,https://boxd.it/2wKy
2017-07-11,Song to Song,2017,https://boxd.it/aR5C
2017-07-12,A United Kingdom,2016,https://boxd.it/bDFy
2017-07-14,Boxcar Bertha,1972,https://boxd.it/1A58
2017-07-14,Lone Wolf McQuade,1983,https://boxd.it/1Nf6
2017-07-14,Game of Death,1978,https://boxd.it/1Qpe
2017-07-14,The Way of the Dragon,1972,https://boxd.it/1YCq
2017-07-14,The Delta Force,1986,https://boxd.it/1KNk
2017-07-14,Missing in Action,1984,https://boxd.it/1MlW
2017-07-14,Silent Rage,1982,https://boxd.it/1sqM
2017-07-14,Missing in Action 2: The Beginning,1985,https://boxd.it/1RhU
2017-07-14,Delta Force 2: The Colombian Connection,1990,https://boxd.it/1FJs
2017-07-14,Braddock: Missing in Action III,1988,https://boxd.it/1rZm
2017-07-14,Big Stan,2007,https://boxd.it/1QGY
2017-07-15,The Death of Louis XIV,2016,https://boxd.it/cTOo
2017-07-15,Adoration,2013,https://boxd.it/3JEU
2017-07-16,Nocturnal Animals,2016,https://boxd.it/bkFu
2017-07-16,A Visitor to a Museum,1989,https://boxd.it/2wKe
2017-07-17,The Ugly Swans,2006,https://boxd.it/x08
2017-07-18,The Taking of Pelham One Two Three,1974,https://boxd.it/20lG
2017-07-18,The Parallax View,1974,https://boxd.it/1ILG
2017-07-18,The Outlaw Josey Wales,1976,https://boxd.it/1VuS
2017-07-18,Pennies from Heaven,1981,https://boxd.it/1IF4
2017-07-18,Reds,1981,https://boxd.it/1Hhq
2017-07-19,The Quiet Earth,1985,https://boxd.it/1WTE
2017-07-21,The Boss Baby,2017,https://boxd.it/9mfO
2017-07-21,Ghost in the Shell,2017,https://boxd.it/abTA
2017-07-22,Summertime,2015,https://boxd.it/8htk
2017-07-23,Free Fire,2016,https://boxd.it/b2Ig
2017-07-24,Sex Doll,2016,https://boxd.it/exKI
2017-07-24,My Name Is Lenny,2017,https://boxd.it/gvbg
2017-07-24,The Levelling,2016,https://boxd.it/eALu
2017-07-25,ChickLit,2016,https://boxd.it/b3h6
2017-07-30,State of Grace,1990,https://boxd.it/28ms
2017-07-30,Footloose,1984,https://boxd.it/288A
2017-07-30,Balto,1995,https://boxd.it/1Cwq
2017-08-01,Everest,2015,https://boxd.it/7r7Q
2017-08-02,Take Me Out to the Ball Game,1949,https://boxd.it/1eUI
2017-08-02,Can-Can,1960,https://boxd.it/1eWu
2017-08-02,Moscow Does Not Believe in Tears,1980,https://boxd.it/1CwU
2017-08-03,Once Upon a Time in Venice,2017,https://boxd.it/bAHG
2017-08-17,The Gunman,2015,https://boxd.it/7Xo0
2017-08-17,Sightseers,2012,https://boxd.it/3V4Y
2017-08-19,Patriots Day,2016,https://boxd.it/dyo2
2017-08-20,White Fang,1991,https://boxd.it/1SeW
2017-08-20,Heathers,1989,https://boxd.it/26x4
2017-08-20,Once Upon a Time...,2013,https://boxd.it/eywi
2017-08-20,Victoria,2015,https://boxd.it/amSe
2017-08-21,Ida,2013,https://boxd.it/6fRg
2017-08-22,Buster's Mal Heart,2016,https://boxd.it/cIAg
2017-08-24,The Vanishing,1988,https://boxd.it/1ZTW
2017-09-10,Return to Reason,1923,https://boxd.it/4shm
2017-09-10,Emak-Bakia,1926,https://boxd.it/4mRI
2017-09-10,The Starfish,1928,https://boxd.it/3gkQ
2017-09-10,The Mysteries of the Chateau of Dice,1929,https://boxd.it/4shw
2017-09-13,Gifted,2017,https://boxd.it/e5dG
2017-09-13,Show Me Love,1998,https://boxd.it/1TmW
2017-09-15,The Congress,2013,https://boxd.it/4Ota
2017-09-15,What If,2013,https://boxd.it/6ljk
2017-09-15,Villa Antropoff,2012,https://boxd.it/6Ec8
2017-09-15,Hi Stranger,2016,https://boxd.it/fTfY
2017-09-16,It's All Gone Pete Tong,2004,https://boxd.it/1Sww
2017-09-16,The Inspector General,1949,https://boxd.it/12eK
2017-09-17,Kill List,2011,https://boxd.it/2z4g
2017-09-17,The Seventh Continent,1989,https://boxd.it/1gB4
2017-09-17,Bad Day at Black Rock,1955,https://boxd.it/1NRk
2017-09-20,Mad Max: Fury Road,2015,https://boxd.it/2DjO
2017-09-20,Mad Max 2,1981,https://boxd.it/1ZPg
2017-09-22,Scott Pilgrim vs. the World,2010,https://boxd.it/1Aq6
2017-09-22,Route Irish,2010,https://boxd.it/iWQ
2017-09-24,Toni Erdmann,2016,https://boxd.it/d0xu
2017-09-24,Rated R for Nudity,2011,https://boxd.it/aAMa
2017-09-25,Next Floor,2008,https://boxd.it/3psY
2017-09-25,120 Seconds to Get Elected,2006,https://boxd.it/72j8
2017-09-25,REW-FFWD,1994,https://boxd.it/72lI
2017-09-25,Empirical Study on the Influence of Sound on the Persistence of Vision,2011,https://boxd.it/bCdy
2017-09-25,Midnight Special,2016,https://boxd.it/7dmi
2017-09-26,Mr. Holmes,2015,https://boxd.it/8EBw
2017-09-27,Take Me Home Tonight,2011,https://boxd.it/CYM
2017-09-28,Cosmos,1996,https://boxd.it/46xC
2017-09-28,Without a Clue,1988,https://boxd.it/1REu
2017-09-29,Always Shine,2016,https://boxd.it/drQ4
2017-09-30,Adagio,2001,https://boxd.it/4FyU
2017-09-30,How Strange to be Named Federico,2013,https://boxd.it/6qdm
2017-09-30,Down Under,2016,https://boxd.it/cXn2
2017-10-01,The Cobbler,2014,https://boxd.it/70XA
2017-10-01,Traceroute,2016,https://boxd.it/dCXg
2017-10-02,Irrational Man,2015,https://boxd.it/8JOq
2017-10-02,Cassandra's Dream,2007,https://boxd.it/23PY
2017-10-02,Gangster Squad,2013,https://boxd.it/2TVa
2017-10-02,Afternoon Delight,2013,https://boxd.it/4V3o
2017-10-03,Under the Sand,2000,https://boxd.it/23xA
2017-10-03,Why (Not) Brazil?,2004,https://boxd.it/2Il6
2017-10-03,Frantz,2016,https://boxd.it/d6Ym
2017-10-04,Conflict,1983,https://boxd.it/I4g
2017-10-04,Twists and Turns,1987,https://boxd.it/6jsO
2017-10-04,The Ugly Duckling,2010,https://boxd.it/BKa
2017-10-04,Puss in Boots,1995,https://boxd.it/4M6y
2017-10-04,Stir Crazy,1980,https://boxd.it/1BA2
2017-10-15,Arthur,1981,https://boxd.it/1PGe
2017-11-04,Arizona Dream,1993,https://boxd.it/1UMm
2017-11-04,Nick of Time,1995,https://boxd.it/27ts
2018-01-26,Frozen,2013,https://boxd.it/3GNa
2018-01-27,Kingsman: The Golden Circle,2017,https://boxd.it/buJm
2018-01-27,Geostorm,2017,https://boxd.it/8lC6
2018-01-29,Valerian and the City of a Thousand Planets,2017,https://boxd.it/biYY
2018-01-29,Atomic Blonde,2017,https://boxd.it/blDk
2018-01-29,Beta Test,2016,https://boxd.it/e5J8
2018-01-30,Paris Can Wait,2016,https://boxd.it/d3S6
2018-02-01,Dunkirk,2017,https://boxd.it/d0Y6
2018-02-10,Maze,2017,https://boxd.it/gCPW
2018-02-10,Almost Friends,2016,https://boxd.it/fuPi
2018-02-11,Rememory,2017,https://boxd.it/dR20
2018-02-12,The Collector,2009,https://boxd.it/1BY4
2018-02-12,The Collector,1965,https://boxd.it/W8Q
2018-02-12,Cop or Hood,1979,https://boxd.it/11Qo
2018-02-12,Big Game,2014,https://boxd.it/6MDQ
2018-02-12,The 6th Day,2000,https://boxd.it/207Y
2018-02-12,mother!,2017,https://boxd.it/dgRU
2018-02-13,LBJ,2016,https://boxd.it/bUmy
2018-02-13,Love of My Life,2017,https://boxd.it/fLhM
2018-02-14,Little Girl Blue,2016,https://boxd.it/fuQ6
2018-02-15,"Three Billboards Outside Ebbing, Missouri",2017,https://boxd.it/ceBS
2018-02-15,Manifesto,2015,https://boxd.it/diI6
2018-02-17,The Healer,2016,https://boxd.it/bjIs
2018-02-17,Battle of the Sexes,2017,https://boxd.it/cNxw
2018-02-17,Borg vs McEnroe,2017,https://boxd.it/dViG
2018-02-18,Quartet,2012,https://boxd.it/41Dq
2018-02-19,Hampstead,2017,https://boxd.it/fI0o
2018-02-19,The Mountain Between Us,2017,https://boxd.it/95jO
2018-02-19,M.F.A.,2017,https://boxd.it/fzqC
2018-02-20,Kenny,2017,https://boxd.it/hxy4
2018-02-21,November Criminals,2017,https://boxd.it/af9Q
2018-02-24,The Critic,1963,https://boxd.it/4Edw
2018-02-25,Victoria & Abdul,2017,https://boxd.it/f00O
2018-02-25,Tom of Finland,2017,https://boxd.it/efDu
2018-02-25,Brigsby Bear,2017,https://boxd.it/ebkS
2018-02-26,Wind River,2017,https://boxd.it/dR3i
2018-02-26,Professor Marston and the Wonder Women,2017,https://boxd.it/eRPS
2018-02-26,The Man from Earth: Holocene,2017,https://boxd.it/eEBI
2018-02-27,D.E.B.S.,2003,https://boxd.it/5sBy
2018-02-28,Coco,2017,https://boxd.it/bYJQ
2018-03-01,Thelma,2017,https://boxd.it/e7Ce
2018-03-03,Murder on the Orient Express,2017,https://boxd.it/dHjA
2018-03-03,Thank You for Your Service,2017,https://boxd.it/bFbU
2018-03-04,The Snowman,2017,https://boxd.it/cVcc
2018-03-05,Blade Runner 2049,2017,https://boxd.it/b8wK
2018-03-09,Enter Nowhere,2011,https://boxd.it/3oA8
2018-03-09,Suburbicon,2017,https://boxd.it/dQ8Q
2018-03-09,Voyeur,2017,https://boxd.it/gYJG
2018-03-09,England Is Mine,2017,https://boxd.it/fckc
2018-03-13,Kung Fury,2015,https://boxd.it/7mSM
2018-03-17,Thor: Ragnarok,2017,https://boxd.it/8MHi
2018-03-17,Tragedy Girls,2017,https://boxd.it/eB7K
2018-03-18,The Killing of a Sacred Deer,2017,https://boxd.it/dZ5G
2018-03-18,Teenage Cocktail,2016,https://boxd.it/dgbu
2018-03-18,A Star Is Born,1976,https://boxd.it/1EPO
2018-03-18,Yentl,1983,https://boxd.it/1WFs
2018-03-18,Nuts,1987,https://boxd.it/11iw
2018-03-18,The Main Event,1979,https://boxd.it/XxW
2018-03-18,Dirty Pictures,2000,https://boxd.it/4nKe
2018-03-19,The Death of Stalin,2017,https://boxd.it/ea9Y
2018-03-19,The Square,2017,https://boxd.it/e5YW
2018-03-20,Baby Driver,2017,https://boxd.it/bhF2
2018-03-20,The Interview,2014,https://boxd.it/6KQ4
2018-03-26,What We Do in the Shadows,2014,https://boxd.it/7eQy
2018-03-26,Battlecreek,2016,https://boxd.it/bCLU
2018-03-27,The Disaster Artist,2017,https://boxd.it/cTqc
2018-03-27,Call Me by Your Name,2017,https://boxd.it/dYmm
2018-03-28,Newness,2017,https://boxd.it/fpgs
2018-03-31,Bright Lights: Starring Carrie Fisher and Debbie Reynolds,2016,https://boxd.it/dYf6
2018-03-31,The Unsinkable Molly Brown,1964,https://boxd.it/W0i
2018-03-31,The Tender Trap,1955,https://boxd.it/ULG
2018-03-31,Divorce American Style,1967,https://boxd.it/3tRo
2018-03-31,Tammy and the Bachelor,1957,https://boxd.it/UZe
2018-03-31,The Singing Nun,1966,https://boxd.it/F0A
2018-03-31,Give a Girl a Break,1953,https://boxd.it/3Pj4
2018-03-31,Meet Me in Las Vegas,1956,https://boxd.it/4hf0
2018-03-31,The Rat Race,1960,https://boxd.it/41sC
2018-03-31,The Man with One Red Shoe,1985,https://boxd.it/1V70
2018-04-01,Common Denominator,2014,https://boxd.it/9qrO
2018-04-01,The Other Me,2016,https://boxd.it/eTBI
2018-04-01,The Red Turtle,2016,https://boxd.it/bdkE
2018-04-01,Father and Daughter,2000,https://boxd.it/I2k
2018-04-02,Darkest Hour,2017,https://boxd.it/dZZa
2018-04-02,Raw,2016,https://boxd.it/dLd2
2018-04-02,God's Own Country,2017,https://boxd.it/faZM
2018-04-03,The Girl Without Hands,2016,https://boxd.it/dThQ
2018-04-04,Split,2016,https://boxd.it/dgSy
2018-04-07,My Life as a Zucchini,2016,https://boxd.it/dL2y
2018-04-09,Star Wars: The Last Jedi,2017,https://boxd.it/5xme
2018-04-09,The Perks of Being a Wallflower,2012,https://boxd.it/2ZA8
2018-04-10,Do You Trust This Computer?,2018,https://boxd.it/iIbW
2018-04-11,Sordid Lives,2000,https://boxd.it/1FIu
2018-04-11,A Very Sordid Wedding,2017,https://boxd.it/h0fo
2018-04-12,The Edge of Seventeen,2016,https://boxd.it/d5nu
2018-04-15,Tinker Tailor Soldier Spy,2011,https://boxd.it/FRY
2018-04-15,The Hitman's Bodyguard,2017,https://boxd.it/dCmO
2018-04-15,Phantom Thread,2017,https://boxd.it/e4uc
2018-04-24,Annihilation,2018,https://boxd.it/9yzm
2018-04-24,Mr. Magorium's Wonder Emporium,2007,https://boxd.it/271o
2018-04-26,U Turn,1997,https://boxd.it/1WX2
2018-04-27,My Friend Dahmer,2017,https://boxd.it/fQ7W
2018-04-27,Wonder,2017,https://boxd.it/ekeY
2018-04-28,The Swimmer,1968,https://boxd.it/1ffG
2018-04-28,The Killers,1946,https://boxd.it/1NGc
2018-04-28,The Professionals,1966,https://boxd.it/1AF6
2018-04-28,Lust for Life,1956,https://boxd.it/1n8I
2018-05-08,The Princess Diaries,2001,https://boxd.it/1XCO
2018-05-08,Victor/Victoria,1982,https://boxd.it/1RzE
2018-05-08,Chitty Chitty Bang Bang,1968,https://boxd.it/1Tbu
2018-05-16,Jesus Christ Superstar Live in Concert,2018,https://boxd.it/hQRa
2018-05-16,Amy,2015,https://boxd.it/aSNU
2018-05-17,People You May Know,2017,https://boxd.it/fVx6
2018-05-18,The Commuter,2018,https://boxd.it/dZ36
2018-05-18,Andre the Giant,2018,https://boxd.it/fTIw
2018-05-26,Nerdgasm,2015,https://boxd.it/bZ4Y
2018-05-26,Grace Jones: Bloodlight and Bami,2017,https://boxd.it/gStM
2018-05-26,Revanche,1983,https://boxd.it/bN7Q
2018-05-26,Potlatch,1987,https://boxd.it/gAhy
2018-05-26,Dracula of Exarcheia,1983,https://boxd.it/9o94
2018-05-26,Female Company,1999,https://boxd.it/LLW
2018-05-26,Parangelia!,1980,https://boxd.it/9zki
2018-05-26,Sudden Love,1984,https://boxd.it/ghwa
2018-05-26,Loafing and Camouflage,1984,https://boxd.it/joU
2018-05-26,Living Dangerously,1987,https://boxd.it/4NRA
2018-05-26,The Auntie from Chicago,1957,https://boxd.it/8ZfG
2018-05-26,Maiden's Cheek,1959,https://boxd.it/9qX6
2018-05-26,Antigone,1961,https://boxd.it/3nPQ
2018-05-26,Alice in the Navy,1961,https://boxd.it/L6
2018-05-26,Loustrakos,1962,https://boxd.it/dQ66
2018-05-26,Throbs at the Desk,1963,https://boxd.it/dcHw
2018-05-26,Someone like It Cold...,1963,https://boxd.it/7X08
2018-05-26,The Liar,1963,https://boxd.it/aWWc
2018-05-26,The Bait,1964,https://boxd.it/9A3C
2018-05-26,The Woman Driver,1964,https://boxd.it/9A3M
2018-05-26,And the Woman Shall Fear Her Husband,1965,https://boxd.it/566I
2018-05-26,Kiss the Girls,1965,https://boxd.it/9qhE
2018-05-26,"My Daughter, the Socialist",1966,https://boxd.it/7XJs
2018-05-26,Modern Cinderella,1965,https://boxd.it/9A4A
2018-05-26,Papatrechas,1966,https://boxd.it/by7Q
2018-05-26,The Smart Aleck,1966,https://boxd.it/f3NE
2018-05-26,The Brightest Star,1967,https://boxd.it/9A46
2018-05-26,Wedding night,1967,https://boxd.it/a736
2018-05-26,"Oh, That Woman of Mine!",1967,https://boxd.it/9A4q
2018-05-26,Mermaids for Love,1968,https://boxd.it/9PUm
2018-05-26,I Neraida Kai to Palikari,1969,https://boxd.it/6Vao
2018-05-26,Lieutenant Natassa,1970,https://boxd.it/8qfw
2018-05-26,A Funny Girl,1970,https://boxd.it/d6KE
2018-05-26,Papaflessas,1971,https://boxd.it/b6Ts
2018-05-26,The Jackals,1981,https://boxd.it/dsjK
2018-05-26,A Touch of Spice,2003,https://boxd.it/1RRy
2018-05-26,Soula Come Again (SEX),2009,https://boxd.it/Hu8
2018-05-26,I Love Karditsa,2010,https://boxd.it/jNU
2018-05-27,Downsizing,2017,https://boxd.it/9Ajq
2018-05-28,What Happened to Monday,2017,https://boxd.it/ejUu
2018-05-30,Molly's Game,2017,https://boxd.it/dSl8
2018-05-31,Alice & Viril,1993,https://boxd.it/4dfq
2018-05-31,Angela & Viril,1993,https://boxd.it/cdGi
2018-06-01,Elizabethtown,2005,https://boxd.it/1Ydq
2018-06-01,The Post,2017,https://boxd.it/fTeG
2018-06-03,Film Stars Don't Die in Liverpool,2017,https://boxd.it/dWOe
2018-06-10,My Entire High School Sinking Into the Sea,2016,https://boxd.it/et0G
2018-06-10,The House Bunny,2008,https://boxd.it/1RyG
2018-06-10,I Walked with a Zombie,1943,https://boxd.it/1stm
2018-06-11,Cat People,1942,https://boxd.it/1vG4
2018-06-11,Out of the Past,1947,https://boxd.it/29PK
2018-06-12,Seven Days in May,1964,https://boxd.it/1z7C
2018-06-12,Criss Cross,1949,https://boxd.it/1B2a
2018-06-12,Brute Force,1947,https://boxd.it/2lh6
2018-06-12,Easy A,2010,https://boxd.it/17DK
2018-06-13,6 Balloons,2018,https://boxd.it/i4yw
2018-06-14,Love Songs,2007,https://boxd.it/1O4I
2018-06-14,The Dreamers,2003,https://boxd.it/28X4
2018-06-16,Happy End,2017,https://boxd.it/dZ2C
2018-06-16,The Feels,2017,https://boxd.it/gp1u
2018-06-16,Restoration,1995,https://boxd.it/1cDg
2018-06-16,The Horse Whisperer,1998,https://boxd.it/2a9U
2018-06-16,The Dish,2000,https://boxd.it/23a2
2018-06-16,The Tunnel,2011,https://boxd.it/NGk
2018-06-17,Black Panther,2018,https://boxd.it/8MHs
2018-06-18,Red Sparrow,2018,https://boxd.it/e7Pi
2018-06-18,Paper Man,2009,https://boxd.it/13Ju
2018-06-21,Ichi the Killer,2001,https://boxd.it/1Y1O
2018-06-21,The Bachelors,2017,https://boxd.it/dVy0
2018-06-21,The Boondock Saints,1999,https://boxd.it/20gw
2018-06-21,Lady Bird,2017,https://boxd.it/dGNE
2018-06-22,Tomb Raider,2018,https://boxd.it/bgbA
2018-06-24,Bad Genius,2017,https://boxd.it/ggpM
2018-06-24,Nobody Knows,2004,https://boxd.it/26E0
2018-06-25,Anon,2018,https://boxd.it/dTCE
2018-06-25,Game Night,2018,https://boxd.it/fRtu
2018-06-25,Trespass,2011,https://boxd.it/2tb6
2018-06-25,St. Elmo's Fire,1985,https://boxd.it/1TyS
2018-06-25,Man in the Mirror,2011,https://boxd.it/eEwI
2018-06-26,The Fury,1978,https://boxd.it/1RA8
2018-06-27,The Incident,1967,https://boxd.it/25w
2018-06-28,Heavy Petting,1989,https://boxd.it/Ya0
2018-06-28,Thoroughbreds,2017,https://boxd.it/dVHQ
2018-06-30,Bomb City,2017,https://boxd.it/dTyW
2018-06-30,How to Talk to Girls at Parties,2017,https://boxd.it/bo80
2018-07-02,The Greatest Showman,2017,https://boxd.it/acjI
2018-07-04,Glossary of Broken Dreams,2018,https://boxd.it/iHsi
2018-07-06,Every Secret Thing,2014,https://boxd.it/7DoE
2018-07-07,An Open Secret,2014,https://boxd.it/9hOE
2018-07-19,Jumper,2008,https://boxd.it/20ss
2018-07-19,Caroline and Jackie,2012,https://boxd.it/5zwq
2018-07-19,The Mighty Ducks,1992,https://boxd.it/1Wka
2018-07-21,This Means War,2012,https://boxd.it/hba
2018-07-22,Mark Felt: The Man Who Brought Down the White House,2017,https://boxd.it/dCpe
2018-07-22,Winchester '73,1950,https://boxd.it/1NRO
2018-07-22,The Naked Spur,1953,https://boxd.it/1Dts
2018-07-22,Destry Rides Again,1939,https://boxd.it/Tua
2018-07-22,Airport '77,1977,https://boxd.it/2176
2018-07-22,The Spirit of St. Louis,1957,https://boxd.it/1Glc
2018-07-22,Lost in London,2017,https://boxd.it/frXo
2018-07-23,Night Moves,2013,https://boxd.it/4WFe
2018-07-24,Small Town Crime,2017,https://boxd.it/ewqW
2018-07-24,"Love, Simon",2018,https://boxd.it/g02s
2018-07-25,Wild,2014,https://boxd.it/6KQo
2018-07-26,Ali's Wedding,2017,https://boxd.it/gkqY
2018-07-27,Goodbye Christopher Robin,2017,https://boxd.it/eMZS
2018-07-29,The Shape of Water,2017,https://boxd.it/dZ5m
2018-07-30,The Last Laugh,2016,https://boxd.it/bvbA
2018-07-31,Last Days,2005,https://boxd.it/28lY
2018-07-31,Euphoria,2017,https://boxd.it/el38
2018-07-31,Luna,1979,https://boxd.it/1kUY
2018-07-31,The Last Emperor,1987,https://boxd.it/29Ji
2018-07-31,The Sheltering Sky,1990,https://boxd.it/1yuK
2018-08-01,Snatch,2000,https://boxd.it/2b7U
2018-08-01,Trust,2010,https://boxd.it/QIy
2018-08-02,Blockers,2018,https://boxd.it/fxEW
2018-08-02,Alex Strangelove,2018,https://boxd.it/iwqA
2018-08-02,You Were Never Really Here,2017,https://boxd.it/dWOS
2018-08-03,Perfect Strangers,2017,https://boxd.it/fru2
2018-08-05,Spectral,2016,https://boxd.it/ayYI
2018-08-06,Silent Night,2017,https://boxd.it/hbie
2018-08-06,Antiporno,2016,https://boxd.it/eDjy
2018-08-07,Spinning Man,2018,https://boxd.it/gmAc
2018-08-07,Almost Adults,2016,https://boxd.it/c6mK
2018-08-08,Footloose,2011,https://boxd.it/2cnk
2018-08-08,Duck Butter,2018,https://boxd.it/i0PS
2018-08-08,Comedy Central Roast of Bruce Willis,2018,https://boxd.it/jwR4
2018-08-25,The Ventriloquist,2012,https://boxd.it/3OMk
2018-08-27,Stockholm,2013,https://boxd.it/5DeA
2018-08-28,Billionaire Boys Club,2018,https://boxd.it/dqUY
2018-08-29,Loving Pablo,2017,https://boxd.it/f3nc
2018-08-30,The Nomi Song,2004,https://boxd.it/Z3E
2018-08-31,The Florida Project,2017,https://boxd.it/dMG0
2018-08-31,Clear and Present Danger,1994,https://boxd.it/1YX4
2018-08-31,Body of Evidence,1993,https://boxd.it/27kA
2018-08-31,Force 10 from Navarone,1978,https://boxd.it/1IOq
2018-08-31,Random Hearts,1999,https://boxd.it/1Rz0
2018-08-31,Jeremiah Johnson,1972,https://boxd.it/1SIi
2018-08-31,The Electric Horseman,1979,https://boxd.it/1Uwy
2018-08-31,Havana,1990,https://boxd.it/1AUK
2018-09-01,The Commodore Story,2018,https://boxd.it/hLeM
2018-09-01,Okja,2017,https://boxd.it/dvXe
2018-09-02,Sweet and Lowdown,1999,https://boxd.it/1Y3K
2018-09-02,Anything Else,2003,https://boxd.it/1Vw0
2018-09-02,Fever Pitch,2005,https://boxd.it/1TR6
2018-09-02,Patients,2016,https://boxd.it/fqoW
2018-09-03,Bombshell: The Hedy Lamarr Story,2017,https://boxd.it/ggim
2018-09-04,Magic in the Moonlight,2014,https://boxd.it/6Lko
2018-09-05,Training Day,2001,https://boxd.it/27A4
2018-09-05,Wonder Wheel,2017,https://boxd.it/fcGC
2018-09-06,King of Hearts,1966,https://boxd.it/1Iei
2018-09-06,The War Is Over,1966,https://boxd.it/23QC
2018-09-06,The Trojan Women,1971,https://boxd.it/KHY
2018-09-06,They Died with Their Boots On,1941,https://boxd.it/1IKo
2018-09-06,Blood and Sand,1941,https://boxd.it/S2Y
2018-09-06,Success Is the Best Revenge,1984,https://boxd.it/5U3a
2018-09-06,Onassis: The Richest Man in the World,1988,https://boxd.it/40NE
2018-09-07,What Lies Beneath,2000,https://boxd.it/26v8
2018-09-07,RoboCop 2,1990,https://boxd.it/22Wk
2018-09-08,Bilal: A New Breed of Hero,2015,https://boxd.it/aXyU
2018-09-15,Hairspray,1988,https://boxd.it/1UKK
2018-09-24,Things Change,1988,https://boxd.it/ybc
2018-09-24,Saving Face,2004,https://boxd.it/1Fj0
2018-09-24,The Seventh Sign,1988,https://boxd.it/1UGy
2018-09-25,The Great Waldo Pepper,1975,https://boxd.it/1EBC
2018-09-25,The Great Gatsby,1974,https://boxd.it/1UNY
2018-09-25,Tell Them Willie Boy Is Here,1969,https://boxd.it/WrI
2018-09-25,LenaLove,2016,https://boxd.it/etPO
2018-09-25,Skyscraper,2018,https://boxd.it/fVqa
2018-09-26,Sneakers,1992,https://boxd.it/26VU
2018-09-27,Bert Kreischer: Secret Time,2018,https://boxd.it/jNla
2018-09-28,Let the Sunshine In,2017,https://boxd.it/fhr8
2018-09-29,Decalogue I,1989,https://boxd.it/3WmE
2018-09-29,Decalogue V,1989,https://boxd.it/3Wma
2018-09-29,Decalogue IV,1989,https://boxd.it/C8w
2018-09-29,Decalogue VI,1989,https://boxd.it/3WlQ
2018-09-29,Decalogue VII,1989,https://boxd.it/3WlG
2018-09-29,Decalogue III,1989,https://boxd.it/3Wmu
2018-09-29,Decalogue II,1989,https://boxd.it/C8Q
2018-09-29,Decalogue X,1989,https://boxd.it/3Wlm
2018-09-29,Decalogue IX,1989,https://boxd.it/3Wlw
2018-09-29,Decalogue VIII,1989,https://boxd.it/C8m
2018-09-30,Day for Night,1973,https://boxd.it/28kG
2018-09-30,Book Club,2018,https://boxd.it/i9gs
2018-09-30,Georgia Rule,2007,https://boxd.it/1QHi
2018-09-30,Bride Wars,2009,https://boxd.it/1W3I
2018-09-30,Soldier Blue,1970,https://boxd.it/1Odq
2018-09-30,De Palma,2015,https://boxd.it/bZDk
2018-09-30,Woman in Chains,1968,https://boxd.it/2tnc
2018-09-30,La Belle Noiseuse,1991,https://boxd.it/1RxI
2018-09-30,Connected,2016,https://boxd.it/dhVS
2018-10-01,Avengers: Age of Ultron,2015,https://boxd.it/3qi6
2018-10-01,Avengers: Infinity War,2018,https://boxd.it/9vEe
2018-10-01,Drew Michael,2018,https://boxd.it/jGse
2018-10-02,Brexitannia,2017,https://boxd.it/gyYq
2018-10-02,Morning Glory,2010,https://boxd.it/16as
2018-10-02,Little Italy,2018,https://boxd.it/j1w0
2018-10-03,The Meyerowitz Stories (New and Selected),2017,https://boxd.it/dSp0
2018-10-03,Una,2016,https://boxd.it/9AiW
2018-10-04,Slap Shot,1977,https://boxd.it/1TtS
2018-10-05,Destination Wedding,2018,https://boxd.it/hE1Q
2018-10-07,MDMA,2017,https://boxd.it/djFW
2018-10-07,Good Time,2017,https://boxd.it/fcFu
2018-10-08,The Babysitter,2017,https://boxd.it/eP1w
2018-10-08,We're the Millers,2013,https://boxd.it/4srQ
2018-10-09,It's Kind of a Funny Story,2010,https://boxd.it/Tfa
2018-10-19,Nerve,2016,https://boxd.it/aJIc
2018-10-20,Future Shock,1972,https://boxd.it/3vD4
2018-10-20,American Animals,2018,https://boxd.it/hE4K
2018-10-28,The Flight of the Phoenix,1965,https://boxd.it/1WJu
2018-10-28,The Forger,2014,https://boxd.it/7vCe
2018-10-28,Force of Execution,2013,https://boxd.it/6If6
2018-10-28,Poisonous Women,1993,https://boxd.it/K3O
2018-10-28,Machete,2010,https://boxd.it/1yXW
2018-10-28,Under Siege,1992,https://boxd.it/1ZLy
2018-10-28,Under Siege 2: Dark Territory,1995,https://boxd.it/25jg
2018-10-28,Barbecue Them!,1981,https://boxd.it/j0gU
2018-10-28,Bitter Movie,1983,https://boxd.it/eG4w
2018-10-28,Safe Sex,1999,https://boxd.it/1HRo
2018-10-28,Dying in Athens,2006,https://boxd.it/9A9A
2018-10-28,A Bachelor's Pad For Ten,1981,https://boxd.it/4M3a
2018-10-28,Thanasi tightened your belt even more,1980,https://boxd.it/hqQ6
2018-10-28,What a Mess,1982,https://boxd.it/5aHe
2018-10-28,Wedding like... Greek,1964,https://boxd.it/90kM
2018-10-28,The 201 Canaries,1964,https://boxd.it/gL3C
2018-10-28,Lily of the Harbor,1952,https://boxd.it/7BZS
2018-10-28,Above all... Coolness,1951,https://boxd.it/8qte
2018-10-28,The Hurdy-Gurdy,1955,https://boxd.it/9A3W
2018-10-28,No Harm's Done,1955,https://boxd.it/dzKy
2018-10-28,Woe to the Young,1961,https://boxd.it/er6C
2018-10-28,Electra,1962,https://boxd.it/KHO
2018-10-28,The Heirs,1964,https://boxd.it/4Bpa
2018-10-28,Blood on the Land,1966,https://boxd.it/65Hq
2018-10-28,Girls in the Sun,1968,https://boxd.it/8q36
2018-10-28,The Blue Beads from Greece,1967,https://boxd.it/cFLU
2018-10-28,Bullets Don't Come Back,1967,https://boxd.it/7NZK
2018-10-28,Terirem,1987,https://boxd.it/j1SA
2018-10-28,Love Me Not?,1989,https://boxd.it/avNW
2018-10-28,Nike of Samothrace,1990,https://boxd.it/aBXS
2018-10-28,"Please, Ladies, Don't Cry",1992,https://boxd.it/a2T2
2018-10-28,The Four Seasons of the Law,1999,https://boxd.it/7fae
2018-10-28,Mourning Rock,2000,https://boxd.it/K5g
2018-10-28,Blind Date,1968,https://boxd.it/g2U2
2018-10-28,Carefree... Nut,1971,https://boxd.it/d5Uy
2018-10-28,The Swamp,1973,https://boxd.it/7Ydi
2018-10-28,Iphigenia,1977,https://boxd.it/Nyq
2018-10-28,1922,1978,https://boxd.it/98uA
2018-10-28,Exile on Main Avenue,1979,https://boxd.it/eqPQ
2018-10-28,Rembetiko,1983,https://boxd.it/JZs
2018-10-28,Bordello,1985,https://boxd.it/8q0Q
2018-10-28,"Happy Homecoming, Comrades",1986,https://boxd.it/9tba
2018-10-28,Doxobus,1987,https://boxd.it/fUPe
2018-10-28,"Father, Behave Yourself!",1967,https://boxd.it/dAyo
2018-10-28,End of an Era,1994,https://boxd.it/JI2
2018-10-28,Stigma,1982,https://boxd.it/ff4c
2018-10-28,The Colors of Iris,1974,https://boxd.it/dSKW
2018-10-28,Anna's Engagement,1972,https://boxd.it/7Nus
2018-10-28,With Heart & Soul,2009,https://boxd.it/xiQ
2018-10-28,Love on a Horse,1973,https://boxd.it/fif8
2018-10-28,Tango of Perversion,1973,https://boxd.it/3ztC
2018-10-28,Happy Day,1976,https://boxd.it/dKzG
2018-10-28,South Wind,1984,https://boxd.it/fSqw
2018-10-28,Topos,1985,https://boxd.it/7sDy
2018-10-28,All You Can Eat Buddha,2017,https://boxd.it/gYSe
2018-10-28,The Wizard of Lies,2017,https://boxd.it/cB7m
2018-10-30,The Purge,2013,https://boxd.it/4Xg0
2018-11-01,The Eye of the Storm,2011,https://boxd.it/3oUs
2018-11-01,Imagine Me & You,2005,https://boxd.it/28E2
2018-11-01,Ex Drummer,2007,https://boxd.it/1OUO
2018-11-01,Who Dares Wins,1982,https://boxd.it/1Fim
2018-11-02,Bāhubali: The Beginning,2015,https://boxd.it/7y2y
2018-11-02,Bāhubali 2: The Conclusion,2017,https://boxd.it/bMfO
2018-11-02,Class Rank,2017,https://boxd.it/e14q
2018-11-04,Hereditary,2018,https://boxd.it/hNVe
2018-11-04,Dead End,2003,https://boxd.it/1TRK
2018-11-04,Bao,2018,https://boxd.it/iEl4
2018-11-06,Charming,2018,https://boxd.it/bX5K
2018-11-06,The Only Living Boy in New York,2017,https://boxd.it/3jRe
2018-11-08,The Man Who Knew Infinity,2015,https://boxd.it/bTpm
2018-11-08,The Land of Steady Habits,2018,https://boxd.it/g97c
2018-11-08,Shanghai Express,1932,https://boxd.it/29ou
2018-11-08,The Scarlet Empress,1934,https://boxd.it/1iTO
2018-11-08,Morocco,1930,https://boxd.it/Woa
2018-11-08,The Devil Is a Woman,1935,https://boxd.it/VGM
2018-11-08,Macao,1952,https://boxd.it/1ubu
2018-11-08,"That's Entertainment, Part II",1976,https://boxd.it/2z5e
2018-11-10,Incredibles 2,2018,https://boxd.it/7IPg
2018-11-11,Deadpool 2,2018,https://boxd.it/dlLM
2018-11-12,Egon Schiele: Death and the Maiden,2016,https://boxd.it/eHHO
2018-11-12,Colossal,2016,https://boxd.it/biZi
2018-11-13,Upgrade,2018,https://boxd.it/i4gW
2018-11-13,Regression,2015,https://boxd.it/75Y4
2018-11-14,To All the Boys I've Loved Before,2018,https://boxd.it/gHec
2018-11-14,"Welcome Home, Roxy Carmichael",1990,https://boxd.it/1i6W
2018-11-21,Bohemian Rhapsody,2018,https://boxd.it/f1TK
2018-11-22,Passport to Pimlico,1949,https://boxd.it/1lYM
2018-11-22,Battle of Britain,1969,https://boxd.it/1TNe
2018-11-24,Air Doll,2009,https://boxd.it/1wuS
2018-11-24,Permission,2017,https://boxd.it/dCoU
2018-11-25,The Flintstones,1994,https://boxd.it/29mo
2018-11-25,Coal Miner's Daughter,1980,https://boxd.it/1JHA
2018-11-25,"Juliet, Naked",2018,https://boxd.it/gnaE
2018-11-25,Kodachrome,2017,https://boxd.it/ePjK
2018-11-26,First Reformed,2017,https://boxd.it/go9C
2018-11-26,Hardcore,1979,https://boxd.it/XyA
2018-11-26,Au Hasard Balthazar,1966,https://boxd.it/1E3g
2018-11-27,Unsane,2018,https://boxd.it/gKrS
2018-11-30,An Actor Prepares,2018,https://boxd.it/fqda
2018-12-01,The Children Act,2017,https://boxd.it/gLlc
2018-12-03,Silent Light,2007,https://boxd.it/27Ds
2018-12-04,The Spy Who Dumped Me,2018,https://boxd.it/geEg
2018-12-07,Next Gen,2018,https://boxd.it/j1jg
2018-12-08,Princess Mononoke,1997,https://boxd.it/2b4w
2018-12-09,Gramsci 44,2016,https://boxd.it/hSE8
2018-12-10,The Driver,1978,https://boxd.it/27jW
2018-12-10,Diane,2017,https://boxd.it/gDbS
2018-12-11,Time Trap,2017,https://boxd.it/ggMw
2018-12-11,Lowlife,2017,https://boxd.it/gvzi
2018-12-13,Birthmarked,2018,https://boxd.it/h55I
2018-12-14,Dark River,2017,https://boxd.it/fcG8
2018-12-16,BlacKkKlansman,2018,https://boxd.it/hxL8
2018-12-20,Flower,2017,https://boxd.it/eTZA
2018-12-25,Lucky,2017,https://boxd.it/el3M
2018-12-31,Native,2016,https://boxd.it/bDFS
2019-01-01,Grave of the Fireflies,1988,https://boxd.it/1RUM
2019-01-02,Dinner for One,1963,https://boxd.it/21Yu
2019-01-02,My Father Was Right,1936,https://boxd.it/6aU
2019-01-06,A Silent Voice: The Movie,2016,https://boxd.it/d99c
2019-01-08,The Box,1967,https://boxd.it/6ar8
2019-01-08,The Screamers,2010,https://boxd.it/9fbg
2019-01-08,Eye Myth,1967,https://boxd.it/3mQ4
2019-01-08,Tuck Me In,2014,https://boxd.it/8M6Q
2019-01-08,Gerald McBoing-Boing,1950,https://boxd.it/LOw
2019-01-08,Game Over,2006,https://boxd.it/3tzu
2019-01-08,Submarine Sandwich,2014,https://boxd.it/9WeC
2019-01-08,Western Spaghetti,2008,https://boxd.it/5bik
2019-01-08,Fresh Guacamole,2012,https://boxd.it/4y9S
2019-01-08,Doll Clothes,1975,https://boxd.it/4zHw
2019-01-08,Superman 75,2013,https://boxd.it/7yUA
2019-01-08,Your Face,1987,https://boxd.it/5Q5c
2019-01-08,There Will Come Soft Rains,1984,https://boxd.it/3WEo
2019-01-08,The Deep,2010,https://boxd.it/6hPm
2019-01-08,What's on Your Mind?,2014,https://boxd.it/8wcI
2019-01-08,A Social Life,2016,https://boxd.it/gHe2
2019-01-08,Bambi Meets Godzilla,1969,https://boxd.it/25AG
2019-01-08,Splitscreen: A Love Story,2011,https://boxd.it/5N7k
2019-01-08,Wanderers,2014,https://boxd.it/9OWm
2019-01-08,Set It Up,2018,https://boxd.it/dpik
2019-01-09,The Procedure,2016,https://boxd.it/dcAU
2019-01-09,Chicken or the Egg,2013,https://boxd.it/6eag
2019-01-09,"What's Opera, Doc?",1957,https://boxd.it/x4Y
2019-01-09,In a Heartbeat,2017,https://boxd.it/ggzW
2019-01-09,La Maison en Petits Cubes,2008,https://boxd.it/1D06
2019-01-09,Rabbit Fire,1951,https://boxd.it/x4u
2019-01-09,Feast,2014,https://boxd.it/9eOQ
2019-01-09,Powers of Ten,1977,https://boxd.it/x4a
2019-01-11,Home Again,2017,https://boxd.it/f9QE
2019-01-13,Savages,2012,https://boxd.it/2Tl2
2019-01-13,Journeyman,2017,https://boxd.it/fd0W
2019-01-14,Meshes of the Afternoon,1943,https://boxd.it/1sEE
2019-01-14,Rejected,2000,https://boxd.it/1gZU
2019-01-14,A Tale of Momentum & Inertia,2014,https://boxd.it/9wEE
2019-01-14,Tim and Susan Have Matching Handguns,2014,https://boxd.it/aUmw
2019-01-15,Subconscious Cruelty,2000,https://boxd.it/2l3I
2019-01-15,Sherlock: The Abominable Bride,2016,https://boxd.it/dbTQ
2019-01-15,Thanksgiving Prayer,1991,https://boxd.it/5Qfc
2019-01-15,Kiwi!,2006,https://boxd.it/x5i
2019-01-16,Blue Sunshine,1977,https://boxd.it/10wW
2019-01-17,Sherlock: The Final Problem,2017,https://boxd.it/fl5A
2019-01-19,Hamlet,2009,https://boxd.it/1pVC
2019-01-19,The Two of Us,1967,https://boxd.it/b0A
2019-02-07,The Boy in the Striped Pyjamas,2008,https://boxd.it/1NOK
2019-02-09,The Favourite,2018,https://boxd.it/d2hI
2019-02-11,Berlin Falling,2017,https://boxd.it/febw
2019-02-11,Black Mirror: Bandersnatch,2018,https://boxd.it/kTDG
2019-02-19,Brexit: The Uncivil War,2019,https://boxd.it/jwtm
2019-02-19,In This Corner of the World,2016,https://boxd.it/d9kY
2019-02-21,The House with a Clock in Its Walls,2018,https://boxd.it/gARw
2019-02-23,The Old Man & the Gun,2018,https://boxd.it/fd1q
2019-02-23,Romantics Anonymous,2010,https://boxd.it/A56
2019-02-24,Spider-Man: Into the Spider-Verse,2018,https://boxd.it/azpY
2019-03-03,Green Book,2018,https://boxd.it/hErk
2019-03-04,Sex Weather,2018,https://boxd.it/ka5E
2019-03-04,A Page of Madness,1926,https://boxd.it/3i2u
2019-03-20,Daddy Day Camp,2007,https://boxd.it/1OFY
2019-03-20,Ghostbusters,2016,https://boxd.it/Vm8
2019-03-20,How About Adolf?,2018,https://boxd.it/iCJy
2019-03-20,King of Thieves,2018,https://boxd.it/iSmK
2019-03-20,Ready Player One,2018,https://boxd.it/aZes
2019-03-20,Sometimes Always Never,2018,https://boxd.it/jNpm
2019-03-20,Central Intelligence,2016,https://boxd.it/9DFE
2019-03-20,Peppermint,2018,https://boxd.it/gnOE
2019-03-20,Phil Spector,2013,https://boxd.it/5kmg
2019-03-20,Wonder Woman,2017,https://boxd.it/9roG
2019-03-20,Searching,2018,https://boxd.it/hDPg
2019-03-20,Hercules,1997,https://boxd.it/1SDW
2019-03-20,Coach Carter,2005,https://boxd.it/218e
2019-03-21,303,2018,https://boxd.it/hNBe
2019-03-24,Weight,2017,https://boxd.it/kTpY
2019-03-24,Worlds Apart,2015,https://boxd.it/bNle
2019-03-25,Vox Lux,2018,https://boxd.it/fcFk
2019-03-25,The Brain Hack,2015,https://boxd.it/azVq
2019-03-30,Cold War,2018,https://boxd.it/fEoc
2019-03-30,The Quake,2018,https://boxd.it/eGuk
2019-04-01,The Unicorn,2018,https://boxd.it/hnpG
2019-04-01,Fyre,2019,https://boxd.it/kP0g
2019-04-01,Fyre Fraud,2019,https://boxd.it/l7wY
2019-04-06,Young & Beautiful,2013,https://boxd.it/5B0Q
2019-04-15,The Loft,2014,https://boxd.it/2nwM
2019-04-15,I Accuse,2003,https://boxd.it/2w7Q
2019-04-15,Guardian,2001,https://boxd.it/fSQ
2019-04-15,The Guest,2014,https://boxd.it/76RS
2019-04-15,The 51st State,2001,https://boxd.it/28tS
2019-04-15,Reindeer Games,2000,https://boxd.it/27jC
2019-04-15,Hercules,2014,https://boxd.it/5B7s
2019-04-15,Max Payne,2008,https://boxd.it/1QXq
2019-04-23,San Andreas,2015,https://boxd.it/7sUa
2019-04-28,Walking on Water,2018,https://boxd.it/jK7Y
2019-04-29,I Hired a Contract Killer,1990,https://boxd.it/20J4
2019-05-02,The Inventor: Out for Blood in Silicon Valley,2019,https://boxd.it/kLa2
2019-05-03,Dragged Across Concrete,2018,https://boxd.it/fAly
2019-05-04,The Boy Downstairs,2017,https://boxd.it/g1YW
2019-05-04,Perfect Blue,1997,https://boxd.it/1W7A
2019-05-05,The Handmaiden,2016,https://boxd.it/948A
2019-05-06,Alien: Harvest,2019,https://boxd.it/lE5Q
2019-05-06,Alien: Alone,2019,https://boxd.it/lE6u
2019-05-06,Alien: Night Shift,2019,https://boxd.it/lE60
2019-05-06,Alien: Containment,2019,https://boxd.it/lE6k
2019-05-06,Alien: Ore,2019,https://boxd.it/lE6a
2019-05-06,Alien: Specimen,2019,https://boxd.it/lE5G
2019-05-06,The Cocoanuts,1929,https://boxd.it/1DaA
2019-05-06,Go West,1940,https://boxd.it/1An2
2019-05-06,A Night in Casablanca,1946,https://boxd.it/1sQ6
2019-05-06,Monkey Business,1931,https://boxd.it/1P9O
2019-05-07,Glass,2019,https://boxd.it/g3uO
2019-05-08,The Silence,2019,https://boxd.it/j9UE
2019-05-12,Severance,2006,https://boxd.it/23nq
2019-05-13,Long Lost,2018,https://boxd.it/kcjy
2019-05-13,Daddy Issues,2019,https://boxd.it/i6CK
2019-05-15,Ikarie XB 1,1963,https://boxd.it/1EzG
2019-05-15,The Middle Distance,2015,https://boxd.it/cig0
2019-05-16,When Tomatoes Met Wagner,2019,https://boxd.it/lnnS
2019-05-26,The Mule,2018,https://boxd.it/idcY
2019-05-26,Too Big to Fail,2011,https://boxd.it/4EI
2019-05-27,Arctic,2018,https://boxd.it/gc1Q
2019-05-27,11:14,2003,https://boxd.it/1Z4E
2019-05-28,Thirteen Days,2000,https://boxd.it/1SDs
2019-05-29,A Matter of Perspective,1987,https://boxd.it/72Wu
2019-05-29,The Witness,2015,https://boxd.it/c3Z0
2019-05-29,Tower,2016,https://boxd.it/dg60
2019-05-30,Beautiful Boy,2018,https://boxd.it/g76Q
2019-05-30,Balloonfest,2017,https://boxd.it/fNoK
2019-06-01,The Quiet American,2002,https://boxd.it/20vQ
2019-06-01,Sebastiane,1976,https://boxd.it/Xog
2019-06-08,National Treasure,2016,https://boxd.it/eIWA
2019-06-08,Whoops Apocalypse,1986,https://boxd.it/1lVo
2019-07-09,Yesterday,2019,https://boxd.it/iF7M
2019-07-17,Sara Pascoe Live: LadsLadsLads,2019,https://boxd.it/lWzE
2019-07-19,Negative Space,2017,https://boxd.it/guxK
2019-07-20,Climate Change: The Facts,2019,https://boxd.it/lYFY
2019-07-20,The True Cost,2015,https://boxd.it/bgtO
2019-07-29,Corvette Summer,1978,https://boxd.it/1skY
2019-07-29,Turkish Delight,1973,https://boxd.it/1CvW
2019-07-29,Nighthawks,1981,https://boxd.it/1BCs
2019-08-10,Escape Room,2019,https://boxd.it/iYlS
2019-08-10,In a Relationship,2018,https://boxd.it/fYse
2019-08-10,Booksmart,2019,https://boxd.it/igNS
2019-08-12,Stan & Ollie,2018,https://boxd.it/dOda
2019-08-12,Real Genius,1985,https://boxd.it/1OeI
2019-08-13,Sunshine on Leith,2013,https://boxd.it/6nzu
2019-08-13,Before I Fall,2017,https://boxd.it/dW0I
2019-08-14,The Wave,2015,https://boxd.it/baoo
2019-08-14,Zero Days,2016,https://boxd.it/dfle
2019-08-16,The Way of the Gun,2000,https://boxd.it/28t4
2019-08-16,1985,2018,https://boxd.it/i8ke
2019-08-17,Bourek,2016,https://boxd.it/dPkG
2019-08-17,The King and I,1956,https://boxd.it/1K0M
2019-08-17,Anastasia,1956,https://boxd.it/16BI
2019-08-18,Joy,2018,https://boxd.it/jFhu
2019-08-18,McQueen,2018,https://boxd.it/imRc
2019-08-18,The Trip to Spain,2017,https://boxd.it/f5rK
2019-08-20,Summer '03,2018,https://boxd.it/i6Wg
2019-08-20,The Basketball Diaries,1995,https://boxd.it/1WaO
2019-08-20,Hostiles,2017,https://boxd.it/dpiO
2019-08-22,The Other Man,2008,https://boxd.it/1InY
2019-08-22,5 to 7,2014,https://boxd.it/7Ho4
2019-08-23,EGG,2018,https://boxd.it/ivVs
2019-08-23,Close,2019,https://boxd.it/gs92
2019-09-04,Conversations with Other Women,2005,https://boxd.it/1LQO
2019-09-04,Romans,2017,https://boxd.it/g6tY
2019-09-04,Tabu,2012,https://boxd.it/3h40
2019-09-04,Woven,2016,https://boxd.it/dT9W
2019-09-18,Based on a True Story,2017,https://boxd.it/eGvW
2019-09-20,Felon,2008,https://boxd.it/1R1C
2019-09-22,Waiting for Guffman,1996,https://boxd.it/1K4E
2019-09-23,Summer Holiday,1963,https://boxd.it/UeM
2019-09-23,Tokyo Decadence,1992,https://boxd.it/1LuS
2019-09-25,John Wick: Chapter 3 – Parabellum,2019,https://boxd.it/gmFw
2019-09-26,Manglehorn,2014,https://boxd.it/7uZ2
2019-09-27,C'est la vie!,2017,https://boxd.it/fk34
2019-09-28,Hobson's Choice,1954,https://boxd.it/1Ka8
2019-09-29,Darling,1965,https://boxd.it/1yfq
2019-10-12,The Secret Life of Pets 2,2019,https://boxd.it/ewPM
2019-10-12,No Time for Nuts,2006,https://boxd.it/NCs
2019-10-13,David Gilmour - Live At Pompeii (Bonus Wroclaw 2016),2017,https://boxd.it/jwFW
2019-10-23,Entertainment,2015,https://boxd.it/7dZE
2019-10-24,The Comedy,2012,https://boxd.it/2XNO
2019-10-24,Spider-Man: Far From Home,2019,https://boxd.it/fegG
2019-10-24,The Man Who Killed Hitler and Then the Bigfoot,2018,https://boxd.it/jhd4
2019-10-26,The Professor,2018,https://boxd.it/gLm0
2019-10-26,Avengers: Endgame,2019,https://boxd.it/9vE4
2019-10-29,Nicholas on Holiday,2014,https://boxd.it/8sae
2019-11-03,The Art of Self-Defense,2019,https://boxd.it/hf5y
2019-11-04,Time Out of Mind,2014,https://boxd.it/8NhK
2019-11-04,V/H/S,2012,https://boxd.it/2Y1c
2019-11-04,Why Him?,2016,https://boxd.it/c3Wq
2019-11-05,Now Is Good,2012,https://boxd.it/3bFE
2019-11-06,Hot Air,2018,https://boxd.it/hdms
2019-11-10,First Man,2018,https://boxd.it/cPym
2019-11-22,Mumford,1999,https://boxd.it/1yn0
2019-11-22,The Collini Case,2019,https://boxd.it/kWvq
2019-11-24,Rocketman,2019,https://boxd.it/iehK
2019-11-24,The Hero,2017,https://boxd.it/f4rE
2019-11-25,Temps,2016,https://boxd.it/duvS
2019-11-26,Us,2019,https://boxd.it/gnV6
2019-11-26,The Daughter,2015,https://boxd.it/99M6
2019-11-26,The Mother,2003,https://boxd.it/iAK
2019-11-27,Humanité,1999,https://boxd.it/3Zq
2019-11-28,The Big Bad Fox and Other Tales,2017,https://boxd.it/gas6
2019-12-24,The Other Side of Hope,2017,https://boxd.it/fcFE
2019-12-31,Ghost in the Shell,1995,https://boxd.it/1YYc
2019-12-31,Learning to Drive,2014,https://boxd.it/8Nb8
2020-01-19,One Breath Around The World,2019,https://boxd.it/lnwU
2020-02-15,Knives Out,2019,https://boxd.it/jWEA
2020-02-16,Driven,2018,https://boxd.it/iRsC
2020-02-18,Toy Story 4,2019,https://boxd.it/9ALu
2020-02-18,The Neighbors' Window,2019,https://boxd.it/m92e
2020-02-19,Planet Single,2016,https://boxd.it/dmOC
2020-02-20,Cavemen,2013,https://boxd.it/5NUm
2020-02-20,The Silence of the Dying Fish,2018,https://boxd.it/jBq8
2020-02-28,Graduation,2016,https://boxd.it/d0vI
2020-02-29,Santa Sangre,1989,https://boxd.it/1FrI
2020-03-01,The Guernsey Literary & Potato Peel Pie Society,2018,https://boxd.it/g68w
2020-03-01,Dead Presidents,1995,https://boxd.it/1TQi
2020-03-01,Certain Women,2016,https://boxd.it/bk7W
2020-03-02,The Man Who Killed Don Quixote,2018,https://boxd.it/9rkY
2020-03-02,Clash,2016,https://boxd.it/dKoo
2020-03-03,The Farewell,2019,https://boxd.it/kIky
2020-03-05,TimeScapes,2012,https://boxd.it/3Lh4
2020-03-08,Final Portrait,2017,https://boxd.it/bzig
2020-03-08,Baraka,1992,https://boxd.it/1OWA
2020-03-08,24 Frames,2017,https://boxd.it/d6YG
2020-03-08,Sorry to Bother You,2018,https://boxd.it/f21E
2020-03-09,American Bistro,2019,https://boxd.it/n1f2
2020-03-09,Being Frank: The Chris Sievey Story,2018,https://boxd.it/icb6
2020-03-10,The Cassandra Crossing,1976,https://boxd.it/1hSA
2020-03-11,To Be or Not to Be,1983,https://boxd.it/1zMA
2020-03-11,Keeping the Faith,2000,https://boxd.it/23yo
2020-03-11,"See No Evil, Hear No Evil",1989,https://boxd.it/1UqA
2020-03-11,The Woman in Red,1984,https://boxd.it/22fA
2020-03-12,The Unknown Girl,2016,https://boxd.it/bk78
2020-03-14,Ad Astra,2019,https://boxd.it/ePzI
2020-03-15,AlphaGo,2017,https://boxd.it/geTA
2020-03-16,The Irishman,2019,https://boxd.it/dYOq
2020-03-16,Song of Granite,2017,https://boxd.it/eQaY
2020-03-16,15 Minutes of War,2019,https://boxd.it/hqSm
2020-03-17,Paradise Hills,2019,https://boxd.it/hwMO
2020-03-18,Joker,2019,https://boxd.it/h4cS
2020-03-20,The Look of Silence,2014,https://boxd.it/8006
2020-03-20,Marriage Story,2019,https://boxd.it/hJAw
2020-03-21,The Blackcoat's Daughter,2015,https://boxd.it/b2Km
2020-03-22,Parasite,2019,https://boxd.it/hTha
2020-03-22,Jubilee,1978,https://boxd.it/Zp6
2020-03-22,Jordan's Dance,1977,https://boxd.it/bVFG
2020-03-23,Stroszek,1977,https://boxd.it/1Td6
2020-03-24,Acrylic,2017,https://boxd.it/eAdW
2020-03-25,North Country,2005,https://boxd.it/1Y10
2020-03-25,Tampopo,1985,https://boxd.it/1SZe
2020-03-27,Beatriz at Dinner,2017,https://boxd.it/fcUk
2020-03-28,American Woman,2018,https://boxd.it/bj0A
2020-03-28,Blinded by the Light,2019,https://boxd.it/jrYO
2020-03-28,Luce,2019,https://boxd.it/hKuu
2020-03-31,Barbara,2012,https://boxd.it/37XY
2020-03-31,Seduced and Abandoned,2013,https://boxd.it/5Q2C
2020-03-31,Thunder Road,2018,https://boxd.it/i8Hs
2020-03-31,Thunder Road,2016,https://boxd.it/ddue
2020-04-04,A Hidden Life,2019,https://boxd.it/eb1Q
2020-04-06,Joseph and the Amazing Technicolor Dreamcoat,1999,https://boxd.it/1xYu
2020-04-13,A League of Their Own,1992,https://boxd.it/1UdG
2020-04-13,Jesus Christ Superstar - Live Arena Tour,2012,https://boxd.it/4zUK
2020-04-19,The Phantom of the Opera at the Royal Albert Hall,2011,https://boxd.it/2CMK
2020-04-19,Blame It on Rio,1984,https://boxd.it/1Ohs
2020-04-19,About Last Night...,1986,https://boxd.it/1Hse
2020-04-20,The Party,2017,https://boxd.it/eEVS
2020-04-24,The Lighthouse,2019,https://boxd.it/icFU
2020-04-25,Hear My Song,1991,https://boxd.it/umq
2020-04-27,Onibaba,1964,https://boxd.it/252a
2020-04-29,Timecrimes,2007,https://boxd.it/1OGM
2020-05-01,The Surrounding Game,2017,https://boxd.it/d3s8
2020-05-02,The Invisible Man,2020,https://boxd.it/kWlA
2020-05-03,The Gentlemen,2019,https://boxd.it/iYBQ
2020-05-04,3-Iron,2004,https://boxd.it/28WK
2020-05-05,Ford v Ferrari,2019,https://boxd.it/ce74
2020-05-09,Shepherds and Butchers,2016,https://boxd.it/dkEg
2020-05-14,The Platform,2019,https://boxd.it/mUm6
2020-05-14,The Wave,2019,https://boxd.it/mUlW
2020-05-14,Vaskduellen,2015,https://boxd.it/cDU6
2020-05-15,Nakenlekar,2010,https://boxd.it/7RYm
2020-05-17,La Villa Santo-Sospir,1952,https://boxd.it/4HlI
2020-05-17,The Dinner Game,1998,https://boxd.it/1YJ2
2020-05-17,Desire,2011,https://boxd.it/33XU
2020-05-17,That Sunday,2010,https://boxd.it/dRfe
2020-05-18,Domino,2005,https://boxd.it/1Xw2
2020-05-20,PK,2014,https://boxd.it/9q1G
2020-05-23,Rams,2018,https://boxd.it/ise6
2020-05-23,Urbanized,2011,https://boxd.it/2FOu
2020-05-23,Objectified,2009,https://boxd.it/1yCk
2020-05-23,Cats,1998,https://boxd.it/1tyC
2020-05-23,Sarah Brightman: In Concert,1998,https://boxd.it/IaI
2020-05-23,Andrew Lloyd Webber: The Royal Albert Hall Celebration,1998,https://boxd.it/1yDC
2020-05-23,Workplace,2016,https://boxd.it/g9dY
2020-05-24,Mandy,2018,https://boxd.it/gtti
2020-05-24,Kill Chain,2019,https://boxd.it/jk3w
2020-05-25,The King,2019,https://boxd.it/ieZs
2020-05-25,The Space Between Us,2017,https://boxd.it/cF0u
2020-05-26,Green Room,2015,https://boxd.it/a75m
2020-05-27,Eyes Without a Face,1960,https://boxd.it/1j9i
2020-05-27,Forev,2013,https://boxd.it/5OhA
2020-05-29,Transit,2018,https://boxd.it/gUK6
2020-05-29,Pond Life,2018,https://boxd.it/kzQq
2020-05-29,Birds of Prey (and the Fantabulous Emancipation of One Harley Quinn),2020,https://boxd.it/hSyO
2020-05-31,That Awkward Moment,2014,https://boxd.it/6Ftu
2020-06-02,Valkyrie,2008,https://boxd.it/275g
2020-06-03,Uncut Gems,2019,https://boxd.it/gXGc
2020-06-04,Martin Scorsese's Quarantine Short Film,2020,https://boxd.it/qCmq
2020-06-04,Russian Ark,2002,https://boxd.it/1JQM
2020-06-06,Jupiter Ascending,2015,https://boxd.it/2Evm
2020-06-07,Jiro Dreams of Sushi,2011,https://boxd.it/2ONU
2020-06-07,I Killed My Mother,2009,https://boxd.it/1ubO
2020-06-08,Mommy,2014,https://boxd.it/7Uau
2020-06-08,Murder Mystery,2019,https://boxd.it/iEBm
2020-06-08,A Month of Sundays,2015,https://boxd.it/calm
2020-06-09,At Eternity's Gate,2018,https://boxd.it/hI40
2020-06-16,Where We Belong,2019,https://boxd.it/mwrm
2020-06-18,The Big Chill: A Reunion,1999,https://boxd.it/hjHQ
2020-06-19,"Farewell, Etaoin Shrdlu",1980,https://boxd.it/3cui
2020-06-20,The Italian Job,1969,https://boxd.it/1W1i
2020-06-22,The Killing Fields,1984,https://boxd.it/29Yi
2020-06-22,The Giant,2016,https://boxd.it/ekBS
2020-06-22,Private Life,2018,https://boxd.it/gn9Q
2020-06-22,Dead Snow,2009,https://boxd.it/1O4e
2020-06-23,Bauhaus: The Face of the Twentieth Century,1994,https://boxd.it/3SqC
2020-06-25,Beethoven,1992,https://boxd.it/1T36
2020-06-25,Wes Anderson: A Mini Documentary,2013,https://boxd.it/eKue
2020-06-26,Chernobyl,2019,https://boxd.it/mkbG
2020-07-01,Vivarium,2019,https://boxd.it/gmVE
2020-07-02,View from the Top,2003,https://boxd.it/1TEm
2020-07-04,Blue Valentine,2010,https://boxd.it/MxG
2020-07-05,At the End of the Tunnel,2016,https://boxd.it/dN92
2020-07-05,End of the Century,2019,https://boxd.it/lAZU
2020-07-06,Man Bites Dog,1992,https://boxd.it/1X7Q
2020-07-07,Room 237,2012,https://boxd.it/2Y46
2020-07-09,The Half of It,2020,https://boxd.it/m0T4
2020-07-10,Shot Caller,2017,https://boxd.it/bihA
2020-07-10,Speak,2004,https://boxd.it/1MTO
2020-07-12,Equals,2015,https://boxd.it/9BAM
2020-07-14,Snitch,2013,https://boxd.it/4lvQ
2020-07-14,Marlina the Murderer in Four Acts,2017,https://boxd.it/gazQ
2020-07-14,Man on the Roof,1976,https://boxd.it/1vim
2020-07-14,Tomboy,2011,https://boxd.it/49U
2020-07-14,Pauline,2009,https://boxd.it/bDJ6
2020-07-17,Flesh + Blood,1985,https://boxd.it/1Rg8
2020-07-17,The 4th Man,1983,https://boxd.it/1o7c
2020-07-17,Hollow Man,2000,https://boxd.it/1YP0
2020-07-21,Blindspotting,2018,https://boxd.it/hDMw
2020-07-21,Ophelia,2018,https://boxd.it/fc6E
2020-07-21,Samsara,2011,https://boxd.it/3ada
2020-07-22,Aniara,2018,https://boxd.it/hUMe
2020-07-23,Scarborough,2018,https://boxd.it/hXzM
2020-07-25,Woman in the Dunes,1964,https://boxd.it/1JNS
2020-07-26,Undertow,2004,https://boxd.it/1KKU
2020-07-27,A Man Called Ove,2015,https://boxd.it/bHuY
2020-07-29,Investigation of a Citizen Above Suspicion,1970,https://boxd.it/1tRY
2020-07-31,No Man's Land,2001,https://boxd.it/20kI
2020-07-31,On My Skin,2018,https://boxd.it/jCrQ
2020-08-04,Speed 2: Cruise Control,1997,https://boxd.it/28qa
2020-08-04,28 Days,2000,https://boxd.it/1WbM
2020-08-04,The Net,1995,https://boxd.it/28pG
2020-08-04,Practical Magic,1998,https://boxd.it/21HS
2020-08-04,Divine Secrets of the Ya-Ya Sisterhood,2002,https://boxd.it/1Yjy
2020-08-04,Two Weeks Notice,2002,https://boxd.it/26wK
2020-08-04,Marjorie Prime,2017,https://boxd.it/f5ow
2020-08-06,Cluny Brown,1946,https://boxd.it/zpk
2020-08-07,The Lovers,2017,https://boxd.it/f5om
2020-08-09,Mamma Mia! Here We Go Again,2018,https://boxd.it/gnfO
2020-08-09,The Unknown Singer,1931,https://boxd.it/ko20
2020-08-09,Porno,2019,https://boxd.it/l9vS
2020-08-10,The Trip to Greece,2020,https://boxd.it/mAde
2020-08-11,Blue Spring,2001,https://boxd.it/1fIo
2020-08-12,Zombieland,2009,https://boxd.it/1En6
2020-08-12,Zombieland: Double Tap,2019,https://boxd.it/bgb6
2020-08-13,"Yes, God, Yes",2019,https://boxd.it/jaGS
2020-08-17,The Old Guard,2020,https://boxd.it/jY2e
2020-08-17,Dating Amber,2020,https://boxd.it/nApw
2020-08-17,Late Night,2019,https://boxd.it/iZq0
2020-08-18,The Overnight,2015,https://boxd.it/9QQq
2020-08-18,Long Shot,2019,https://boxd.it/grG0
2020-08-19,Ghosts of Girlfriends Past,2009,https://boxd.it/1RIm
2020-08-19,Greyhound,2020,https://boxd.it/iIaE
2020-08-20,The Fool,2014,https://boxd.it/8QXu
2020-08-20,13 Going on 30,2004,https://boxd.it/1X6e
2020-08-20,12 Chairs,1971,https://boxd.it/1iD2
2020-08-21,The Idiot,2011,https://boxd.it/2EZm
2020-08-22,The Two Popes,2019,https://boxd.it/k8Xk
2020-08-22,Greed,2019,https://boxd.it/kOom
2020-08-23,Popstar: Never Stop Never Stopping,2016,https://boxd.it/blDa
2020-08-23,Eurovision Song Contest: The Story of Fire Saga,2020,https://boxd.it/jkMG
2020-08-24,The First Deadly Sin,1980,https://boxd.it/1pbO
2020-08-24,Babyteeth,2019,https://boxd.it/iWDU
2020-08-24,Buffaloed,2019,https://boxd.it/jY24
2020-08-25,Give Me Liberty,2019,https://boxd.it/kJvM
2020-08-25,Guest of Honour,2019,https://boxd.it/k0PW
2020-08-26,Madison,2001,https://boxd.it/15mM
2020-08-26,Ready or Not,2019,https://boxd.it/kOf0
2020-08-27,"Night Is Short, Walk On Girl",2017,https://boxd.it/ffwA
2020-08-27,Tehran Taboo,2017,https://boxd.it/gaPY
2020-08-28,Waltz with Bashir,2008,https://boxd.it/1ZFA
2020-08-28,Merci Bocuse,2019,https://boxd.it/nL7S
2020-08-29,Bad Education,2019,https://boxd.it/jiME
2020-08-29,Dreams with Sharp Teeth,2008,https://boxd.it/19pU
2020-08-30,Around the Sun,2019,https://boxd.it/l4qy
2020-08-30,Things You Can Tell Just by Looking at Her,2000,https://boxd.it/1E7s
2020-08-30,The Dirt,2019,https://boxd.it/aGN4
2020-08-30,Milk Money,1994,https://boxd.it/1Zre
2020-08-31,This Changes Everything,2018,https://boxd.it/jK7E
2020-08-31,Triple Frontier,2019,https://boxd.it/dZUO
2020-09-01,The Spirit of the Beehive,1973,https://boxd.it/24eY
2020-09-13,Einstein,2008,https://boxd.it/YvIi
2020-09-13,The Tourist,2010,https://boxd.it/17Hs
2020-09-13,The Good Shepherd,2006,https://boxd.it/291g
2020-09-14,The Book of Eli,2010,https://boxd.it/1Dnu
2020-09-15,Callas Forever,2002,https://boxd.it/Jsy
2020-10-01,The Joy of Data,2016,https://boxd.it/enO6
2020-10-04,The Big Sick,2017,https://boxd.it/eHvy
2020-10-06,The Social Dilemma,2020,https://boxd.it/opQI
2020-10-06,People You May Know,2020,https://boxd.it/s4Tu
2020-10-09,Working Man,2019,https://boxd.it/lmss
2020-10-09,Permissive,1970,https://boxd.it/10iK
2020-10-09,White Lie,2019,https://boxd.it/lghI
2020-10-12,Death by Potato,2016,https://boxd.it/foca
2020-10-12,An Easy Girl,2019,https://boxd.it/l8fk
2020-11-02,Citizen Ruth,1996,https://boxd.it/1Pco
2020-11-02,Claire's Camera,2017,https://boxd.it/fl4i
2020-11-03,Beats,2019,https://boxd.it/hMig
2020-11-06,The Bit Player,2018,https://boxd.it/niXA
2020-11-07,A Rainy Day in New York,2019,https://boxd.it/h2z6
2020-11-07,The Dresser,1983,https://boxd.it/XGE
2020-11-07,Tom Jones,1963,https://boxd.it/22Ao
2020-11-08,Distance,2001,https://boxd.it/1wvc
2020-11-09,Angela's Ashes,1999,https://boxd.it/1WmK
2020-11-10,Under the Volcano,1984,https://boxd.it/10dq
2020-11-10,Hudson Hawk,1991,https://boxd.it/1Z32
2020-11-14,Maborosi,1995,https://boxd.it/1G9U
2020-11-14,Shoplifters,2018,https://boxd.it/ifY6
2020-11-16,The Third Murder,2017,https://boxd.it/fqF4
2020-11-18,Still Walking,2008,https://boxd.it/1wvm
2020-11-21,Punchline,1988,https://boxd.it/10RK
2020-11-21,Dragnet,1987,https://boxd.it/1Xhc
2020-11-21,Turner & Hooch,1989,https://boxd.it/21ie
2020-11-21,Joe Versus the Volcano,1990,https://boxd.it/26Ce
2020-11-22,After the Storm,2016,https://boxd.it/d0HY
2020-11-22,"Like Father, Like Son",2013,https://boxd.it/5rQs
2020-11-26,Hannah Takes the Stairs,2007,https://boxd.it/22BG
2020-11-27,Mysterious Skin,2004,https://boxd.it/1UsG
2020-11-27,Win It All,2017,https://boxd.it/dUSS
2020-11-28,David Byrne's American Utopia,2020,https://boxd.it/oUAG
2020-11-29,Official Secrets,2019,https://boxd.it/dLxm
2020-11-30,Greenland,2020,https://boxd.it/j1Um
2020-12-01,The Cremator,1969,https://boxd.it/1H8y
2020-12-01,Gringo: The Dangerous Life of John McAfee,2016,https://boxd.it/eAKG
2020-12-02,Target Number One,2020,https://boxd.it/j9eS
2020-12-06,Loving Vincent,2017,https://boxd.it/biIQ
2020-12-07,On the Rocks,2020,https://boxd.it/l8aY
2020-12-10,The Laundromat,2019,https://boxd.it/iLUK
2020-12-10,Nude,2010,https://boxd.it/3wq6
2020-12-13,Mank,2020,https://boxd.it/mIuC
2020-12-13,Love Meetings,1964,https://boxd.it/W9Y
2020-12-14,Hamilton,2020,https://boxd.it/kmvE
2020-12-15,Minor Premise,2020,https://boxd.it/oBew
2020-12-16,Tenet,2020,https://boxd.it/leq4
2020-12-16,Quay,2015,https://boxd.it/bQZm
2020-12-17,Win Win,2011,https://boxd.it/r9y
2020-12-17,Every Brilliant Thing,2016,https://boxd.it/f5sy
2020-12-17,Scrooge,1970,https://boxd.it/1PsQ
2020-12-18,Twixt,2011,https://boxd.it/2IFU
2020-12-19,Your Name.,2016,https://boxd.it/cUqs
2020-12-21,The Day Shall Come,2019,https://boxd.it/hJJS
2020-12-21,Rebuilding Paradise,2020,https://boxd.it/oiR0
2020-12-23,Noises Off...,1992,https://boxd.it/1tpA
2020-12-23,Straight Up,2019,https://boxd.it/mhGQ
2020-12-25,Peter Pan Goes Wrong,2016,https://boxd.it/fkU8
2020-12-25,A Christmas Carol Goes Wrong,2017,https://boxd.it/hJWi
2020-12-28,Bring Me an Avocado,2019,https://boxd.it/nWOo
2020-12-28,A Family Thing,1996,https://boxd.it/YmK
2020-12-28,Extracted,2012,https://boxd.it/3n46
2020-12-29,Romance & Cigarettes,2005,https://boxd.it/1OXI
2020-12-30,QT8: The First Eight,2019,https://boxd.it/no9c
2020-12-30,Girlfriends,1978,https://boxd.it/3JYU
2020-12-30,Good Omens,2019,https://boxd.it/jUOI
2021-01-03,Once Upon a Time... in Hollywood,2019,https://boxd.it/gH0O
2021-01-04,The Taking of Pelham 1 2 3,2009,https://boxd.it/1GS6
2021-01-06,One Cut of the Dead,2017,https://boxd.it/iAFu
2021-01-06,Palm Springs,2020,https://boxd.it/lCXQ
2021-01-09,Death to 2020,2020,https://boxd.it/t4EQ
2021-01-11,Y Tu Mamá También,2001,https://boxd.it/28QM
2021-01-11,Soul,2020,https://boxd.it/ioLA
2021-01-12,Dead,2020,https://boxd.it/rdzQ
2021-01-13,Water Lilies,2007,https://boxd.it/1VjK
2021-01-13,The Donut King,2020,https://boxd.it/p9l2
2021-01-14,Bombshell,2019,https://boxd.it/j5YC
2021-01-17,The Personal History of David Copperfield,2019,https://boxd.it/iTAS
2021-01-17,I'm Thinking of Ending Things,2020,https://boxd.it/i4IQ
2021-01-18,Going Postal,2010,https://boxd.it/15Aa
2021-01-19,A Sense of History,1992,https://boxd.it/erY
2021-01-21,Bill Bailey: Dandelion Mind,2010,https://boxd.it/DSg
2021-01-22,Prozac Nation,2001,https://boxd.it/1KxG
2021-01-25,Digging for Fire,2015,https://boxd.it/9lF2
2021-01-27,Becoming,2018,https://boxd.it/kiqq
2021-01-27,Tops,1969,https://boxd.it/bDC0
2021-01-27,Psychomagic: A Healing Art,2019,https://boxd.it/ixuI
2021-01-27,I Am Greta,2020,https://boxd.it/riwM
2021-01-30,Love Exposure,2008,https://boxd.it/1pDe
2021-02-01,Never-Ending Man: Hayao Miyazaki,2016,https://boxd.it/gqMw
2021-02-02,Where the Wild Things Are,2009,https://boxd.it/1K0C
2021-02-04,Toys Are Not for Children,1972,https://boxd.it/384K
2021-02-09,Camera Store,2016,https://boxd.it/fcyI
2021-02-09,Hair High,2004,https://boxd.it/1s6M
2021-02-10,Forgetting Sarah Marshall,2008,https://boxd.it/1XEq
2021-02-11,Gerorist,1986,https://boxd.it/4LAW
2021-02-12,The Art Idol Koe-chan's Challenge! Transformation Land,2004,https://boxd.it/cXoY
2021-02-13,Sunny,2011,https://boxd.it/2FoG
2021-02-15,Ronaldo,2010,https://boxd.it/pICi
2021-02-15,Seberg,2019,https://boxd.it/isSg
2021-02-15,Stopping Traffic: The Movement to End Sex Trafficking,2017,https://boxd.it/gVeg
2021-02-15,The Punch Bowl,1944,https://boxd.it/29o0
2021-02-16,Bonjour Tristesse,1958,https://boxd.it/27OK
2021-02-17,The Fitzroy,2016,https://boxd.it/f4y6
2021-02-19,Center of My World,2016,https://boxd.it/chb4
2021-02-28,Rivers and Tides,2001,https://boxd.it/1lSO
2021-02-28,Leaning Into the Wind: Andy Goldsworthy,2017,https://boxd.it/fW4Y
2021-03-06,The Family Fang,2015,https://boxd.it/97Ta
2021-03-07,Tesla,2020,https://boxd.it/iKZa
2021-03-07,The Beguiled,2017,https://boxd.it/dZ1k
2021-03-07,The Beguiled,1971,https://boxd.it/1i9m
2021-03-12,Porn Theatre,2002,https://boxd.it/FYA
2021-03-12,Rendez-vous,1985,https://boxd.it/1ely
2021-03-14,A Severed Head,1971,https://boxd.it/dh4
2021-03-16,Bird Box,2018,https://boxd.it/eh1i
2021-03-16,The Spider's Web: Britain's Second Empire,2017,https://boxd.it/kzOY
2021-03-19,Barren Trees,2018,https://boxd.it/iVsG
2021-03-19,Kick-Ass,2010,https://boxd.it/1zaQ
2021-03-19,Kick-Ass 2,2013,https://boxd.it/hqu
2021-03-20,Looking for Eric,2009,https://boxd.it/1G6m
2021-03-20,Hotel Artemis,2018,https://boxd.it/ejwW
2021-03-20,Fourplay,2018,https://boxd.it/iEkg
2021-03-26,The Circle,2017,https://boxd.it/bj1I
2021-03-28,The Danish Girl,2015,https://boxd.it/9Ohy
2021-03-28,The Mechanic,2011,https://boxd.it/1rtg
2021-03-28,Seven Chances,1925,https://boxd.it/1gRG
2021-03-28,The Navigator,1924,https://boxd.it/1hh0
2021-03-28,The Cameraman,1928,https://boxd.it/1jag
2021-03-28,Sherlock Jr.,1924,https://boxd.it/298m
2021-03-28,Our Hospitality,1923,https://boxd.it/29Mm
2021-03-28,The Goat,1921,https://boxd.it/BAE
2021-03-28,Go West,1925,https://boxd.it/1ggA
2021-03-28,Babes in Toyland,1934,https://boxd.it/1uTQ
2021-03-28,Way Out West,1937,https://boxd.it/1vus
2021-03-28,The Music Box,1932,https://boxd.it/QPO
2021-03-28,Sons of the Desert,1933,https://boxd.it/VdA
2021-03-28,The Flying Deuces,1939,https://boxd.it/1zMq
2021-03-28,Big Business,1929,https://boxd.it/HXa
2021-03-28,Our Relations,1936,https://boxd.it/O7U
2021-03-28,Helpmates,1932,https://boxd.it/Cx2
2021-03-28,Tit for Tat,1935,https://boxd.it/Czi
2021-03-28,County Hospital,1932,https://boxd.it/HTC
2021-03-28,Laughing Gravy,1931,https://boxd.it/CKq
2021-03-28,Wrong Again,1929,https://boxd.it/Cy0
2021-03-29,Extracurricular,2018,https://boxd.it/e66Q
2021-03-30,Extra Ordinary,2019,https://boxd.it/jBwU
2021-03-31,Robin's Wish,2020,https://boxd.it/rmOA
2021-04-01,Reckless,2013,https://boxd.it/85hm
2021-04-02,Get Low,2009,https://boxd.it/Rgg
2021-04-03,Mindscape,1976,https://boxd.it/4m3I
2021-04-03,Zig Zag,1996,https://boxd.it/7zke
2021-04-03,The Heart of the World,2000,https://boxd.it/Z3k
2021-04-03,Send Me to the 'Lectric Chair,2009,https://boxd.it/4A5e
2021-04-04,This Magnificent Cake!,2018,https://boxd.it/iNUC
2021-04-04,Last Ferry,2019,https://boxd.it/lvNu
2021-04-04,Die Prinzessin von St. Wolfgang,1957,https://boxd.it/4ogO
2021-04-04,Portrait of a Lady on Fire,2019,https://boxd.it/jkPq
2021-04-04,Vincent,1982,https://boxd.it/1hLa
2021-04-04,Glass,1958,https://boxd.it/y9K
2021-04-05,Brain Dead,1987,https://boxd.it/JQK
2021-04-05,Premonitions Following an Evil Deed,1995,https://boxd.it/D6uI
2021-04-05,Ryan,2004,https://boxd.it/IIU
2021-04-05,Walking,1968,https://boxd.it/6cYy
2021-04-05,Subconscious Password,2013,https://boxd.it/6qDk
2021-04-05,Quest,1996,https://boxd.it/3fK4
2021-04-05,Manoman,2015,https://boxd.it/bTAY
2021-04-06,Helmut Newton: The Bad and the Beautiful,2020,https://boxd.it/q5Do
2021-04-07,Acres and Acres,2019,https://boxd.it/q9Xs
2021-04-07,Mum's List,2016,https://boxd.it/f8lK
2021-04-08,Ars colonia,2011,https://boxd.it/4ciy
2021-04-09,Brooklyn,2015,https://boxd.it/5bdk
2021-04-09,Murder,1957,https://boxd.it/3xCC
2021-04-09,Demolishing and Building Up the Star Theatre,1901,https://boxd.it/4eFE
2021-04-09,Batman Beyond,2014,https://boxd.it/84KC
2021-04-09,Splitting Heirs,1993,https://boxd.it/1DEU
2021-04-09,Don't,2007,https://boxd.it/6ozU
2021-04-09,Stand and Deliver,1988,https://boxd.it/1o5g
2021-04-09,Mical,2020,https://boxd.it/sHRi
2021-04-09,The Letter Room,2020,https://boxd.it/sEN8
2021-04-09,Ticky Tacky,2014,https://boxd.it/cRPa
2021-04-10,Lightningface,2016,https://boxd.it/dJrm
2021-04-10,Two Strangers Who Meet Five Times,2018,https://boxd.it/ifwQ
2021-04-10,2ⁿ: A Story of the Power of Numbers,1961,https://boxd.it/dAmC
2021-04-10,Dots,1940,https://boxd.it/3xUc
2021-04-10,The Wizard of Speed and Time,1979,https://boxd.it/34o2
2021-04-10,One-Minute Time Machine,2014,https://boxd.it/bFSO
2021-04-10,The Day After,1983,https://boxd.it/21cg
2021-04-11,41,2012,https://boxd.it/41Bk
2021-04-11,Capricorn One,1977,https://boxd.it/1SJq
2021-04-11,Barbarians at the Gate,1993,https://boxd.it/1reA
2021-04-11,Lie Detector,2011,https://boxd.it/d2FA
2021-04-11,Alternative Math,2017,https://boxd.it/j4No
2021-04-11,Shadowed,2020,https://boxd.it/pJ1W
2021-04-11,Clockwatchers,1997,https://boxd.it/rxg
2021-04-11,Sugar Daddy,2020,https://boxd.it/sFv0
2021-04-12,Eric Hobsbawm: The Consolations of History,2021,https://boxd.it/uKOU
2021-04-12,Godzilla vs. Kong,2021,https://boxd.it/e0qK
2021-04-14,Colour Me Kubrick,2005,https://boxd.it/1PnG
2021-04-14,Hidden Figures,2016,https://boxd.it/dgS4
2021-04-14,"Hello, Again",2014,https://boxd.it/f3Q4
2021-04-15,The Paper Boy,2015,https://boxd.it/pGO2
2021-04-15,Hysterical,2021,https://boxd.it/ugjC
2021-04-17,The Room,2019,https://boxd.it/lqRw
2021-04-18,The Holy Mountain,1973,https://boxd.it/20mu
2021-04-19,L'Observateur,2019,https://boxd.it/qnjQ
2021-04-19,Waiting,2020,https://boxd.it/pVO2
2021-04-19,Rifkin’s Festival,2020,https://boxd.it/mp8s
2021-04-19,Travelling Salesman,2012,https://boxd.it/49Dy
2021-04-22,Big Hit,2012,https://boxd.it/4WWO
2021-04-24,Cheap Smokes,2000,https://boxd.it/41qQ
2021-04-24,No Budget Story,1997,https://boxd.it/LdK
2021-04-24,4 Black Suits,2010,https://boxd.it/2g1M
2021-04-24,The Heart of the Beast,2005,https://boxd.it/7nlE
2021-04-27,WeWork: or The Making and Breaking of a $47 Billion Unicorn,2021,https://boxd.it/tVqi
2021-04-28,Fantail,2013,https://boxd.it/6giw
2021-04-28,X,2019,https://boxd.it/oij8
2021-05-02,One Night at McCool's,2001,https://boxd.it/27le
2021-05-02,Igby Goes Down,2002,https://boxd.it/1Y3A
2021-05-02,Faces of Deceit,2018,https://boxd.it/uFKe
2021-05-02,California Suite,1978,https://boxd.it/1tnk
2021-05-03,Death Wish,1974,https://boxd.it/1P5i
2021-05-03,The Dirty Dozen,1967,https://boxd.it/28nK
2021-05-03,Death Wish II,1982,https://boxd.it/1Oeo
2021-05-03,Death Wish 3,1985,https://boxd.it/1wQO
2021-05-03,Battle of the Bulge,1965,https://boxd.it/1PZ6
2021-05-03,"Farewell, Friend",1968,https://boxd.it/23KE
2021-05-03,The Sicilian Clan,1969,https://boxd.it/24E8
2021-05-03,Zorro,1975,https://boxd.it/1GW8
2021-05-03,Two Men in Town,1973,https://boxd.it/23Y2
2021-05-03,For a Cop's Hide,1981,https://boxd.it/3Wqw
2021-05-03,The Black Tulip,1964,https://boxd.it/1RL6
2021-05-03,House of Wax,1953,https://boxd.it/1GGE
2021-05-03,The Concorde... Airport '79,1979,https://boxd.it/1mOS
2021-05-03,Pépé le Moko,1937,https://boxd.it/1ufQ
2021-05-03,Touchez Pas au Grisbi,1954,https://boxd.it/1rPw
2021-05-03,French Cancan,1955,https://boxd.it/Q4y
2021-05-03,Daybreak,1939,https://boxd.it/1sD2
2021-05-03,La Bête Humaine,1938,https://boxd.it/1nxI
2021-05-03,Port of Shadows,1938,https://boxd.it/Nr0
2021-05-03,The Cat,1971,https://boxd.it/1wD6
2021-05-06,Menorca,2016,https://boxd.it/fbxa
2021-05-06,The Jerk,1979,https://boxd.it/21EO
2021-05-10,Nimic,2019,https://boxd.it/n10Q
2021-05-10,The Human Voice,2020,https://boxd.it/p148
2021-05-10,National Theatre Live: Fleabag,2019,https://boxd.it/mXOW
2021-05-11,Sincerely Louis C.K.,2020,https://boxd.it/pKsO
2021-05-11,High School Musical,2006,https://boxd.it/1V0y
2021-05-11,High School Musical 2,2007,https://boxd.it/1PIu
2021-05-11,High School Musical 3: Senior Year,2008,https://boxd.it/1SR0
2021-05-16,Ask Me Anything,2014,https://boxd.it/89XG
2021-05-16,PolyLove,2019,https://boxd.it/lO4I
2021-05-18,Last and First Men,2020,https://boxd.it/kKi0
2021-05-18,Sir Alex Ferguson: Never Give In,2021,https://boxd.it/tJjY
2021-05-18,Voyagers,2021,https://boxd.it/m2qo
2021-05-24,The Dirties,2013,https://boxd.it/4ZGa
2021-05-25,Kitbull,2019,https://boxd.it/l4MY
2021-05-25,Party with Me,2021,https://boxd.it/v80E
2021-05-28,Sibyl,2019,https://boxd.it/kum6
2021-05-28,Mystery Men,1999,https://boxd.it/1XIM
2021-05-30,The Family Stone,2005,https://boxd.it/1Zja
2021-05-31,I Don't Want to Be a Man,1918,https://boxd.it/ITo
2021-05-31,Framing Britney Spears,2021,https://boxd.it/uaGq
2021-06-01,The Blade Runner Phenomenon,2021,https://boxd.it/vrLO
2021-06-01,The Shipment,2018,https://boxd.it/ntTa
2021-06-04,Zack Snyder's Justice League,2021,https://boxd.it/tLOk
2021-06-04,The Last Word,2008,https://boxd.it/1J3U
2021-06-06,The House That Jack Built,2018,https://boxd.it/dWO4
2021-06-06,Genius Factory,2017,https://boxd.it/kojK
2021-06-06,The Courier,2020,https://boxd.it/iX7A
2021-06-06,Summerland,2020,https://boxd.it/j1S6
2021-06-06,Leading Lady Parts,2018,https://boxd.it/jEXa
2021-06-08,Going in Style,2017,https://boxd.it/bSKS
2021-06-08,In the Time It Takes to Get There,2019,https://boxd.it/lPPq
2021-06-10,Bagdad Cafe,1987,https://boxd.it/25fe
2021-06-10,All the Sins of Sodom,1968,https://boxd.it/2Frq
2021-06-13,Proxima,2019,https://boxd.it/hcCY
2021-06-14,Four Good Days,2020,https://boxd.it/nP0c
2021-06-15,Love Steaks,2013,https://boxd.it/72hw
2021-06-15,Land,2021,https://boxd.it/m5b2
2021-06-16,The Dark of Night,2017,https://boxd.it/guGi
2021-06-19,Black Eagles,2021,https://boxd.it/uQ9I
2021-06-19,Only People,2018,https://boxd.it/v8em
2021-06-20,On Body and Soul,2017,https://boxd.it/fu7A
2021-06-21,Micro Men,2009,https://boxd.it/DCi
2021-06-22,Tetsuo: The Iron Man,1989,https://boxd.it/ZoM
2021-06-22,What Happened Was...,1994,https://boxd.it/2WAk
2021-06-22,F/X,1986,https://boxd.it/1XDW
2021-06-23,The Forbidden Room,2015,https://boxd.it/abC0
2021-06-23,Heroic Purgatory,1970,https://boxd.it/3xFG
2021-06-26,Female Beautician Rope Discipline,1981,https://boxd.it/5Dis
2021-06-26,Looking for Athènes,2013,https://boxd.it/d8YS
2021-06-27,Climax,2018,https://boxd.it/ikvo
2021-06-27,The Weekend Fix,2020,https://boxd.it/sFe4
2021-06-27,Dogs Don't Wear Pants,2019,https://boxd.it/j42i
2021-06-29,Ant-Man and the Wasp,2018,https://boxd.it/cqUW
2021-06-29,Isle of Dogs,2018,https://boxd.it/dZrW
2021-06-29,Do You Like to Read?,2012,https://boxd.it/jMMY
2021-06-30,Dead Right,1993,https://boxd.it/62dW
2021-07-02,The Butcher,1970,https://boxd.it/266C
2021-07-04,Raising Buchanan,2019,https://boxd.it/mQdY
2021-07-04,The Flaw,2011,https://boxd.it/3oC4
2021-07-05,Neighbours,1952,https://boxd.it/BtS
2021-07-05,La Collectionneuse,1967,https://boxd.it/23Ls
2021-07-07,Friendship's Death,1987,https://boxd.it/6NPI
2021-07-07,Little Sister,2016,https://boxd.it/dgaG
2021-07-08,The Indian Runner,1991,https://boxd.it/1vuC
2021-07-14,Alternative 3,1977,https://boxd.it/3g9e
2021-07-15,The Pledge,2001,https://boxd.it/22hc
2021-07-17,Score,1973,https://boxd.it/2jok
2021-07-17,Sisters,1972,https://boxd.it/1AMc
2021-07-18,Luca,2021,https://boxd.it/ipjC
2021-07-18,No Sudden Move,2021,https://boxd.it/o7WS
2021-07-18,Under the Tuscan Sun,2003,https://boxd.it/1V2u
2021-07-19,Hitman's Wife's Bodyguard,2021,https://boxd.it/iZdq
2021-07-19,Monty Python: Almost the Truth (The Lawyer's Cut),2009,https://boxd.it/4rIm
2021-07-20,A Master Builder,2013,https://boxd.it/831G
2021-07-21,Pink Floyd: The Story of Wish You Were Here,2012,https://boxd.it/3T0A
2021-07-23,Death on the Tyne,2018,https://boxd.it/kCmS
2021-07-23,Riverdance 25th Anniversary Show,2020,https://boxd.it/pv3a
2021-07-24,XXY,2007,https://boxd.it/1Uwe
2021-07-24,Black Widow,2021,https://boxd.it/hWV8
2021-07-25,Alfie,1966,https://boxd.it/1LU2
2021-07-26,The Father,2020,https://boxd.it/m8Ie
2021-07-26,Pig,2021,https://boxd.it/nzoW
2021-07-26,Materna,2020,https://boxd.it/pqEU
2021-07-30,Running on Empty,1988,https://boxd.it/1How
2021-07-31,The Hunt,2020,https://boxd.it/iE9i
2021-07-31,Disobedience,2017,https://boxd.it/ePFG
2021-07-31,Love Crime,2010,https://boxd.it/wEm
2021-08-01,Cruella,2021,https://boxd.it/bbKg
2021-08-02,Torment,1994,https://boxd.it/1HMS
2021-08-02,'Round Midnight,1986,https://boxd.it/1NC0
2021-08-05,Hilary and Jackie,1998,https://boxd.it/LOc
2021-08-10,The Duke,2020,https://boxd.it/nYjs
2021-08-10,Purl,2018,https://boxd.it/jomC
2021-08-10,Loop,2020,https://boxd.it/l4OA
2021-08-10,The Sparks Brothers,2021,https://boxd.it/tboq
2021-08-12,Let Them All Talk,2020,https://boxd.it/n6sq
2021-08-16,Redbelt,2008,https://boxd.it/1S48
2021-08-22,Firewall,2006,https://boxd.it/1XTg
2021-08-22,Made of Honor,2008,https://boxd.it/1VsC
2021-08-22,Marauders,2016,https://boxd.it/cdA0
2021-08-22,Take Down,2016,https://boxd.it/86Jm
2021-08-23,Transformers: The Last Knight,2017,https://boxd.it/b8xo
2021-08-23,Zipper,2015,https://boxd.it/9UXg
2021-08-24,Chain Reaction,1996,https://boxd.it/1Sug
2021-08-24,Criminal,2016,https://boxd.it/9Cle
2021-09-27,The Bourne Legacy,2012,https://boxd.it/H16
2021-10-04,Men in Black: International,2019,https://boxd.it/hdJw
2021-10-04,Giants and Toys,1958,https://boxd.it/2EvQ
2021-10-12,Radio Free Albemuth,2010,https://boxd.it/4ti6
2021-10-15,Spartan,2004,https://boxd.it/1Ut0
2021-10-17,Australia,2008,https://boxd.it/21fk
2021-10-17,Heist,2001,https://boxd.it/1UFA
2021-10-18,Catastrophe,2001,https://boxd.it/2s28
2021-10-18,Lost Masterpieces of Pornography,2010,https://boxd.it/7Vv4
2021-10-18,Our Valley,2010,https://boxd.it/ecPM
2021-10-18,Ricky Jay and His 52 Assistants,1996,https://boxd.it/1tcQ
2021-10-18,Homicide,1991,https://boxd.it/1zZk
2021-10-19,Oleanna,1994,https://boxd.it/1f7s
2021-10-19,Two Painters,2010,https://boxd.it/ecVU
2021-10-19,Inside the Actor's Workshop,2010,https://boxd.it/ecWe
2021-10-19,Just a Gigolo,1978,https://boxd.it/1R8S
2021-10-23,The Lovely Bones,2009,https://boxd.it/20IA
2021-10-23,The Winslow Boy,1999,https://boxd.it/1pp2
2021-10-24,Free Guy,2021,https://boxd.it/k8dm
2021-10-24,Amazing Journey: The Story of The Who,2007,https://boxd.it/x74
2021-10-25,Velvet Buzzsaw,2019,https://boxd.it/gAy0
2021-10-25,Formentera Lady,2018,https://boxd.it/g052
2021-10-26,Ricky Jay Plays Poker,2007,https://boxd.it/5jw0
2021-10-26,"Hustlers, Hoaxsters, Pranksters, Jokesters and Ricky Jay",1995,https://boxd.it/5ldE
2021-10-26,Deceptive Practice: The Mysteries and Mentors of Ricky Jay,2012,https://boxd.it/5v8Y
2021-10-26,The Notebook,2004,https://boxd.it/1UNE
2021-10-27,Stillwater,2021,https://boxd.it/mNPq
2021-11-01,River's Edge,1986,https://boxd.it/1C7q
2021-11-01,The Card Counter,2021,https://boxd.it/nTH0
2021-11-06,The Green Knight,2021,https://boxd.it/kuy2
2021-11-08,Nine Days,2020,https://boxd.it/mqL6
2021-11-08,Edmond,2005,https://boxd.it/1Hpa
2021-11-08,I Love It from Behind!,1981,https://boxd.it/4GMo
2021-11-10,The Ascent,1977,https://boxd.it/Eew
2021-11-11,Oxygen,2021,https://boxd.it/gU16
2021-11-14,Columbus,2017,https://boxd.it/eCuA
2021-11-15,The Seasons Alter,2002,https://boxd.it/eyw8
2021-11-17,Hands of Bresson,2014,https://boxd.it/d1Aa
2021-11-17,What Is Neorealism?,2013,https://boxd.it/68VA
2021-11-17,Elemental,2015,https://boxd.it/jymM
2021-11-17,Linklater: On Cinema and Time,2013,https://boxd.it/hvSQ
2021-11-18,Adventures of a Mathematician,2020,https://boxd.it/pwXI
2021-11-18,Paradise: Love,2012,https://boxd.it/3wTW
2021-11-19,A Brighter Summer Day,1991,https://boxd.it/1Luy
2021-11-20,Inserts,1975,https://boxd.it/1hNK
2021-11-21,Marianne & Leonard: Words of Love,2019,https://boxd.it/kLam
2021-11-21,The Trip,2021,https://boxd.it/sAfm
2021-11-22,Good Game,2014,https://boxd.it/7FNQ
2021-12-07,Freddie Mercury: The Great Pretender,2012,https://boxd.it/4mZC
2021-12-07,Pasha,1968,https://boxd.it/s7I
2021-12-08,Blue,2018,https://boxd.it/nNS2
2021-12-12,This Is Marshall McLuhan: The Medium Is The Massage,1967,https://boxd.it/sUsg
2021-12-13,Naughty Nurse,1969,https://boxd.it/63pa
2021-12-13,The Secret Cinema,1966,https://boxd.it/3BIu
2021-12-13,No Time to Die,2021,https://boxd.it/cPX2
2021-12-16,Seven Short Films About (Our) Marriage,2020,https://boxd.it/rmsu
2021-12-16,Punishment Park,1971,https://boxd.it/1tJK
2021-12-18,Preparations to Be Together for an Unknown Period of Time,2020,https://boxd.it/rfB0
2021-12-19,Dobermann,1997,https://boxd.it/1Wuk
2021-12-21,Dune,2021,https://boxd.it/fA7G
2021-12-22,Cry Macho,2021,https://boxd.it/s9z0
2021-12-24,The Ref,1994,https://boxd.it/1Vbc
2021-12-25,Sugarbaby,1985,https://boxd.it/XNg
2021-12-26,Jane B. by Agnès V.,1988,https://boxd.it/xxw
2021-12-28,Le Plaisir,1952,https://boxd.it/UGc
2021-12-28,Better Luck Tomorrow,2002,https://boxd.it/1On6
2021-12-29,Herself,2020,https://boxd.it/oiMO
2021-12-31,Radioactive,2019,https://boxd.it/hhpU
2022-01-01,A New Life,2002,https://boxd.it/3q1O
2022-01-02,Întregalde,2021,https://boxd.it/vBVa
2022-01-03,Jolt,2021,https://boxd.it/mQk6
2022-01-04,Get Him to the Greek,2010,https://boxd.it/1gyk
2022-01-30,The Hunger Games: Catching Fire,2013,https://boxd.it/3sAw
2022-01-30,Faster,2010,https://boxd.it/ZKy
2022-01-30,The Alphabet Killer,2008,https://boxd.it/1P4Y
2022-01-30,Meeting Evil,2012,https://boxd.it/3hqU
2022-01-30,Day Zero,2007,https://boxd.it/1L0e
2022-01-30,Hyena Road,2015,https://boxd.it/aclk
2022-01-30,Iron Man 3,2013,https://boxd.it/2cBQ
2022-01-30,Mile 22,2018,https://boxd.it/bEwM
2022-01-30,The Night Listener,2006,https://boxd.it/1XP4
2022-01-30,Cleveland Abduction,2015,https://boxd.it/bakQ
2022-01-30,Race,2016,https://boxd.it/awuc
2022-01-30,Hands of Stone,2016,https://boxd.it/5B6a
2022-01-30,Slither,2006,https://boxd.it/1Zks
2022-02-06,Always Be My Maybe,2019,https://boxd.it/iB2y
2022-02-06,The Mitchells vs. the Machines,2021,https://boxd.it/i7xm
2022-02-08,Replicas,2018,https://boxd.it/9yBi
2022-02-08,The Unforgivable,2021,https://boxd.it/nZ4e
2022-02-08,The Guilty,2021,https://boxd.it/kOPW
2022-02-09,The Innocents,2021,https://boxd.it/oAlc
2022-02-10,Ride Your Wave,2019,https://boxd.it/jhcg
2022-02-13,Don't Look Up,2021,https://boxd.it/o0Hc
2022-02-13,Vanishing Point,1971,https://boxd.it/1SH0
2022-02-13,Two-Lane Blacktop,1971,https://boxd.it/1sfE
2022-02-14,The Sisters Brothers,2018,https://boxd.it/fDFm
2022-02-15,Silent Night,2021,https://boxd.it/oJXE
2022-02-17,Wings of Fame,1990,https://boxd.it/J3y
2022-02-18,Finding the Fringe,2019,https://boxd.it/zsiG
2022-02-19,Tango,1981,https://boxd.it/Ike
2022-02-19,Balance,1989,https://boxd.it/ScO
2022-02-19,A Day More,1972,https://boxd.it/cagm
2022-02-20,The Last Duel,2021,https://boxd.it/mQbe
2022-02-20,Lone,2014,https://boxd.it/8cGS
2022-02-20,Ripples,1967,https://boxd.it/6zdK
2022-02-20,Frozen Blood Test,2015,https://boxd.it/bQJe
2022-02-20,An Aqueous Solution,2003,https://boxd.it/8JRY
2022-02-20,Roof Sex,2002,https://boxd.it/6hOS
2022-02-21,Kimi,2022,https://boxd.it/u7LW
2022-02-21,Student Bodies,1981,https://boxd.it/1BMi
2022-02-22,The Hating Game,2021,https://boxd.it/mhiE
2022-02-23,Nostalgia,2018,https://boxd.it/fKrc
2022-02-25,They/Them/Us,2021,https://boxd.it/wVrQ
2022-02-25,I Melt with You,2011,https://boxd.it/2AjG
2022-02-26,Arlington Road,1999,https://boxd.it/295C
2022-02-26,Vanya on 42nd Street,1994,https://boxd.it/1gMc
2022-02-26,Marry Me,2022,https://boxd.it/mLSC
2022-02-27,Drive My Car,2021,https://boxd.it/sv94
2022-03-01,Henry Poole Is Here,2008,https://boxd.it/1QP2
2022-03-02,The Last Time I Committed Suicide,1997,https://boxd.it/1d2U
2022-03-03,Absurd Encounter with Fear,1967,https://boxd.it/5ln0
2022-03-03,Don't Hug Me I'm Scared 6,2016,https://boxd.it/e9Ne
2022-03-11,You're Not You,2014,https://boxd.it/95oa
2022-03-11,Brick Mansions,2014,https://boxd.it/7tNu
2022-03-12,The Hunter's Prayer,2017,https://boxd.it/9Ckg
2022-03-14,Legend,2015,https://boxd.it/8qZY
2022-03-14,The Truth About Charlie,2002,https://boxd.it/1QaS
2022-03-16,Need for Speed,2014,https://boxd.it/4p90
2022-03-21,That's Sexploitation!,2013,https://boxd.it/7RDe
2022-04-03,Windtalkers,2002,https://boxd.it/1SxO
2022-04-03,Alien Resurrection,1997,https://boxd.it/20zI
2022-04-09,Watchmen,2019,https://boxd.it/ol5e
2022-04-09,The New Man in Charge,2010,https://boxd.it/um4S
2022-04-10,Brave New World,1980,https://boxd.it/15pm
2022-04-12,After Before,2017,https://boxd.it/hLoC
2022-05-02,Paralysis,2022,https://boxd.it/AzpQ
2022-05-31,The Breakfast Club,1985,https://boxd.it/27q4
2022-06-30,Papillon,2017,https://boxd.it/fnvK
2022-06-30,Independence Day: Resurgence,2016,https://boxd.it/JwK
2022-07-05,Taken,2008,https://boxd.it/1ZXa
2022-07-05,Deep Blue Sea,1999,https://boxd.it/1ZBo
2022-07-09,A Walk Among the Tombstones,2014,https://boxd.it/5fgM
2022-07-09,The Grudge,2004,https://boxd.it/27Jq
2022-07-09,The Amazing Spider-Man,2012,https://boxd.it/27PI
2022-07-10,Dennis the Menace,1993,https://boxd.it/1SrQ
2022-07-10,Let's Be Cops,2014,https://boxd.it/5Qvu
2022-08-24,Brainstorm,1983,https://boxd.it/1MUW
2022-09-08,The Way Back,2010,https://boxd.it/H5C
2022-09-08,The Man with the Golden Gun,1974,https://boxd.it/29P6
2022-09-08,Semper Fi,2019,https://boxd.it/iGLI
2022-09-08,Assassination Games,2011,https://boxd.it/2qn4
2022-09-10,The Informer,2019,https://boxd.it/gGJI
2022-09-10,The Light Between Oceans,2016,https://boxd.it/8Lf8
2022-09-10,Sicario: Day of the Soldado,2018,https://boxd.it/e4fG
2022-09-10,Crank,2006,https://boxd.it/27MY
2022-09-10,The Tuxedo,2002,https://boxd.it/1Vra
2022-09-10,The Hustle,2019,https://boxd.it/g1ju
2022-09-10,Countdown,2019,https://boxd.it/m83K
2022-09-12,Lying and Stealing,2019,https://boxd.it/is0I
2022-09-12,Into the Forest,2015,https://boxd.it/b2KG
2022-09-12,Ticket to Paradise,2022,https://boxd.it/u8Cc
2022-09-13,Hitman,2007,https://boxd.it/28sU
2022-09-13,Erased,2012,https://boxd.it/3ALW
2022-09-13,Detour,2016,https://boxd.it/c4eY
2022-09-13,Crown Vic,2019,https://boxd.it/j3r2
2022-09-24,Whiteout,2009,https://boxd.it/1A4E
2022-09-24,Line of Duty,2019,https://boxd.it/bCMS
2022-09-24,Unstoppable,2010,https://boxd.it/SVO
2022-09-24,Lara Croft: Tomb Raider – The Cradle of Life,2003,https://boxd.it/27FS
2022-09-24,Year One,2009,https://boxd.it/1Ink
2022-09-28,The Insult,2017,https://boxd.it/gLYy
2022-09-28,Lion,2016,https://boxd.it/b2La
2022-09-29,The Nice Guys,2016,https://boxd.it/94Hg
2022-09-29,Terminator: Dark Fate,2019,https://boxd.it/96YI
2022-09-29,Wild Card,2015,https://boxd.it/7Upk
2022-09-30,Acts of Vengeance,2017,https://boxd.it/fStg
2022-09-30,The Current War,2017,https://boxd.it/eNvO
2022-10-12,The Teacher,2016,https://boxd.it/ehxS
2022-10-15,Cosy Dens,1999,https://boxd.it/1MkO
2022-10-16,Memories of Murder,2003,https://boxd.it/1TSo
2022-10-17,Walkabout,1971,https://boxd.it/1bsG
2022-10-17,Twin Falls Idaho,1999,https://boxd.it/1fv0
2022-10-18,The Guilty,2018,https://boxd.it/hw9i
2022-10-18,Eaten by Lions,2018,https://boxd.it/j6wO
2022-10-20,The Flight of the Eagle,1982,https://boxd.it/2nwC
2022-10-21,Beans,2020,https://boxd.it/rdZO
2022-10-21,Pleasure,2021,https://boxd.it/lPcy
2022-10-28,Herostratus,1967,https://boxd.it/2kky
2022-10-29,Adolescents,2019,https://boxd.it/mMYQ
2022-10-31,Nitram,2021,https://boxd.it/u0rA
2022-10-31,The 3 Penny Opera,1931,https://boxd.it/VTQ
2022-10-31,The Ernie Game,1968,https://boxd.it/7BgS
2022-11-06,American Movie,1999,https://boxd.it/1Oty
2022-11-07,To Whom It May Concern,2015,https://boxd.it/lTVW
2022-11-07,Tape,2001,https://boxd.it/1yCu
2022-11-08,Everything Everywhere All at Once,2022,https://boxd.it/jUk4
2022-11-10,Creation is Violent: Anecdotes on Kinski's Final Years,2021,https://boxd.it/xFlE
2022-11-10,A Happening of Monumental Proportions,2017,https://boxd.it/f0aE
2022-11-17,Slow Light,2022,https://boxd.it/BXe0
2022-11-17,Venus,2006,https://boxd.it/1Ps2
2022-11-17,Sex with Sue,2022,https://boxd.it/D4to
2022-11-18,"Don't Worry, He Won't Get Far on Foot",2018,https://boxd.it/fLeo
2022-11-18,A Way Home,2020,https://boxd.it/uSmO
2022-11-19,Bros,2022,https://boxd.it/mJZw
2022-11-20,The Fifth Seal,1976,https://boxd.it/2GNW
2022-11-21,Save the Tiger,1973,https://boxd.it/15ng
2022-11-21,Titane,2021,https://boxd.it/nlQC
2022-11-23,Midnight in the Switchgrass,2021,https://boxd.it/pSLu
2022-11-23,The Paper Tigers,2020,https://boxd.it/rr9W
2022-11-24,Home,2020,https://boxd.it/oW1o
2022-11-26,Gerry,2002,https://boxd.it/27LG
2022-11-27,Moonage Daydream,2022,https://boxd.it/A8Co
2022-11-29,The Sea of Trees,2015,https://boxd.it/987m
2022-11-29,Icaros: A Vision,2016,https://boxd.it/dDbM
2022-12-01,Family Life,1971,https://boxd.it/nRw
2022-12-01,An Inspector Calls,1954,https://boxd.it/1HrA
2022-12-01,Falling for Christmas,2022,https://boxd.it/vpEG
2022-12-03,Black Adam,2022,https://boxd.it/fup0
2022-12-04,Meet Cute,2022,https://boxd.it/vOri
2022-12-04,Snow Cake,2006,https://boxd.it/2aC8
2022-12-04,Spirited,2022,https://boxd.it/nshk
2022-12-04,Sawed Off,2022,https://boxd.it/COJK
2022-12-05,Beanpole,2019,https://boxd.it/iK9S
2022-12-05,Don't Worry Darling,2022,https://boxd.it/mViu
2022-12-05,Florianópolis Dream,2018,https://boxd.it/jrOk
2022-12-06,Our Happy Holiday,2018,https://boxd.it/hFrg
2022-12-08,TÁR,2022,https://boxd.it/uNIA
2022-12-10,She Said,2022,https://boxd.it/vBaI
2022-12-10,The Great Gatsby,2013,https://boxd.it/JY
2022-12-10,"""Sr.""",2022,https://boxd.it/Cjym
2022-12-11,Testament,1983,https://boxd.it/1CcK
2022-12-11,Sam & Kate,2022,https://boxd.it/vQzo
2022-12-12,The People We Hate at the Wedding,2022,https://boxd.it/uc2i
2022-12-13,Hoffman,1970,https://boxd.it/1tVm
2022-12-14,Pieces of a Woman,2020,https://boxd.it/nOrQ
2022-12-16,The Middle Man,2021,https://boxd.it/o0as
2022-12-16,Stutz,2022,https://boxd.it/u5li
2022-12-17,Bones and All,2022,https://boxd.it/tLd4
2022-12-18,The Fabelmans,2022,https://boxd.it/ugoM
2022-12-18,Paris Je T'aime,2006,https://boxd.it/273a
2022-12-19,The Last Woman,1976,https://boxd.it/24Ww
2022-12-19,Athena,2022,https://boxd.it/waii
2022-12-19,"Oh, Woe Is Me",1993,https://boxd.it/yiW
2022-12-21,Fellini of the Spirits,2020,https://boxd.it/pL9e
2022-12-21,Robert Redford: The Golden Look,2019,https://boxd.it/n1vY
2022-12-21,Local Color,1977,https://boxd.it/4HAo
2022-12-21,Una Great Movie,2019,https://boxd.it/ocF8
2022-12-22,"I Was Born, But...",1932,https://boxd.it/1pS4
2022-12-22,"I Was at Home, But...",2019,https://boxd.it/i5dY
2022-12-24,Licorice Pizza,2021,https://boxd.it/qTKY
2022-12-24,Anima,2019,https://boxd.it/mxuc
2022-12-24,HAIM / Valentine,2017,https://boxd.it/jwGA
2022-12-24,Armageddon Time,2022,https://boxd.it/mLRk
2022-12-24,Good Night Oppy,2022,https://boxd.it/AJm8
2022-12-25,The Méliès Mystery,2021,https://boxd.it/tpbg
2022-12-25,"My Tomorrow, Your Yesterday",2016,https://boxd.it/fajw
2022-12-26,Only Yesterday,1991,https://boxd.it/1MR4
2022-12-26,Cirque du Soleil - Volta,2018,https://boxd.it/u6ww
2022-12-27,It Started in Naples,1960,https://boxd.it/16EC
2022-12-30,Don't Hug Me I'm Scared,2011,https://boxd.it/4afW
2022-12-30,Hoch der Lambeth Valk,1941,https://boxd.it/8l2W
2022-12-31,Canada Vignettes: Emergency Numbers,1984,https://boxd.it/f6fK
2022-12-31,Escalation,1968,https://boxd.it/5ULw
2022-12-31,Operator,2009,https://boxd.it/dReg
2022-12-31,Oktapodi,2007,https://boxd.it/NoA
2022-12-31,Cityscape: Impressions of a City,1966,https://boxd.it/9ySI
2022-12-31,First Born,2020,https://boxd.it/yvu4
2022-12-31,Gargantuan,1992,https://boxd.it/bz10
2022-12-31,Color Film,1971,https://boxd.it/4FTI
2022-12-31,A Single Life,2014,https://boxd.it/91SA
2022-12-31,Alouette,1944,https://boxd.it/7BCY
2022-12-31,Thingu,2012,https://boxd.it/FyGQ
2023-01-02,Glass Onion,2022,https://boxd.it/oCkK
2023-01-03,Lamborghini: The Man Behind the Legend,2022,https://boxd.it/gkmM
2023-01-04,Remember,2022,https://boxd.it/ntNc
2023-01-05,Can You Ever Forgive Me?,2018,https://boxd.it/e7x4
2023-01-06,1981,2009,https://boxd.it/1lOC
2023-01-07,The Hidden,1987,https://boxd.it/1RUW
2023-01-08,Wanda,1970,https://boxd.it/2OjK
2023-01-10,Glasshouse,2021,https://boxd.it/wbOa
2023-01-10,Kaleidoscope,2016,https://boxd.it/dZri
2023-01-14,Denzel Washington: A Model American,2022,https://boxd.it/D5A6
2023-01-16,The Banshees of Inisherin,2022,https://boxd.it/p7XS
2023-01-18,Encino Man,1992,https://boxd.it/1Wls
2023-01-19,The Dunning Man,2017,https://boxd.it/hdzc
2023-01-21,On Guard,1997,https://boxd.it/10So
2023-01-21,The Fallout,2021,https://boxd.it/tViI
2023-01-24,The Task,2017,https://boxd.it/hRnU
2023-02-12,A Wicked Eden,2021,https://boxd.it/wzn8
2023-02-15,Adult Swim Yule Log,2022,https://boxd.it/E6WO
2023-02-16,The Last Bus,2021,https://boxd.it/nQqA
2023-02-24,Nil by Mouth,1997,https://boxd.it/1Cde
2023-02-26,House of Gucci,2021,https://boxd.it/nVkC
2023-02-26,Plane,2023,https://boxd.it/o0lq
2023-02-26,Dark Star,1974,https://boxd.it/28Ow
2023-02-27,The Menu,2022,https://boxd.it/lScm
2023-03-02,Sharper,2023,https://boxd.it/qTXe
2023-03-05,Nausicaä of the Valley of the Wind,1984,https://boxd.it/2bc6
2023-03-05,Threeway,2019,https://boxd.it/F9nY
2023-03-06,Cunningham,2019,https://boxd.it/n0BQ
2023-03-06,The Whale,2022,https://boxd.it/tw4c
2023-03-07,Bullet Train,2022,https://boxd.it/qW26
2023-03-09,The Lost City,2022,https://boxd.it/sg0Q
2023-03-09,"Jane Campion, The Cinema Woman",2022,https://boxd.it/ADMY
2023-03-09,A Pigeon Sat on a Branch Reflecting on Existence,2014,https://boxd.it/3Ifa
2023-03-10,"Pamela, A Love Story",2023,https://boxd.it/Eb4i
2023-03-22,A Field in England,2013,https://boxd.it/5tmk
2023-03-23,The Rental,2020,https://boxd.it/lCQ6
2023-03-25,Yi Yi,2000,https://boxd.it/1vCw
2023-03-26,Ikiru,1952,https://boxd.it/251c
2023-03-26,Living,2022,https://boxd.it/syDQ
2023-03-27,Mala Noche,1986,https://boxd.it/2avc
2023-03-29,It's Only the End of the World,2016,https://boxd.it/be0K
2023-03-29,La Pirate,1984,https://boxd.it/9xC
2023-03-29,Empire of Light,2022,https://boxd.it/uGpm
2023-03-30,Lux Æterna,2019,https://boxd.it/m6b8
2023-03-31,The Year Earth Changed,2021,https://boxd.it/uze2
2023-04-03,Boston Strangler,2023,https://boxd.it/xfiY
2023-04-03,Epidemic,1987,https://boxd.it/1ntm
2023-04-03,I Saw the Devil,2010,https://boxd.it/FaK
2023-04-03,Fando and Lis,1968,https://boxd.it/1fPY
2023-04-03,Sunburned,2019,https://boxd.it/nJRE
2023-04-04,The Five Obstructions,2003,https://boxd.it/1RWy
2023-04-04,Somebody I Used to Know,2023,https://boxd.it/wMaw
2023-04-05,Game of Love,2023,https://boxd.it/ELNI
2023-04-06,Tunnel,2016,https://boxd.it/dDq8
2023-04-07,Linda Linda Linda,2005,https://boxd.it/1s1C
2023-04-07,The Only Son,1936,https://boxd.it/zX2
2023-04-08,Tetris,2023,https://boxd.it/rePK
2023-04-08,Diary of a Fleeting Affair,2022,https://boxd.it/tTO8
2023-04-09,Missing,2023,https://boxd.it/sS1W
2023-04-09,0s & 1s,2011,https://boxd.it/6FZg
2023-04-11,Neon,2015,https://boxd.it/bIOq
2023-04-11,Cut,2011,https://boxd.it/5jgw
2023-04-12,Murder Mystery 2,2023,https://boxd.it/nHOo
2023-04-13,Peppermint Candy,1999,https://boxd.it/ZQc
2023-04-13,Palm Trees and Power Lines,2022,https://boxd.it/wUiI
2023-04-19,Safe House,2012,https://boxd.it/hbk
2023-04-25,Stormy Waters,1941,https://boxd.it/uY
2023-04-25,Prom Pact,2023,https://boxd.it/z8X0
2023-04-27,There is No Poverty at the End of Labor,1920,https://boxd.it/z2XS
2023-04-28,The Blind Man Who Did Not Want to See Titanic,2021,https://boxd.it/qQW8
2023-04-29,Strange Colours,2017,https://boxd.it/gYPO
2023-04-29,The Frame,2014,https://boxd.it/9JNE
2023-05-02,Ink,2009,https://boxd.it/1wR8
2023-05-02,Childhood 2.0,2020,https://boxd.it/rEra
2023-05-02,Babylon,2022,https://boxd.it/mM02
2023-05-03,Megamind,2010,https://boxd.it/16Sk
2023-05-04,Apollo 10½: A Space Age Childhood,2022,https://boxd.it/oKiM
2023-05-05,"Oslo, August 31st",2011,https://boxd.it/2xQC
2023-05-05,But I'm a Cheerleader,1999,https://boxd.it/1CW4
2023-05-07,Chess Story,2021,https://boxd.it/s5ZI
2023-05-07,Bad Axe,2022,https://boxd.it/zd8m
2023-05-09,"Hallelujah: Leonard Cohen, a Journey, a Song",2021,https://boxd.it/wgjm
2023-05-11,Turning Red,2022,https://boxd.it/ipkq
2023-05-18,Bridge of Spies,2015,https://boxd.it/9n9C
2023-05-24,Down with Love,2003,https://boxd.it/1VyA
2023-05-25,The Professor and the Madman,2019,https://boxd.it/evTI
2023-05-25,Speed Kills,2018,https://boxd.it/gHwq
2023-05-30,Chocolat,1988,https://boxd.it/Y7g
2023-05-30,Obsession,1976,https://boxd.it/23QM
2023-05-30,Crush,2022,https://boxd.it/wuHW
2023-05-31,Lost Inside,2022,https://boxd.it/Cv2s
2023-06-02,The Andromeda Strain,1971,https://boxd.it/1W4Q
2023-06-02,Reprise,2006,https://boxd.it/1Sji
2023-06-04,Renfield,2023,https://boxd.it/o8vy
2023-06-04,Kubrick by Kubrick,2020,https://boxd.it/pKXi
2023-06-04,The Steamroller and the Violin,1961,https://boxd.it/16he
2023-06-05,Queen of the Deuce,2022,https://boxd.it/DE74
2023-06-05,We,2018,https://boxd.it/i1rs
2023-06-05,The Saint of Fort Washington,1993,https://boxd.it/oKw
2023-06-06,The Mother and the Whore,1973,https://boxd.it/HQe
2023-06-08,Camera Buff,1979,https://boxd.it/XzS
2023-06-09,Did You Hear About the Morgans?,2009,https://boxd.it/1xEY
2023-06-11,Human Capital,2013,https://boxd.it/7aCs
2023-06-11,And Just Like That... The Documentary,2022,https://boxd.it/zaWe
2023-06-11,John Wick: Chapter 4,2023,https://boxd.it/mh48
2023-06-15,Master Gardener,2022,https://boxd.it/wNuC
2023-06-16,Sans Soleil,1983,https://boxd.it/28B8
2023-06-16,Blue My Mind,2017,https://boxd.it/ghj6
2023-06-16,BlackBerry,2023,https://boxd.it/CoVK
2023-06-16,Women in Love,1969,https://boxd.it/286
2023-06-16,Hopscotch,1980,https://boxd.it/1hTy
2023-06-16,This Sporting Life,1963,https://boxd.it/1Glw
2023-06-19,Moving On,2022,https://boxd.it/zZ9i
2023-06-19,The Bank Job,2008,https://boxd.it/1ZL4
2023-06-20,Conviction,2010,https://boxd.it/QmC
2023-06-22,Women Talking Dirty,1999,https://boxd.it/4ayk
2023-06-23,Zero Dark Thirty,2012,https://boxd.it/3n1w
2023-06-23,Daddy and the Muscle Academy,1991,https://boxd.it/hje
2023-06-27,After Life,1998,https://boxd.it/1HMI
2023-06-29,The Hand of God,2021,https://boxd.it/r5uI
2023-06-29,King of Ravens,2020,https://boxd.it/ssGa
2023-06-29,Underground Time,2015,https://boxd.it/d32k
2023-06-29,Book Club: The Next Chapter,2023,https://boxd.it/B6qM
2023-06-30,"Where'd You Go, Bernadette",2019,https://boxd.it/efuC
2023-07-01,Everything Went Fine,2021,https://boxd.it/rBuq
2023-07-01,The Good Nurse,2022,https://boxd.it/jIXI
2023-07-02,What's Up Connection,1990,https://boxd.it/kJjG
2023-07-03,Robinson's Garden,1987,https://boxd.it/3y2A
2023-07-03,Last Flag Flying,2017,https://boxd.it/ePAG
2023-07-04,Arsène Wenger: Invincible,2021,https://boxd.it/xqci
2023-07-06,It Ain't Over,2023,https://boxd.it/ArIg
2023-07-07,Reign Over Me,2007,https://boxd.it/26SQ
2023-07-07,Mademoiselle Chambon,2009,https://boxd.it/1ex0
2023-07-08,Stalker,2020,https://boxd.it/raLE
2023-07-11,Fay Grim,2006,https://boxd.it/1y64
2023-07-11,Playland USA,2019,https://boxd.it/lWDc
2023-07-12,Happiness,1998,https://boxd.it/1VEe
2023-07-12,Vivace,2011,https://boxd.it/3bAu
2023-07-16,Harry Dean Stanton: Partly Fiction,2012,https://boxd.it/4fVo
2023-07-17,Life During Wartime,2009,https://boxd.it/13cq
2023-07-17,Moonfall,2022,https://boxd.it/ejwM
2023-07-17,Meanwhile,2011,https://boxd.it/3B6g
2023-07-17,Silent Running,1972,https://boxd.it/29yO
2023-07-18,Hypnotic,2023,https://boxd.it/jwXw
2023-07-22,Welcome to the Dollhouse,1995,https://boxd.it/1TPO
2023-07-22,Dark Horse,2011,https://boxd.it/2VCY
2023-07-23,Wiener-Dog,2016,https://boxd.it/aD3M
2023-07-23,All Hands on Deck!,2020,https://boxd.it/oMoi
2023-07-24,Showing Up,2022,https://boxd.it/tJ1q
2023-07-24,I'm Losing My Temper,1974,https://boxd.it/BT2
2023-07-25,The Lost Boys,1987,https://boxd.it/28DI
2023-07-26,Wild Target,2010,https://boxd.it/SGk
2023-07-27,Cousins,1989,https://boxd.it/1iza
2023-07-28,School of Rock,2003,https://boxd.it/28xK
2023-07-29,Me and Orson Welles,2008,https://boxd.it/1S3O
2023-07-30,There Was No Other Way,2009,https://boxd.it/u5aO
2023-07-30,Slacker,1990,https://boxd.it/1OUu
2023-07-30,Sanctuary,2022,https://boxd.it/wPKW
2023-09-10,The Last Witch Hunter,2015,https://boxd.it/8lBW
2023-09-20,Den of Thieves,2018,https://boxd.it/g17e
2023-09-21,American Assassin,2017,https://boxd.it/eFLE
2023-09-26,Veronica Guerin,2003,https://boxd.it/1VMC
2023-09-26,You Hurt My Feelings,2023,https://boxd.it/xBXu
2023-09-29,Corner Office,2022,https://boxd.it/u7to
2023-09-29,Captain Phillips,2013,https://boxd.it/3GPK
2023-09-30,The Manakia Brothers: Diary of a Long Look Back,2016,https://boxd.it/iVFK
2023-10-01,Barbie,2023,https://boxd.it/bCLK
2023-10-01,The Out-Laws,2023,https://boxd.it/yIoo
2023-10-02,Storytelling,2001,https://boxd.it/1JYm
2023-10-02,Surviving Desire,1992,https://boxd.it/3idi
2023-10-06,Sick of Myself,2022,https://boxd.it/tEzs
2023-10-06,The End of Sex,2022,https://boxd.it/zaIw
2023-10-08,The Best Man,2005,https://boxd.it/1rru
2023-10-08,Love at First Sight,2023,https://boxd.it/bUmS
2023-10-10,Adam & Paul,2004,https://boxd.it/1BjK
2023-10-10,Rule 34,2022,https://boxd.it/BH4S
2023-10-12,The Lost King,2022,https://boxd.it/yqoq
2023-10-12,Carré Blanc,2011,https://boxd.it/2XSk
2023-10-17,The Day the Earth Caught Fire,1961,https://boxd.it/1pC6
2023-10-17,The Bodyguard,1992,https://boxd.it/29Z6
2023-10-18,Bug,2016,https://boxd.it/jvK2
2023-10-19,Gran Turismo,2023,https://boxd.it/B2lS
2023-10-20,Other People,2016,https://boxd.it/cSTi
2023-10-23,Timecode,2000,https://boxd.it/1b1A
2023-10-23,Headspace,2023,https://boxd.it/EkbW
2023-10-23,Kisaragi,2007,https://boxd.it/1rbm
2023-10-24,Portraits from a Fire,2021,https://boxd.it/twli
2023-10-24,If You Were the Last,2023,https://boxd.it/tf1g
2023-10-26,Five Feet Apart,2019,https://boxd.it/jaAK
2023-10-26,"Hush... Hush, Sweet Charlotte",1964,https://boxd.it/1WBg
2023-10-26,The Longest Yard,1974,https://boxd.it/23vO
2023-10-26,Apache,1954,https://boxd.it/ULc
2023-10-26,Texasville,1990,https://boxd.it/2Tw0
2023-10-26,After Yang,2021,https://boxd.it/lx5a
2023-10-26,Far from the Madding Crowd,1967,https://boxd.it/25ns
2023-10-26,Far from the Madding Crowd,2015,https://boxd.it/7lpa
2023-10-27,"Bang, Boom, Bang",1999,https://boxd.it/2axC
2023-10-27,Even Dwarfs Started Small,1970,https://boxd.it/1SOU
2023-10-27,Partygate,2023,https://boxd.it/J172
2023-10-28,"Luxembourg, Luxembourg",2022,https://boxd.it/BZyc
2023-10-29,Tailor,2020,https://boxd.it/sJMk
2023-10-31,Come Find Me,2021,https://boxd.it/z4fS
2023-11-02,I Dream in Another Language,2017,https://boxd.it/bZ5M
2023-11-04,How to Steal a Million,1966,https://boxd.it/25Yo
2023-11-04,The Puffy Chair,2005,https://boxd.it/1yp6
2023-11-04,No Dogs or Italians Allowed,2022,https://boxd.it/qMzu
2023-11-05,Will-o'-the-Wisp,2022,https://boxd.it/Aqo0
2023-11-05,Citizen Kitano,2020,https://boxd.it/s7uM
2023-11-06,Threads,1984,https://boxd.it/1I0g
2023-11-08,The Burial,2023,https://boxd.it/sFPO
2023-11-08,Hell,2011,https://boxd.it/2miE
2023-11-08,My Awkward Sexual Adventure,2012,https://boxd.it/4bTo
2023-11-10,My Year of Dicks,2022,https://boxd.it/AF9k
2023-11-10,Truly Madly Deeply,1990,https://boxd.it/1HaY
2023-11-14,Anatomy of a Fall,2023,https://boxd.it/yuDE
2023-11-14,How to Plan an Orgy in a Small Town,2015,https://boxd.it/c33U
2023-11-14,Hope Gap,2019,https://boxd.it/jyLs
2023-11-16,I Care a Lot,2020,https://boxd.it/mcHk
2023-11-20,Dumb Money,2023,https://boxd.it/tNdU
2023-11-20,Boy and Bicycle,1965,https://boxd.it/G1k
2023-11-20,The Last Serb in Croatia,2019,https://boxd.it/lqKg
2023-11-21,Albert Brooks: Defending My Life,2023,https://boxd.it/IVKC
2023-11-21,"What's Up, Doc?",1972,https://boxd.it/21iy
2023-11-23,The Unbearable Weight of Massive Talent,2022,https://boxd.it/o6eK
2023-11-25,The Wonderful Story of Henry Sugar,2023,https://boxd.it/yNyo
2023-11-25,Full Time,2021,https://boxd.it/vqs2
2023-11-25,Sly,2023,https://boxd.it/HlW6
2023-11-26,The Swan,2023,https://boxd.it/Is80
2023-12-02,Bodies Bodies Bodies,2022,https://boxd.it/iRcE
2023-12-02,The Inauguration of the Pleasure Dome,1954,https://boxd.it/UJU
2023-12-03,The Killer,2023,https://boxd.it/u6WE
2023-12-03,Visioneers,2008,https://boxd.it/1Dzq
2023-12-05,Ronnie O'Sullivan: The Edge of Everything,2023,https://boxd.it/JtVu
2023-12-06,The Homecoming,1973,https://boxd.it/42mK
2023-12-06,Merkel,2022,https://boxd.it/CxeA
2023-12-06,Linotype: The Film,2012,https://boxd.it/3cDO
2023-12-07,Poison,2023,https://boxd.it/Is7Q
2023-12-07,Free Solo,2018,https://boxd.it/iEEq
2023-12-08,"Private Vices, Public Virtues",1976,https://boxd.it/Mz8
2023-12-10,Extraterrestrial,2011,https://boxd.it/2DkW
2023-12-11,The Unbelievable Truth,1989,https://boxd.it/15LC
2023-12-11,Amateur,1994,https://boxd.it/1lQ4
2023-12-15,Henry Fool,1997,https://boxd.it/18ow
2023-12-15,The Kill Room,2023,https://boxd.it/AaGs
2023-12-15,Aces High,1976,https://boxd.it/RtY
2023-12-15,Hanky Panky,1982,https://boxd.it/1wB0
2023-12-15,Crazy Rich Asians,2018,https://boxd.it/gfnK
2023-12-17,I'm Still Here,2010,https://boxd.it/TcK
2023-12-17,Broker,2022,https://boxd.it/rDUU
2023-12-17,Nun in Rope Hell,1984,https://boxd.it/5Dl2
2023-12-18,The Painted Bird,2019,https://boxd.it/h8u2
2023-12-18,Stavros Halkias: Fat Rascal,2023,https://boxd.it/JxoO
2023-12-19,Crimes of the Future,1970,https://boxd.it/1rX6
2023-12-19,Crimes of the Future,2022,https://boxd.it/uTuY
2023-12-21,Airbag,1997,https://boxd.it/1Bwu
2023-12-21,Shortcomings,2023,https://boxd.it/CvQC
2023-12-21,The Brood,1979,https://boxd.it/1ovS
2023-12-22,Lovesong,2016,https://boxd.it/cSSY
2023-12-22,Group Sex,2010,https://boxd.it/Sv2
2023-12-23,My Sex Life... or How I Got Into an Argument,1996,https://boxd.it/2Xhe
2023-12-23,"The French Dispatch of the Liberty, Kansas Evening Sun",2021,https://boxd.it/jLP8
2023-12-23,The Bohemian,2022,https://boxd.it/oVZs
2023-12-24,Delicious,2021,https://boxd.it/rZCy
2023-12-24,Paperman,2012,https://boxd.it/4uYW
2023-12-24,Hair Love,2019,https://boxd.it/lI1I
2023-12-24,Two,1965,https://boxd.it/5MnG
2023-12-24,My Dead Dad's Porno Tapes,2018,https://boxd.it/hKLg
2023-12-24,My Best Friend's Wedding/My Best Friend's Sweating,2011,https://boxd.it/bnY0
2023-12-24,Sofia Coppola's Little Mermaid,2014,https://boxd.it/f1da
2023-12-24,How It Feels,2016,https://boxd.it/enEU
2023-12-24,Home Movies,2017,https://boxd.it/h0Sg
2023-12-24,Extinguished,2017,https://boxd.it/gLze
2023-12-26,A Very Murray Christmas,2015,https://boxd.it/cBeM
2023-12-26,Call Girl of Cthulhu,2014,https://boxd.it/8QEi
2023-12-27,The Worst Person in the World,2021,https://boxd.it/oyws
2023-12-27,Virtual Sexuality,1999,https://boxd.it/23aQ
2023-12-28,Colossus: The Forbin Project,1970,https://boxd.it/1Nmw
2023-12-29,Inside,2023,https://boxd.it/AagY
2023-12-29,Italianamerican,1974,https://boxd.it/3deg
2023-12-30,The Reflecting Skin,1990,https://boxd.it/1CkY
2023-12-30,Neon Days,2020,https://boxd.it/nzFy
2023-12-31,The Lost Daughter,2021,https://boxd.it/kgww
2024-01-03,The Holdovers,2023,https://boxd.it/vHza
2024-01-04,Leave the World Behind,2023,https://boxd.it/re0i
2024-01-05,A Beginner's Guide to Endings,2010,https://boxd.it/37I0
2024-01-06,Forever,2023,https://boxd.it/GeRc
2024-01-06,Master Cheng,2019,https://boxd.it/j428
2024-01-07,The Trial of the Chicago 7,2020,https://boxd.it/kn3w
2024-01-07,Bright Young Things,2003,https://boxd.it/1MwK
2024-01-08,The Creator,2023,https://boxd.it/oXWq
2024-01-13,Past Lives,2023,https://boxd.it/oNB8
2024-01-13,I Am Norman,2020,https://boxd.it/sEzK
2024-01-14,How to Have Sex,2023,https://boxd.it/EFIM
2024-01-14,Paparazzi,1964,https://boxd.it/7sAu
2024-01-14,Top Gun: Maverick,2022,https://boxd.it/cjr4
2024-01-16,Oppenheimer,2023,https://boxd.it/wUow
2024-01-16,Who's That Knocking at My Door,1967,https://boxd.it/Wgg
2024-01-17,Getting Any?,1994,https://boxd.it/13h6
2024-01-19,Lucy in the Sky,2019,https://boxd.it/bjly
2024-01-19,May December,2023,https://boxd.it/vEE2
2024-01-19,Leonard Cohen: I'm Your Man,2005,https://boxd.it/mMq
2024-01-21,This Is Not Financial Advice,2023,https://boxd.it/GzvG
2024-02-20,The Image Book,2018,https://boxd.it/eBse
2024-03-19,The Predator,2018,https://boxd.it/bDw2
2024-03-21,License to Wed,2007,https://boxd.it/264m
2024-04-02,On Approval,1944,https://boxd.it/3pGG
2024-04-02,Fassbinder,2015,https://boxd.it/bf5m
2024-04-03,The Invisible Guest,2016,https://boxd.it/euce
2024-04-03,Happy Death Day,2017,https://boxd.it/fDz4
2024-04-04,Nordstrand,2013,https://boxd.it/6G5e
2024-04-05,The House,2021,https://boxd.it/x4w6
2024-04-05,Rabbit in the Pit,1969,https://boxd.it/52Wg
2024-04-24,The Song of Lunch,2010,https://boxd.it/wRg
2024-04-30,Weekend at Bernie's,1989,https://boxd.it/204U
2024-04-30,Fern Brady: Autistic Bikini Queen,2024,https://boxd.it/MdR8
2024-05-01,Taylor Swift: The Eras Tour,2023,https://boxd.it/HTIi
2024-05-03,William Shatner: You Can Call Me Bill,2023,https://boxd.it/FlKq
2024-05-07,Ferrari,2023,https://boxd.it/cEtq
2024-05-08,Fern Brady: Power & Chaos,2021,https://boxd.it/ugEq
2024-05-08,Spirited Away: Live on Stage,2022,https://boxd.it/BQhm
2024-05-09,Jacqueline Novak: Get on Your Knees,2024,https://boxd.it/K74q
2024-05-10,Godzilla Minus One,2023,https://boxd.it/zu4c
2024-05-12,Mae Martin: SAP,2023,https://boxd.it/FA1K
2024-05-12,Fast Company,1979,https://boxd.it/15T2
2024-05-12,In Time,2011,https://boxd.it/FPS
2024-05-13,Coup de Chance,2023,https://boxd.it/ws60
2024-05-13,Scenes from the Suburbs,2011,https://boxd.it/2xJw
2024-05-15,In the Soup,1992,https://boxd.it/xM2
2024-05-17,Alice in Wonderland,2010,https://boxd.it/1Spq
2024-06-01,Alice Through the Looking Glass,2016,https://boxd.it/75Yo
2024-06-03,The Greenaway Alphabet,2017,https://boxd.it/hAvs
2024-06-05,A Hard Problem,2021,https://boxd.it/ukv8
2024-06-05,Involuntary,2008,https://boxd.it/1Zzs
2024-06-06,Loriot's Great Cartoon Revue,2023,https://boxd.it/Efb8
2024-06-07,Graphic Sexual Horror,2009,https://boxd.it/y6c
2024-06-10,Dune: Part Two,2024,https://boxd.it/pUfA
2024-06-10,Bruce Springsteen & the E Street Band - Live in New York City,2001,https://boxd.it/17qc
2024-06-10,Slipstream,2007,https://boxd.it/1GAc
2024-06-11,The Beach Boys,2024,https://boxd.it/MdrE
2024-06-12,Angel-A,2005,https://boxd.it/1UjO
2024-06-14,Beau Is Afraid,2023,https://boxd.it/u2gE
2024-06-16,Argylle,2024,https://boxd.it/w1kk
2024-06-17,Everlasting Moments,2008,https://boxd.it/1JfQ
2024-06-17,Human Flow,2017,https://boxd.it/gLUw
2024-06-18,Monolith,2022,https://boxd.it/CKVi
2024-06-22,Print It Black,2024,https://boxd.it/MBsw
2024-06-22,The Naked Civil Servant,1975,https://boxd.it/10xK
2024-06-24,The Mask of Dimitrios,1944,https://boxd.it/1cYy
2024-06-24,Uncropped,2023,https://boxd.it/JCic
2024-06-24,4:44 Last Day on Earth,2011,https://boxd.it/34SQ
2024-06-24,Gerald's Game,2017,https://boxd.it/buKa
2024-06-24,Girl Lost: A Hollywood Story,2020,https://boxd.it/sYzg
2024-06-25,White Noise,2022,https://boxd.it/rXgK
2024-06-26,Auto Focus,2002,https://boxd.it/1OKk
2024-06-30,Blue Collar,1978,https://boxd.it/1Nhm
2024-06-30,Call Girl,2012,https://boxd.it/4bvw
2024-06-30,Fanny and Alexander,1984,https://boxd.it/lXFe
2024-07-01,Filmworker,2017,https://boxd.it/gmoq
2024-07-02,Light Sleeper,1992,https://boxd.it/1aKa
2024-07-02,Marguerite's Theorem,2023,https://boxd.it/AfFY
2024-07-03,The Decoy Bride,2011,https://boxd.it/12kS
2024-07-05,Challengers,2024,https://boxd.it/zld0
2024-07-05,Little Women,2019,https://boxd.it/aSVk
2024-07-06,The Power of the Dog,2021,https://boxd.it/m99E
2024-07-07,My Favorite Shapes by Julio Torres,2019,https://boxd.it/mDMm
2024-07-08,The Fall Guy,2024,https://boxd.it/s0Bm
2024-07-08,The Beekeeper,2024,https://boxd.it/wJzS
2024-07-09,Jimmy Carr: The Best of Ultimate Gold Greatest Hits,2019,https://boxd.it/lCTE
2024-07-09,Role Play,2023,https://boxd.it/w0e6
2024-07-10,Hit Man,2023,https://boxd.it/ANB2
2024-07-11,Air,2023,https://boxd.it/Arlc
2024-07-11,King Otto,2021,https://boxd.it/uuR4
2024-07-13,Encounter,2021,https://boxd.it/rjGI
2024-07-13,Nights and Weekends,2008,https://boxd.it/J2A
2024-07-13,Adrienne,2021,https://boxd.it/xv52
2024-07-14,Love Lies Bleeding,2024,https://boxd.it/zN4q
2024-07-17,The Master and Margarita,2024,https://boxd.it/lzAu
2024-07-19,Certified Copy,2010,https://boxd.it/IMW
2024-07-19,Reality,2023,https://boxd.it/BeLI
2024-07-20,"Apolonia, Apolonia",2022,https://boxd.it/DCxu
2024-07-20,Pencils vs Pixels,2023,https://boxd.it/H1f2
2024-07-21,Cold Weather,2010,https://boxd.it/qGw
2024-07-22,Seventeen,2019,https://boxd.it/n52G
2024-07-22,Space Oddity,2022,https://boxd.it/vPgA
2024-07-27,IF,2024,https://boxd.it/nJwG
2024-07-27,Factotum,2005,https://boxd.it/1WaE
2024-07-28,A Little Chaos,2014,https://boxd.it/8Kxq
2024-07-28,A Good Person,2023,https://boxd.it/u8sw
2024-07-29,Free Time,2023,https://boxd.it/EfKW
2024-07-29,The Artifice Girl,2022,https://boxd.it/B8tI
2024-07-31,The King's Man,2021,https://boxd.it/h714
2024-07-31,"tick, tick... BOOM!",2021,https://boxd.it/jz2e
2024-07-31,The Disruptors,2024,https://boxd.it/CO80
2024-08-02,Problemista,2023,https://boxd.it/waGO
2024-08-02,Trouble Every Day,2001,https://boxd.it/115M
2024-08-02,Wetlands,2013,https://boxd.it/6ehm
2024-08-03,Clue,1985,https://boxd.it/1MDQ
2024-08-03,Nuns on the Run,1990,https://boxd.it/1UyO
2024-08-03,Sgt. Bilko,1996,https://boxd.it/1Zas
2024-08-04,The Science of Interstellar,2014,https://boxd.it/b9sY
2024-08-04,Anyone But You,2023,https://boxd.it/EzA8
2024-08-05,Deep Throat Part II,1974,https://boxd.it/2l8I
2024-08-05,Happy Endings,2005,https://boxd.it/1N6y
2024-08-06,Peep World,2010,https://boxd.it/rng
2024-08-06,Lousy Carter,2023,https://boxd.it/HnXg
2024-08-08,The Juror,1996,https://boxd.it/1Yd6
2024-08-10,Dream Scenario,2023,https://boxd.it/v2h0
2024-08-10,The People's Joker,2022,https://boxd.it/uqVQ
2024-08-10,Wavelength,1967,https://boxd.it/37ZA
2024-08-10,7 Days in Hell,2015,https://boxd.it/8VZ6
2024-08-10,A World Without Women,2011,https://boxd.it/5gFS
2024-08-12,A Family Affair,2024,https://boxd.it/Bj9O
2024-08-12,Sex-Positive,2024,https://boxd.it/KGeg
2024-08-12,Jamon Jamon,1992,https://boxd.it/24dQ
2024-08-12,Golden Balls,1993,https://boxd.it/K3Y
2024-08-13,The Idea of You,2024,https://boxd.it/vOW6
2024-08-14,Josh Widdicombe: Bit Much...,2022,https://boxd.it/BWA0
2024-08-16,A Horrible Woman,2017,https://boxd.it/hglM
2024-08-16,The Instigators,2024,https://boxd.it/E4jA
2024-08-16,Inside Deep Throat,2005,https://boxd.it/2wrQ
2024-08-18,Lover for a Day,2017,https://boxd.it/fp84
2024-08-18,The Great Escaper,2023,https://boxd.it/zCMw
2024-08-19,Hustlers,2019,https://boxd.it/jIBM
2024-08-19,Odd Job,2016,https://boxd.it/eab6
2024-08-19,Parachute,2023,https://boxd.it/A0cW
2024-08-20,Which Brings Me to You,2023,https://boxd.it/APeO
2024-09-14,Royal Palace,2005,https://boxd.it/1hca
2024-09-26,A Good Day to Die Hard,2013,https://boxd.it/JrK
2024-10-01,Nights in Rodanthe,2008,https://boxd.it/1Ojo
2024-10-20,Miss Hokusai,2015,https://boxd.it/81iq
2024-10-21,Lonesome,1928,https://boxd.it/3sXg
2024-11-02,Daddio,2023,https://boxd.it/vOlY
2024-11-02,How to Rob a Bank,2024,https://boxd.it/NgAQ
2024-11-03,Pink Moon,2022,https://boxd.it/AqEC
2024-11-03,She Came to Me,2023,https://boxd.it/ibVM
2024-11-04,Strawberry Mansion,2021,https://boxd.it/tblG
2024-11-07,Tommaso,2019,https://boxd.it/l8bi
2024-11-07,Aquarius,2016,https://boxd.it/d6YQ
2024-11-07,Kiss of the Spider Woman,1985,https://boxd.it/1Tci
2024-11-13,The Moon Over the Alley,1976,https://boxd.it/3idW
2024-11-13,Sometimes I Think About Dying,2023,https://boxd.it/xGlg
2024-11-14,Aporia,2023,https://boxd.it/jdhm
2024-11-14,Applesauce,2015,https://boxd.it/aYCy
2024-11-16,Strip Search,2004,https://boxd.it/Yny
2024-11-18,One Last Shot,1998,https://boxd.it/e1N6
2024-11-18,Hussy,1980,https://boxd.it/359C
2024-11-26,Leda,2021,https://boxd.it/lMPi
2024-11-26,A Tiger in Paradise,2023,https://boxd.it/FGyq
2024-11-27,Holy Shit Man!,2021,https://boxd.it/uZkU
2024-11-27,Napoleon,2023,https://boxd.it/shJM
2024-11-27,Logistics,2011,https://boxd.it/eSQC
2024-11-28,Battle for Sevastopol,2015,https://boxd.it/aUV2
2024-11-29,The Color Wheel,2011,https://boxd.it/2V48
2024-11-30,Art Paul of Playboy: The Man Behind the Bunny,2020,https://boxd.it/kepe
2024-12-01,"Phil Wang: Wang in There, Baby!",2024,https://boxd.it/PFwe
2024-12-02,Ellen DeGeneres: For Your Approval,2024,https://boxd.it/Od4E
2024-12-02,Deadpool & Wolverine,2024,https://boxd.it/jq8s
2024-12-02,Inside Out 2,2024,https://boxd.it/CFrC
2024-12-03,The Affairs of Aphrodite,1970,https://boxd.it/gs34
2024-12-03,Taking Chance,2009,https://boxd.it/1vSY
2024-12-05,Normal People Confessions,2020,https://boxd.it/sy34
2024-12-05,Ani*Kuri15: Good Morning,2007,https://boxd.it/fqQc
2024-12-05,Scarlett,2016,https://boxd.it/p4vG
2024-12-05,The Note,2022,https://boxd.it/Aclw
2024-12-06,4444444444,1998,https://boxd.it/60Sy
2024-12-06,In a Corner,1998,https://boxd.it/60RU
2024-12-06,Too Many Cooks,2014,https://boxd.it/9AIK
2024-12-07,Presto,2008,https://boxd.it/1QYI
2024-12-07,Room 8,2013,https://boxd.it/5N7a
2024-12-07,Francis,2013,https://boxd.it/7WQW
2024-12-07,The Eagleman Stag,2010,https://boxd.it/4y9o
2024-12-08,Beetlejuice Beetlejuice,2024,https://boxd.it/yyGs
2024-12-09,The Way Things Go,1987,https://boxd.it/28Rg
2024-12-09,Bathtime in Clerkenwell,2002,https://boxd.it/6p8q
2024-12-09,Silent,2014,https://boxd.it/7Chi
2024-12-09,Elms,2014,https://boxd.it/aBeS
2024-12-09,Spanky: To the Pier and Back,2008,https://boxd.it/4AnW
2024-12-09,Fifty Percent Grey,2001,https://boxd.it/315Q
2024-12-10,Vantage Point,2008,https://boxd.it/20Uw
2024-12-12,Spectre,2015,https://boxd.it/6bXY
2024-12-12,Candy Cane Lane,2023,https://boxd.it/CGHw
2024-12-12,Mistletoe Match,2022,https://boxd.it/BVR0
2024-12-14,Here,2024,https://boxd.it/zscS
2024-12-14,Daaaaaalí!,2023,https://boxd.it/DzQe
2024-12-14,Porcelain Unicorn,2010,https://boxd.it/3ilc
2024-12-14,Coffer,2014,https://boxd.it/dhc4
2024-12-14,Lights Out,2013,https://boxd.it/7GU4
2024-12-15,Pros and Cons of Being Single,2024,https://boxd.it/RvJQ
2024-12-15,Yannick,2023,https://boxd.it/G2es
2024-12-16,Wow! A Talking Fish!,1983,https://boxd.it/582I
2024-12-16,Don't Hug Me I'm Scared 2,2014,https://boxd.it/7wdu
2024-12-16,Don't Hug Me I'm Scared 4,2015,https://boxd.it/b094
2024-12-16,Don't Hug Me I'm Scared 5,2015,https://boxd.it/cKU8
2024-12-16,Mermaid,1997,https://boxd.it/5djE
2024-12-17,Allen Sunshine,2024,https://boxd.it/CSbs
2024-12-17,The Maker,2011,https://boxd.it/45EC
2024-12-17,The Employment,2008,https://boxd.it/PMk
2024-12-17,More,1998,https://boxd.it/1bjE
2024-12-18,Incredible But True,2022,https://boxd.it/rBtC
2024-12-18,Eager,2014,https://boxd.it/7lny
2024-12-18,How to Lose Weight in 4 Easy Steps!,2016,https://boxd.it/dnY4
2024-12-18,Bottle,2010,https://boxd.it/5yU2
2024-12-20,Deerskin,2019,https://boxd.it/lqOW
2024-12-20,Shadow Billionaire,2009,https://boxd.it/2M3A
2024-12-20,The Dante Quartet,1987,https://boxd.it/48S8
2024-12-20,Remembering Gene Wilder,2023,https://boxd.it/FeE6
2024-12-20,Sisyphus,1974,https://boxd.it/3c9O
2024-12-21,Smoking Causes Coughing,2022,https://boxd.it/wVl4
2024-12-21,The Promise: The Making of Darkness on the Edge of Town,2010,https://boxd.it/DQk
2024-12-22,Fugue,1998,https://boxd.it/7zuy
2024-12-22,Mandibles,2020,https://boxd.it/nHDK
2024-12-22,BOIS CERVEAU TV (1),2020,https://boxd.it/pNhu
2024-12-23,Head Over Heels,2012,https://boxd.it/4VJY
2024-12-23,Unedited Footage of a Bear,2014,https://boxd.it/a28K
2024-12-24,The Second Act,2024,https://boxd.it/HW9q
2024-12-24,Red One,2024,https://boxd.it/vTBM
2024-12-24,Steak,2007,https://boxd.it/GUO
2024-12-25,Take Cover,2024,https://boxd.it/FqfM
2024-12-25,At the Drive-In,2017,https://boxd.it/gSTg
2024-12-26,The Backwater Gospel,2011,https://boxd.it/457S
2024-12-26,Bio-Cop,2012,https://boxd.it/4xE6
2024-12-26,Muto,2008,https://boxd.it/4ie8
2024-12-26,Coffee and Cigarettes II,1989,https://boxd.it/7Ram
2024-12-26,Big Bang Big Boom,2010,https://boxd.it/7VuU
2024-12-27,Bo Burnham: Inside,2021,https://boxd.it/v2uy
2024-12-27,The 4:30 Movie,2024,https://boxd.it/Hmxm
2024-12-28,The Wild Robot,2024,https://boxd.it/IWFy
2024-12-28,Money Shot: The Pornhub Story,2023,https://boxd.it/F7uo
2024-12-28,I Used to Be Funny,2023,https://boxd.it/yzvU
2024-12-29,The Visit,2015,https://boxd.it/9ssO
2024-12-29,The Critic,2023,https://boxd.it/BwiY
2024-12-29,Lady Chatterley's Lover,2022,https://boxd.it/uF8O
2024-12-30,Fallen Leaves,2023,https://boxd.it/Bgew
2024-12-30,Keep an Eye Out,2018,https://boxd.it/h1aY
2024-12-30,Wrong Cops,2013,https://boxd.it/4YkW
2024-12-31,I Lost My Body,2019,https://boxd.it/lAYs
2024-12-31,Memoir of a Snail,2024,https://boxd.it/EgX8
2025-01-02,Meanwhile on Earth,2024,https://boxd.it/BQ5K
2025-01-02,Killer Heat,2024,https://boxd.it/FVN6
2025-01-02,The Fish Child,2009,https://boxd.it/1t0A
2025-01-03,Kinds of Kindness,2024,https://boxd.it/CWPw
2025-01-04,A Different Man,2024,https://boxd.it/BoEC
2025-01-05,My First Film,2024,https://boxd.it/DNCq
2025-01-06,Carry-On,2024,https://boxd.it/C0B2
2025-01-07,Panic,2000,https://boxd.it/1D9s
2025-01-07,Ceremony,2010,https://boxd.it/shI
2025-01-08,Raymond & Ray,2022,https://boxd.it/wLda
2025-01-08,Sapiosexual,2023,https://boxd.it/KxgW
2025-01-09,The Northman,2022,https://boxd.it/nK2s
2025-01-09,(Untitled),2009,https://boxd.it/PWY
2025-01-10,Cunk on Life,2024,https://boxd.it/LKUi
2025-01-10,Smiley Face,2007,https://boxd.it/1QG0
2025-01-11,Worlds Apart,2024,https://boxd.it/I1vm
2025-01-12,Zero,2010,https://boxd.it/2C3q
2025-01-12,The Chest,2007,https://boxd.it/caGu
2025-01-13,Black Box Diaries,2024,https://boxd.it/K5dU
2025-01-13,Loverboy,2005,https://boxd.it/kk0
2025-01-14,Memory,2023,https://boxd.it/AZ9O
2025-01-15,The Paragon,2023,https://boxd.it/H0PI
2025-01-16,Paths of Hate,2011,https://boxd.it/34ne
2025-01-16,Neuro,2004,https://boxd.it/cqA8
2025-01-16,EU & USA,2018,https://boxd.it/xUMU
2025-01-16,Splashback,2023,https://boxd.it/H5NC
2025-01-17,Juror #2,2024,https://boxd.it/FRwU
2025-01-18,Megalopolis,2024,https://boxd.it/lPBS
2025-01-19,My Old Ass,2024,https://boxd.it/zLP0
2025-01-20,Misunderstood,1966,https://boxd.it/nLS
2025-01-21,Misbehaviour,2020,https://boxd.it/kPkU
2025-01-22,The Way We Speak,2024,https://boxd.it/M8MC
2025-01-22,Go Fish,1994,https://boxd.it/1GBu
2025-01-23,Continue,2022,https://boxd.it/zW3m
2025-01-25,The Protagonists,1999,https://boxd.it/4E08
2025-01-25,Blue,1993,https://boxd.it/3iyA
2025-01-26,Guillermo del Toro's Pinocchio,2022,https://boxd.it/kjMW
2025-01-26,Team Thor: Part 2,2017,https://boxd.it/fIbc
2025-01-26,Are You the Favorite Person of Anybody?,2005,https://boxd.it/7HRU
2025-01-26,I Met the Walrus,2007,https://boxd.it/4YD0
2025-01-27,Six Men Getting Sick,1967,https://boxd.it/HDu
2025-01-27,The Grandmother,1970,https://boxd.it/RMm
2025-01-27,The Amputee,1974,https://boxd.it/HtO
2025-01-27,Lumière & Company,1995,https://boxd.it/IHM
2025-01-28,Love,1964,https://boxd.it/4G9w
2025-01-28,Get a Job,1985,https://boxd.it/9rG6
2025-01-30,Wicked,2024,https://boxd.it/e8ME
2025-02-01,Erotic Passion,1981,https://boxd.it/dLP6
2025-02-07,Looking for Her,2022,https://boxd.it/DhoG
2025-02-07,Top End Wedding,2019,https://boxd.it/i1to
2025-02-07,Emmanuelle,1974,https://boxd.it/1xJa
2025-02-07,Emmanuelle: The Joys of a Woman,1975,https://boxd.it/1pZE
2025-02-07,Emmanuelle 3,1977,https://boxd.it/13JO
2025-02-07,Emmanuelle 4,1984,https://boxd.it/10ty
2025-02-08,Look Who's Back,2015,https://boxd.it/akeQ
2025-02-08,Nosferatu,2024,https://boxd.it/f5eG
2025-02-10,The Booksellers,2019,https://boxd.it/nksO
2025-02-10,Anora,2024,https://boxd.it/Egcw
2025-02-10,Polygon,1977,https://boxd.it/5Wlq
2025-02-11,Silent Night,2023,https://boxd.it/xEF4
2025-02-12,A Real Pain,2024,https://boxd.it/CjNG
2025-02-12,Home Alone 2: Lost in New York,1992,https://boxd.it/29F6
2025-02-12,Daphne,2017,https://boxd.it/fu3S
2025-02-13,Eden,2014,https://boxd.it/8KNo
2025-02-14,Mine,2016,https://boxd.it/bywc
2025-02-14,Momentum,2015,https://boxd.it/bCS2
2025-02-14,By the Sea,2015,https://boxd.it/a86q
2025-02-14,Man of Tai Chi,2013,https://boxd.it/2DUq
2025-02-14,I See You,2019,https://boxd.it/j2CS
2025-02-15,Assassin's Bullet,2012,https://boxd.it/3V9E
2025-02-15,The Quest,1996,https://boxd.it/1Z9O
2025-02-16,Ambulance,2022,https://boxd.it/sFxg
2025-02-16,Evan Almighty,2007,https://boxd.it/26s4
2025-02-16,Sweet Home Alabama,2002,https://boxd.it/1TDo
2025-02-16,The Night House,2020,https://boxd.it/jZze
2025-02-17,A Perfect Match,2021,https://boxd.it/wySu
2025-02-17,Allied,2016,https://boxd.it/cP42
2025-02-17,Ava,2020,https://boxd.it/jFH8
2025-02-18,Over Her Dead Body,2008,https://boxd.it/1QH8
2025-02-18,There's Only One Jimmy Grimble,2000,https://boxd.it/28uw
2025-02-19,Twin Dragons,1992,https://boxd.it/1GmE
2025-02-19,Rambo: Last Blood,2019,https://boxd.it/iYPy
2025-02-20,Shotgun Wedding,2022,https://boxd.it/stfa
2025-02-21,The Boss,2016,https://boxd.it/awu2
2025-02-22,A Taste of Romance,2012,https://boxd.it/32Oi
2025-02-23,Iron Mask,2019,https://boxd.it/f9OS
2025-02-23,Fire with Fire,2012,https://boxd.it/4tvu
2025-02-23,Shazam!,2019,https://boxd.it/8WBu
2025-02-23,Promising Young Woman,2020,https://boxd.it/loRE
2025-02-24,Exodus: Gods and Kings,2014,https://boxd.it/4FV0
2025-02-24,The Marksman,2021,https://boxd.it/nwpC
2025-02-25,The Runner,2015,https://boxd.it/8sBu
2025-02-25,Hostage,2005,https://boxd.it/27Bc
2025-02-26,The Dilemma,2011,https://boxd.it/RE8
2025-02-26,Beyond a Reasonable Doubt,2009,https://boxd.it/1wke
2025-02-26,Unlocked,2017,https://boxd.it/97UC
2025-02-26,We Die Young,2019,https://boxd.it/jBMS
2025-02-26,Kung Fu Yoga,2017,https://boxd.it/dn1Q
2025-02-27,Around the World in 80 Days,2004,https://boxd.it/1WPs
2025-03-01,The Brutalist,2024,https://boxd.it/k4BO
2025-03-08,"Oh, Canada",2024,https://boxd.it/G7TU
2025-03-08,Conclave,2024,https://boxd.it/AO8q
2025-03-09,When in Rome,2024,https://boxd.it/GlDc
2025-03-09,American Fiction,2023,https://boxd.it/DYHm
2025-03-10,Lee Mack's Road to Soccer Aid,2021,https://boxd.it/SP3s
2025-03-11,Confessions of a Romance Narrator,2025,https://boxd.it/RoGU
2025-03-12,The First Slam Dunk,2022,https://boxd.it/tt94
2025-03-12,American Meltdown,2023,https://boxd.it/GNhS
2025-03-14,Hellboy,2004,https://boxd.it/28HK
2025-03-14,Hellboy II: The Golden Army,2008,https://boxd.it/1Ug6
2025-03-15,Thomas Müller - One of a Kind,2025,https://boxd.it/R7as
2025-03-16,Asteroid City,2023,https://boxd.it/s3ds
2025-03-17,All the Wrong Ingredients,2023,https://boxd.it/IUlQ
2025-03-17,Too Funny to Fail: The Life & Death of The Dana Carvey Show,2017,https://boxd.it/hkkS
2025-03-18,The Doom Generation,1995,https://boxd.it/1PVe
2025-03-18,Upgraded,2024,https://boxd.it/ClSe
2025-03-19,Clairevoyant,2021,https://boxd.it/vPdw
2025-03-21,Levels,2024,https://boxd.it/tKVY
2025-03-21,Team Thor,2016,https://boxd.it/eznm
2025-03-21,The Man Who Was Afraid of Falling,2011,https://boxd.it/5EWS
2025-03-21,Harpy,1979,https://boxd.it/54RM
2025-03-21,Consent,2004,https://boxd.it/AGQ
2025-03-22,Old Guy,2024,https://boxd.it/ELvE
2025-03-23,Le Week-End,2013,https://boxd.it/6fZO
2025-03-23,Cunk on Shakespeare,2016,https://boxd.it/dUXy
2025-03-23,Turn Me On,2024,https://boxd.it/zkHo
2025-03-23,I Am Still Here,2017,https://boxd.it/g6NE
2025-03-24,Guillermo del Toro's Pinocchio: Handcarved Cinema,2022,https://boxd.it/E4XU
2025-03-24,Knox Goes Away,2023,https://boxd.it/AJsA
2025-03-24,The Doors Are Open,1968,https://boxd.it/8sMM
2025-03-27,Sign Painters,2014,https://boxd.it/69os
2025-03-27,Bus 44,2001,https://boxd.it/viY
2025-03-27,The OceanMaker,2014,https://boxd.it/bapQ
2025-03-28,Milk of Amnesia,1992,https://boxd.it/7fjg
2025-03-28,Hunger,1974,https://boxd.it/4dxa
2025-03-30,Calamari Union,1985,https://boxd.it/ib6
2025-03-30,Chelsea Walls,2001,https://boxd.it/1c54
2025-03-30,Curiosa,2019,https://boxd.it/hyho
2025-03-30,Bad Tidings,2024,https://boxd.it/MtpY
2025-03-31,The Hero,1994,https://boxd.it/4bgQ
2025-03-31,Thank You Very Much,2023,https://boxd.it/HJDi
2025-03-31,Just Before Losing Everything,2013,https://boxd.it/6Bz4
2025-04-01,The Marching Band,2024,https://boxd.it/BPIQ
2025-04-01,Fresh Kill,1994,https://boxd.it/d3X6
2025-04-02,Trunk - Locked In,2023,https://boxd.it/IUgw
2025-04-02,The War with Grandpa,2020,https://boxd.it/f2jy
2025-04-03,Back in Action,2025,https://boxd.it/By9k
2025-04-04,Desert Blue,1998,https://boxd.it/YFW
2025-04-04,My Dead Friend Zoe,2024,https://boxd.it/GFRo
2025-04-05,A Good Enough Day,2022,https://boxd.it/zpWo
2025-04-06,Black Rider,1993,https://boxd.it/53UK
2025-04-06,Shift,1982,https://boxd.it/3AeI
2025-04-06,Everything Is a Number,1967,https://boxd.it/4GAW
2025-04-06,The Cat Piano,2009,https://boxd.it/3cgg
2025-04-07,Herbie,1966,https://boxd.it/69hm
2025-04-07,Rope Dance,1986,https://boxd.it/6cYe
2025-04-08,Broken English,2007,https://boxd.it/1QoA
2025-04-13,Nightmare at School,2007,https://boxd.it/2Noa
2025-04-13,The Absent-Minded Waiter,1977,https://boxd.it/1Crg
2025-04-14,Caldera,2012,https://boxd.it/8Dp0
2025-04-14,The Girl Who Hated Books,2006,https://boxd.it/8Mt6
2025-04-15,Uncanny Valley,2015,https://boxd.it/cRyo
2025-04-15,78 Tours,1985,https://boxd.it/HOs
2025-04-15,"Very Nice, Very Nice",1961,https://boxd.it/4bh0
2025-04-19,Parthenope,2024,https://boxd.it/FWo2
2025-04-20,Maisie Adam: Appraisal,2024,https://boxd.it/RP94
2025-04-21,Sean Lock: Purple Van Man,2013,https://boxd.it/70SK
2025-04-21,Good Grief,2023,https://boxd.it/Dd6e
2025-04-21,Die Alone,2024,https://boxd.it/H9z0
2025-04-22,A Working Man,2025,https://boxd.it/Jpmq
2025-04-22,Rich Flu,2024,https://boxd.it/zdoO
2025-04-24,Super Zeroes,2012,https://boxd.it/kNVu
2025-04-24,Savoring Paris,2024,https://boxd.it/N3aq
2025-04-24,Thinner,1996,https://boxd.it/1WDQ
2025-04-24,Scenes from the Life of Andy Warhol: Friendships and Intersections,1990,https://boxd.it/6I80
2025-04-25,The Passion of Martin,1991,https://boxd.it/caGk
2025-04-25,Thong Girls,1987,https://boxd.it/9ydq
2025-04-25,Batman: Strange Days,2014,https://boxd.it/7RRK
2025-04-25,Azureus Rising,2010,https://boxd.it/2nTG
2025-04-26,"Television, the Eye of Tomorrow",1947,https://boxd.it/KzOw
2025-04-27,Process Red,1966,https://boxd.it/55mU
2025-04-27,Migration (for Jack Nelson),1976,https://boxd.it/axDO
2025-04-27,Santa's Workshop,1932,https://boxd.it/2gvi
2025-04-27,Even Pigeons Go to Heaven,2007,https://boxd.it/CTM
2025-04-28,Choose Me,1984,https://boxd.it/XMs
2025-04-28,Magpie,2024,https://boxd.it/ANn0
2025-04-29,The Last Showgirl,2024,https://boxd.it/KWtm
2025-04-30,Black Bag,2025,https://boxd.it/KRbM
2025-05-01,Cottontail,2023,https://boxd.it/oV8S
2025-05-01,Becoming Led Zeppelin,2025,https://boxd.it/wobU
2025-05-02,Trigger Happy,2025,https://boxd.it/KUz8
2025-05-03,The Marsh King's Daughter,2023,https://boxd.it/u2Q8
2025-05-03,Cleaner,2025,https://boxd.it/GzWW
2025-05-03,Poor Things,2023,https://boxd.it/tNWU
2025-05-03,Kinetta,2005,https://boxd.it/3d2Y
2025-05-05,The Life List,2025,https://boxd.it/LN3c
2025-05-05,The Rubber-Keyed Wonder,2024,https://boxd.it/KChK
2025-05-06,The Outrun,2024,https://boxd.it/txPo
2025-05-08,Auction,2024,https://boxd.it/EIYe
2025-05-08,A Billion Colour Story,2016,https://boxd.it/eASK
2025-05-09,Chronesthesia,2016,https://boxd.it/eo4S
2025-05-11,The End,2024,https://boxd.it/xfAe
2025-05-11,Two Scoops of Italy,2024,https://boxd.it/N3aU
2025-05-12,Young Woman and the Sea,2024,https://boxd.it/t7jw
2025-05-13,Black Bear,2020,https://boxd.it/n8ru
2025-05-14,Sex,2024,https://boxd.it/KFok
2025-05-14,Last Night,1998,https://boxd.it/1KLe
2025-05-15,King of the Hill,1993,https://boxd.it/1evo
2025-05-15,Katherine Ryan: Missus,2022,https://boxd.it/Eoq2
2025-05-17,ABBA: Against the Odds,2024,https://boxd.it/Ly1U
2025-05-17,John Kearns: The Varnishing Days,2024,https://boxd.it/MObe
2025-05-18,I Want to Live on Mars,2023,https://boxd.it/JoQY
2025-05-18,I Went Down,1997,https://boxd.it/1Ru0
2025-05-20,How to Make a Killing,2024,https://boxd.it/JWI0
2025-05-20,How Deep is the Ocean,2023,https://boxd.it/BTn8
2025-05-21,Female Teacher in Rope Hell,1981,https://boxd.it/5Dlc
2025-05-21,The Lady and the Reaper,2009,https://boxd.it/a18
2025-05-21,Sunspring,2016,https://boxd.it/e6a4
2025-05-21,It's No Game,2017,https://boxd.it/gREE
2025-05-24,The Chair,1963,https://boxd.it/4OSk
2025-05-25,The Ballad of Wallis Island,2025,https://boxd.it/GqT0
2025-05-25,The Parenting,2025,https://boxd.it/w7sO
2025-05-26,I'm Still Here,2024,https://boxd.it/BPEO
2025-05-27,In the Bedroom,2001,https://boxd.it/27Fo
2025-05-28,Nowhere,1997,https://boxd.it/286E
2025-05-28,Sight: Extended,2023,https://boxd.it/vvOM
2025-05-29,Thank You Mask Man,1971,https://boxd.it/3sXU
2025-05-29,The Black Hole,2008,https://boxd.it/3Ao4
2025-05-29,Suckablood,2012,https://boxd.it/4nG2
2025-05-30,The Assessment,2024,https://boxd.it/Ogf6
2025-05-30,I Am Easy to Find,2019,https://boxd.it/lzSy
2025-05-30,One Week,1920,https://boxd.it/1zr8
2025-05-30,The High Sign,1921,https://boxd.it/N0S
2025-05-30,The Scarecrow,1920,https://boxd.it/BB8
2025-05-30,Cops,1922,https://boxd.it/15j4
2025-05-31,The Wonderful Story of Henry Sugar and Three More,2024,https://boxd.it/LYEy
2025-06-01,Greg Davies: The Back of My Mum's Head,2013,https://boxd.it/6Zcy
2025-06-01,Greg Davies: Firing Cheeseballs at a Dog,2011,https://boxd.it/42Ok
2025-06-01,The Rat Catcher,2023,https://boxd.it/Is8a
2025-06-02,Maybe Forever,2024,https://boxd.it/UlqK
2025-06-02,Bernard and the Genie,1991,https://boxd.it/1yqy
2025-06-02,Brothers,2024,https://boxd.it/mNdQ
2025-06-02,God of Love,2010,https://boxd.it/jDK
2025-06-02,Stereo (Tile 3B of a CAEE Educational Mosaic),1969,https://boxd.it/1f1u
2025-06-02,Medusa,1998,https://boxd.it/768e
2025-06-03,Steam,2007,https://boxd.it/5UA4
2025-06-03,From Roger Moore with Love,2024,https://boxd.it/RnSg
2025-06-04,Fractured,2019,https://boxd.it/kPL2
2025-06-04,Fight or Flight,2024,https://boxd.it/K22E
2025-06-05,The Return,2024,https://boxd.it/AQbG
2025-06-05,C'mon C'mon,2021,https://boxd.it/nrI0
2025-06-07,Snow White,2025,https://boxd.it/fVuc
2025-06-07,Room 666,1982,https://boxd.it/3VAK
2025-06-09,IT'S SO OVER,,https://boxd.it/V8Uu
2025-06-09,The Accountant²,2025,https://boxd.it/wOm0
2025-06-10,Mr. K,2024,https://boxd.it/LfcY
2025-06-10,Mountainhead,2025,https://boxd.it/Sskq
2025-06-11,Three Birthdays,2023,https://boxd.it/E3EW
2025-06-11,Nora,2012,https://boxd.it/7FCS
2025-06-12,Where the Truth Lies,2005,https://boxd.it/1XWY
2025-06-13,The Old Mill,1937,https://boxd.it/2nTQ
2025-06-13,The Consequences of Feminism,1906,https://boxd.it/3YMY
2025-06-13,Code 8,2016,https://boxd.it/dA0G
2025-06-13,Hippy Porn,1991,https://boxd.it/6WQU
2025-06-14,The Substance,2024,https://boxd.it/zanS
2025-06-15,The Friend,2024,https://boxd.it/J0BU
2025-06-16,The Graduates,2023,https://boxd.it/DGIc
2025-06-17,Good Girl Jane,2022,https://boxd.it/AqAg
2025-06-18,Nightmare Alley,2021,https://boxd.it/m0HC
2025-06-19,Broke,2025,https://boxd.it/xmlA
2025-06-20,I Am Mother,2019,https://boxd.it/ihNE
2025-06-21,The Gunfighter,2014,https://boxd.it/8waM
2025-06-21,One Man Band,2005,https://boxd.it/1P6g
2025-06-21,Run,2012,https://boxd.it/6EHK
2025-06-22,Midsommar,2019,https://boxd.it/jhxe
2025-06-23,The Arrival of a Train at La Ciotat,1896,https://boxd.it/2aZw
2025-06-23,Workers Leaving the Lumière Factory,1895,https://boxd.it/29EM
2025-06-23,The Sprinkler Sprinkled,1895,https://boxd.it/2Slq
2025-06-23,Baby's Meal,1895,https://boxd.it/426C
2025-06-23,The Photographical Congress Arrives in Lyon,1895,https://boxd.it/6ek6
2025-06-23,Demolition of a Wall,1896,https://boxd.it/4eFO
2025-06-23,The Card Game,1896,https://boxd.it/54S6
2025-06-23,The Blacksmiths,1895,https://boxd.it/4bfe
2025-06-23,Landing of Dreyfus at Quiberon,1899,https://boxd.it/3zxk
2025-06-23,Robinson Crusoe,1902,https://boxd.it/4qhE
2025-06-23,Whimsical Illusions,1909,https://boxd.it/5K9i
2025-06-23,The One-Man Band,1900,https://boxd.it/Gri
2025-06-23,Joan of Arc,1900,https://boxd.it/3AKO
2025-06-23,The Man with the Rubber Head,1901,https://boxd.it/Grs
2025-06-23,The Kingdom of the Fairies,1903,https://boxd.it/1gIa
2025-06-23,The Four Troublesome Heads,1898,https://boxd.it/GoS
2025-06-23,The Infernal Cauldron,1903,https://boxd.it/1K2I
2025-06-23,The Astronomer's Dream,1898,https://boxd.it/3yr6
2025-06-23,Snowball Fight,1897,https://boxd.it/4Bem
2025-06-26,Jurassic World: Fallen Kingdom,2018,https://boxd.it/bOnU
2025-06-26,Revoir Paris,2022,https://boxd.it/yuDY
2025-06-27,Boiling Point,2019,https://boxd.it/nTRu
2025-06-27,Goodrich,2024,https://boxd.it/FabE
2025-06-27,Good Evening to You,1982,https://boxd.it/5Cdw
2025-06-27,A Greek woman in a Harem,1971,https://boxd.it/aMho
2025-06-27,"Kamikazi, agapi mou",1983,https://boxd.it/4yQ8
2025-06-27,"Darling, Let's Get Naked!",1984,https://boxd.it/591G
2025-06-27,Liar Wanted,1961,https://boxd.it/a72M
2025-06-27,The Young Lady's Fool,1960,https://boxd.it/9qiC
2025-06-27,A Lady In Bouzoukia,1968,https://boxd.it/gP0C
2025-06-27,Something Hot,1964,https://boxd.it/7WY2
2025-06-27,Wake up Vassili,1969,https://boxd.it/90lK
2025-06-27,The Barefoot Prince,1966,https://boxd.it/esJg
2025-06-27,A Knight for Vasoula,1968,https://boxd.it/9QZC
2025-06-27,The Robber Cries Thief!,1965,https://boxd.it/5ZfA
2025-06-27,A Crazy... Crazy... 40-Year-Old Woman,1970,https://boxd.it/cEOS
2025-06-27,The Decline,1961,https://boxd.it/b6Vy
2025-06-27,The little man,1969,https://boxd.it/cLcm
2025-06-27,Nomos 4000,1962,https://boxd.it/9zks
2025-06-27,The Wise Guy,1962,https://boxd.it/7X7y
2025-06-27,The Revolutionary,1971,https://boxd.it/gP1K
2025-06-27,Teddy Boy My Love,1965,https://boxd.it/dmlK
2025-06-27,The Gambler Lady,1964,https://boxd.it/9qjU
2025-06-27,Face to Face with Death,1970,https://boxd.it/cYky
2025-06-27,Vertigo,1963,https://boxd.it/lRKM
2025-06-27,Mousitsa,1959,https://boxd.it/aVVi
2025-06-27,Laos and Kolonaki,1959,https://boxd.it/cLUI
2025-06-27,Mr. Giorgis is Trained,1977,https://boxd.it/6wLO
2025-06-27,The Miss Of The Mister,1962,https://boxd.it/esOA
2025-06-27,The Liar,1968,https://boxd.it/hpDU
2025-06-27,Twenty Women and I,1973,https://boxd.it/9PpI
2025-06-27,O Katergaris,1971,https://boxd.it/dIQq
2025-06-27,A Fool And A Hater,1959,https://boxd.it/6wQu
2025-06-27,A Tank on My Bed,1975,https://boxd.it/dMoA
2025-06-27,Bouzouki Strumming,1966,https://boxd.it/ga0m
2025-06-27,Lisa and the Other Woman,1961,https://boxd.it/d6KO
2025-06-27,Maria in Silence,1973,https://boxd.it/dbMA
2025-06-27,Holidays in Aegina,1958,https://boxd.it/aVJw
2025-06-27,"Nelly, the Spy",1981,https://boxd.it/cER8
2025-06-27,Sly Female… Sly Woman!,1980,https://boxd.it/d6Li
2025-06-27,Zero Hour Society,1966,https://boxd.it/9A9g
2025-06-27,Visibility Zero,1970,https://boxd.it/doW4
2025-06-27,Panic in the Schools,1982,https://boxd.it/hyhe
2025-06-27,Date In The Air,1966,https://boxd.it/es6S
2025-06-27,One Girl For Two Men,1963,https://boxd.it/aWj0
2025-06-27,I Die Every Dawn,1969,https://boxd.it/dbOc
2025-06-27,Five Thousand Lies,1966,https://boxd.it/cLV2
2025-06-27,Eftyhos... trellathika!,1961,https://boxd.it/e0sm
2025-06-27,Thieves out!,1961,https://boxd.it/cYVu
2025-06-27,Three Ladies and me,1960,https://boxd.it/aWbK
2025-06-27,"My friend, Lefterakis",1963,https://boxd.it/5912
2025-06-27,Makrykostas and Kontogiorgis,1960,https://boxd.it/4FNq
2025-06-27,Zero for Conduct,1949,https://boxd.it/cZBq
2025-06-27,"Thanasakis, the Politician",1954,https://boxd.it/7Vdk
2025-06-27,Apaches of Athens,1950,https://boxd.it/ggAA
2025-06-27,A Matter of Earnestness,1965,https://boxd.it/9qkS
2025-06-27,The Policeman of the 16th Precinct,1959,https://boxd.it/5bOg
2025-06-27,Groom from London,1967,https://boxd.it/cZeQ
2025-06-28,Dunderklumpen!,1974,https://boxd.it/1Pok
2025-06-28,Walking and Talking,1996,https://boxd.it/ELq
2025-06-28,Sense and Sensibility,1995,https://boxd.it/244E
2025-06-28,"Crouching Tiger, Hidden Dragon",2000,https://boxd.it/2b1M
2025-06-29,Walking Tall,2004,https://boxd.it/1U2I
2025-06-29,Wait Until Dark,1967,https://boxd.it/1Unc
2025-06-29,Thunderball,1965,https://boxd.it/29SE
2025-06-30,The Boy Who Wanted To Be A Lion,2010,https://boxd.it/4Qiy
2025-06-30,Rocks,2001,https://boxd.it/19ag
2025-06-30,Malaria,2013,https://boxd.it/5DDq
2025-06-30,The Amateur,2025,https://boxd.it/F9NW
2025-06-30,Saint John of Las Vegas,2009,https://boxd.it/1sG6
2025-07-01,Palindromes,2004,https://boxd.it/1QUc
2025-07-02,The Phoenician Scheme,2025,https://boxd.it/H0Ca
2025-07-02,Art of Love,1983,https://boxd.it/2N74
2025-07-03,Venice 70: Future Reloaded,2013,https://boxd.it/6yhc
2025-07-03,Noël Coward's Present Laughter,2017,https://boxd.it/hs1O
2025-07-03,"Literally, Right Before Aaron",2017,https://boxd.it/g3om
2025-07-03,A Greek Recipe for Romance,2024,https://boxd.it/N3b4
2025-07-04,The Penguin Lessons,2024,https://boxd.it/F6xQ
2025-07-05,Balestra,2024,https://boxd.it/qORg
2025-07-06,Better Man,2024,https://boxd.it/u6t8
2025-07-07,Deep Cover,2025,https://boxd.it/L6ec
2025-07-16,This Is How the World Ends,2000,https://boxd.it/SUmk
2025-07-17,Rampage,2018,https://boxd.it/f9a4
2025-07-17,Guess Who,2005,https://boxd.it/1Tmi
2025-07-22,Jobs,2013,https://boxd.it/3RcY
2025-07-22,One True Thing,1998,https://boxd.it/xl6
2025-07-23,Bad Company,1972,https://boxd.it/1iLg
2025-07-25,Ghost Dog: The Way of the Samurai,1999,https://boxd.it/23Ne
2025-07-27,The Messenger: The Story of Joan of Arc,1999,https://boxd.it/1XdE
2025-07-27,Results,2015,https://boxd.it/9h9G
2025-07-27,The Speedway Murders,2023,https://boxd.it/IsMY
2025-07-28,The Intervention,2016,https://boxd.it/bO52
2025-07-28,The Dead Don't Die,2019,https://boxd.it/juZg
2025-07-29,The Rounders,1914,https://boxd.it/wFY
2025-07-30,Blink Twice,2024,https://boxd.it/vIOg
2025-07-30,Film Geek,2023,https://boxd.it/DCK4
2025-07-30,Late Shift,2025,https://boxd.it/QgzO
2025-07-30,For People in Trouble,2023,https://boxd.it/EYlW
2025-07-31,Rhod Gilbert: The Book of John,2022,https://boxd.it/Dkui
2025-07-31,The Half-Breed,1916,https://boxd.it/61L4
2025-08-01,Materialists,2025,https://boxd.it/GZlW
2025-08-01,I'm Not a Robot,2023,https://boxd.it/IGTE
2025-08-02,Vera and the Pleasure of Others,2023,https://boxd.it/F6zM
2025-08-03,Robert Wilson: The Beauty of the Mysterious,2022,https://boxd.it/yZoK
2025-08-03,Absolute Wilson,2006,https://boxd.it/5giO
2025-08-03,I Don't Understand You,2024,https://boxd.it/KGJe
2025-08-03,The Annunciation of Marie,1991,https://boxd.it/c1xy
2025-08-04,"To Barcelona, with Love",2025,https://boxd.it/UHPi
2025-08-04,"To Barcelona, Forever",2025,https://boxd.it/UHOu
2025-08-05,Notice to Quit,2024,https://boxd.it/KdJa
2025-08-06,Friendship,2024,https://boxd.it/L6Dc
2025-08-07,Cure,1997,https://boxd.it/1blA
2025-08-08,Melvin Goes to Dinner,2003,https://boxd.it/1dtw
2025-08-09,My Penguin Friend,2024,https://boxd.it/HRHC
2025-08-09,How to Train Your Dragon,2025,https://boxd.it/F7Je
2025-08-10,Thunderbolts*,2025,https://boxd.it/BfbQ
2025-08-10,The Manhattan Project,2022,https://boxd.it/D8Rk
2025-08-10,The Moderns,1988,https://boxd.it/Y42
2025-08-11,Remember My Name,1978,https://boxd.it/2XKA
2025-08-12,Inheritance,2024,https://boxd.it/Nvis
2025-08-13,BRATS,2024,https://boxd.it/BMHK
2025-08-13,Weekend at Bernie's II,1993,https://boxd.it/204K
2025-08-13,Mulholland Falls,1996,https://boxd.it/1UUK
2025-08-13,Class,1983,https://boxd.it/1BNK
2025-08-13,Attack of the Hollywood Clichés!,2021,https://boxd.it/x6sA
2025-08-14,His Three Daughters,2023,https://boxd.it/HGx2
2025-08-16,He Loves Me… He Loves Me Not,2002,https://boxd.it/1Sw2
2025-08-16,Law Abiding Citizen,2009,https://boxd.it/1A2I
2025-08-16,Mary Poppins Returns,2018,https://boxd.it/e4nU
2025-08-16,Closed Set,2014,https://boxd.it/esSC
2025-08-16,Les Biches,1968,https://boxd.it/288K
2025-08-17,Along Came a Spider,2001,https://boxd.it/27yW
2025-08-17,Kiss the Girls,1997,https://boxd.it/1YGs
2025-08-17,Naked On The Street,1969,https://boxd.it/mZwK
2025-08-17,The Driver,1953,https://boxd.it/in0o
2025-08-17,Those Not Allowed to Love,1951,https://boxd.it/iJXs
2025-08-17,The Happy Beginning,1954,https://boxd.it/kLjo
2025-08-17,Mrs. Midwife,1958,https://boxd.it/90k8
2025-08-17,O Thymios takane thalassa,1959,https://boxd.it/e7VK
2025-08-17,The yellow gloves,1960,https://boxd.it/9pta
2025-08-17,Runaway Bride,1962,https://boxd.it/aW1K
2025-08-17,World Gone Mad,1963,https://boxd.it/2Qoi
2025-08-17,Egoism,1964,https://boxd.it/hsC6
2025-08-17,Story of a Lifetime,1965,https://boxd.it/kiC2
2025-08-17,I blame the People,1966,https://boxd.it/gOZY
2025-08-17,Tears for Electra,1966,https://boxd.it/k91G
2025-08-17,The Strongman Who Became a Lamb,1968,https://boxd.it/5wy4
2025-08-17,My Dimitri... My Dimitri,1967,https://boxd.it/iL4E
2025-08-17,The Luna Park Girl,1968,https://boxd.it/esMO
2025-08-17,Apollo Goes on Holiday,1968,https://boxd.it/j6i8
2025-08-17,For Whom the Bell Rings,1968,https://boxd.it/dmlq
2025-08-17,The Barber's Beauty,1969,https://boxd.it/cQsu
2025-08-17,The Countess of Corfu,1972,https://boxd.it/6yuK
2025-08-17,The Man Who Returned from the Heat,1972,https://boxd.it/dv2C
2025-08-17,Marijuana Stop!,1971,https://boxd.it/cOBE
2025-08-17,Come... Kiss... Finished!,1986,https://boxd.it/gw6w
2025-08-17,The Ladykiller,1969,https://boxd.it/dME4
2025-08-17,The Dream Lovers,1974,https://boxd.it/gP6g
2025-08-17,Ice,1970,https://boxd.it/53dc
2025-08-18,Lili,1953,https://boxd.it/UHO
2025-08-18,Poor Cow,1967,https://boxd.it/2CGW
2025-08-18,Rated X,2000,https://boxd.it/1qNY
2025-08-19,Plainclothes,2025,https://boxd.it/LP4Q
2025-08-19,P.S. I Love You,2007,https://boxd.it/229C
2025-08-20,Long Distance,2024,https://boxd.it/mlWI
2025-08-21,Logan Lucky,2017,https://boxd.it/dZrs
2025-08-22,As of Yet,2021,https://boxd.it/uWok
2025-08-23,Maria,2024,https://boxd.it/Dh4c
2025-08-23,Love Me,2024,https://boxd.it/xgoe
2025-08-24,Midas Run,1969,https://boxd.it/6PtY
2025-08-24,Spencer,2021,https://boxd.it/qPMG
2025-08-24,Destino,2003,https://boxd.it/1cMM
2025-08-24,Happiest Season,2020,https://boxd.it/iS3I
2025-08-27,Mission: Impossible III,2006,https://boxd.it/29cI
2025-08-27,Mission: Impossible – Ghost Protocol,2011,https://boxd.it/psI
2025-08-27,Mission: Impossible – Rogue Nation,2015,https://boxd.it/5rI4
2025-08-27,Mission: Impossible – Fallout,2018,https://boxd.it/bSVc
2025-08-27,Mission: Impossible – Dead Reckoning,2023,https://boxd.it/l7zS
2025-08-27,Mission: Impossible – The Final Reckoning,2025,https://boxd.it/l7A2
2025-08-28,The Saga of Biorn,2011,https://boxd.it/3lam
2025-08-28,Rare Exports Inc.,2003,https://boxd.it/2qCI
2025-08-29,Superman,2025,https://boxd.it/E9IU
2025-08-30,Nobody Else But You,2011,https://boxd.it/vKe
2025-08-31,Airplane Mode,2019,https://boxd.it/k5Wy
2025-08-31,n[eon],2002,https://boxd.it/3LVo
2025-08-31,Moonshine,1918,https://boxd.it/BkQ
2025-09-01,Not an Artist,2023,https://boxd.it/JrdK
2025-09-01,Tag,2018,https://boxd.it/gh7Y
2025-09-02,The Isle,2000,https://boxd.it/1ZZ6
2025-09-03,Pieta,2012,https://boxd.it/446k
2025-09-04,Furious 7,2015,https://boxd.it/5cVs
2025-09-04,The Hunted,2003,https://boxd.it/1VM8
2025-09-05,The Cold Light of Day,2012,https://boxd.it/2HzQ
2025-09-07,The Roses,2025,https://boxd.it/MjnI
2025-09-08,Absolution,2015,https://boxd.it/aYhA
2025-09-08,Vertical Limit,2000,https://boxd.it/1Tga
2025-09-08,The Dukes of Hazzard,2005,https://boxd.it/21A8
2025-09-08,The Notorious Landlady,1962,https://boxd.it/F3u
2025-09-09,Sex and the City 2,2010,https://boxd.it/17w0
2025-09-11,Benediction,2021,https://boxd.it/dZsg
2025-09-12,The Invisible Fight,2023,https://boxd.it/DLDG
2025-09-12,Take the Lead,2006,https://boxd.it/1Ri4
2025-09-13,Panama,2022,https://boxd.it/niEo
2025-09-13,Chevalier,2015,https://boxd.it/a7ty
2025-09-13,Winter's Tale,2014,https://boxd.it/4q6c
2025-09-14,Breaking In,2018,https://boxd.it/hXkC
2025-09-14,Everly,2014,https://boxd.it/8s7u
2025-09-14,Payback,1999,https://boxd.it/27pq
2025-09-14,Tower Heist,2011,https://boxd.it/iQI
2025-09-15,The Vow,2012,https://boxd.it/2o4Y
2025-09-15,Run All Night,2015,https://boxd.it/76p0
2025-09-15,Cold Blood,2019,https://boxd.it/lXRu
2025-09-15,Into the Storm,2014,https://boxd.it/6r3W
2025-09-15,Trauma Center,2019,https://boxd.it/nPhM
2025-09-15,Meet the Spartans,2008,https://boxd.it/213S
2025-09-16,Three Friends,2024,https://boxd.it/H0os
2025-09-16,The Meddler,2015,https://boxd.it/bb40
2025-09-16,Gold,2022,https://boxd.it/sAuG
2025-09-16,9/11,2017,https://boxd.it/gg1A
2025-09-18,The Glorias,2020,https://boxd.it/iORk
2025-09-18,Out of Africa,1985,https://boxd.it/2a0S
2025-09-19,Bel Canto,2018,https://boxd.it/iPIo
2025-09-19,Night Hunter,2018,https://boxd.it/fGVW
2025-09-20,Sentimental Value,2025,https://boxd.it/GwcG
2025-09-20,Don't Say a Word,2001,https://boxd.it/1Sxu
2025-09-20,Seraphim Falls,2006,https://boxd.it/1QxM
2025-09-21,Jason Bourne,2016,https://boxd.it/ayYy
2025-09-21,A Day in the Life of a Teddy Bear,2022,https://boxd.it/zxnc
2025-09-21,The Mirror Has Two Faces,1996,https://boxd.it/1we6
2025-09-21,Brain on Fire,2016,https://boxd.it/bj5g
2025-09-21,This Is 40,2012,https://boxd.it/39WI
2025-09-24,The Guardian,2006,https://boxd.it/240C
2025-09-25,Dreamcatcher,2003,https://boxd.it/21XQ
2025-09-26,The Transporter,2002,https://boxd.it/24Nu
2025-09-26,Angel Has Fallen,2019,https://boxd.it/eYfC
2025-09-27,A Simple Favor,2018,https://boxd.it/hq92
2025-09-27,I Am Legend,2007,https://boxd.it/21DG
2025-09-28,Offline,2023,https://boxd.it/EIjU
2025-09-30,The Invasion,2007,https://boxd.it/23Ku
2025-09-30,Blacklight,2022,https://boxd.it/v3d4
2025-09-30,Undisputed II: Last Man Standing,2006,https://boxd.it/1Mz0
2025-09-30,Fatale,2020,https://boxd.it/k4wu
2025-10-01,Wrath of Man,2021,https://boxd.it/nEia
2025-10-02,The Batman,2022,https://boxd.it/eDGs
2025-10-03,No Reservations,2007,https://boxd.it/256w
2025-10-03,Human Capital,2019,https://boxd.it/kTso
2025-10-03,Out of Death,2021,https://boxd.it/t7GK
2025-10-04,Griffin & Phoenix,2006,https://boxd.it/1M2U
2025-10-05,Aquaman,2018,https://boxd.it/9ru0
2025-10-05,Amsterdam,2022,https://boxd.it/oJ58
2025-10-05,For Love of the Game,1999,https://boxd.it/1WnS
2025-10-05,The Internship,2013,https://boxd.it/3SWS
2025-10-08,Sherlock Holmes: A Game of Shadows,2011,https://boxd.it/k3S
2025-10-10,Boxing Match,1927,https://boxd.it/4cYk
2025-10-10,The Last Gunfighter,2002,https://boxd.it/a7gY
2025-10-11,Aftersun,2022,https://boxd.it/Arw0
2025-10-11,Girls on Top,2001,https://boxd.it/1YW6
2025-10-12,Beast,2011,https://boxd.it/3jsS
2025-10-12,The Threesome,2025,https://boxd.it/BxO2
2025-10-13,F1,2025,https://boxd.it/yjVM
2025-10-13,Fair Play,2023,https://boxd.it/yirc
2025-10-14,Paying for It,2024,https://boxd.it/NvY4
2025-10-14,The Pleasure Girls,1965,https://boxd.it/TXc
2025-10-15,Sketch,2024,https://boxd.it/OmX4
2025-10-15,Steve,2025,https://boxd.it/LekC
2025-10-16,The Hypnosis,2023,https://boxd.it/C1AE
2025-10-17,Americans in Bed,2013,https://boxd.it/7iga
2025-10-17,Computer Chess,2013,https://boxd.it/4Y1g
2025-10-18,Unstrung Heroes,1995,https://boxd.it/xXY
2025-10-19,Cardinals,2017,https://boxd.it/gWuk
2025-10-20,The Fantastic 4: First Steps,2025,https://boxd.it/mP6C
2025-10-21,Splitsville,2025,https://boxd.it/PGtA
2025-10-22,Lucky,2005,https://boxd.it/50As
2025-10-22,Imagine,1987,https://boxd.it/drC2
2025-10-24,Solitude,2023,https://boxd.it/DSX4
2025-10-24,The Insomniac,1971,https://boxd.it/6Jla
2025-10-24,Never Rarely Sometimes Always,2020,https://boxd.it/lWJk
2025-10-28,Marmalade,2024,https://boxd.it/BGQc
2025-10-28,"Oh, Hi!",2025,https://boxd.it/PLns
2025-10-30,Re:Uniting,2023,https://boxd.it/GtOs
2025-10-31,37 Seconds,2019,https://boxd.it/kWb6
2025-10-31,Am I OK?,2022,https://boxd.it/nPqY
2025-10-31,Copenhagen,2002,https://boxd.it/CkM
2025-11-01,Deep Water,2022,https://boxd.it/mVHk
2025-11-01,Don't Tell,2017,https://boxd.it/e5LI
2025-11-02,Pitch Black,2000,https://boxd.it/26iS
2025-11-02,Popular Theory,2023,https://boxd.it/I17E
2025-11-03,Anemic Cinema,1926,https://boxd.it/l7m
2025-11-03,Animated History of Poland,2010,https://boxd.it/bEzm
2025-11-03,Snow-White,1933,https://boxd.it/4aGy
2025-11-06,Inside,2002,https://boxd.it/4ocs
2025-11-06,Contre temps,2013,https://boxd.it/6CoG
2025-11-07,A Certain Killer,1967,https://boxd.it/33Ri
2025-11-08,Sebastian,2024,https://boxd.it/EooU
2025-11-09,Slingshot,2024,https://boxd.it/ywew
2025-11-11,Dark City,1998,https://boxd.it/26uk
2025-11-12,Chinese Coffee,2000,https://boxd.it/FSW
2025-11-12,Extreme Movie,2008,https://boxd.it/1M1i
2025-11-13,The Naked Gun,2025,https://boxd.it/Da9k
2025-11-13,Career Opportunities,1991,https://boxd.it/1Ksw
2025-11-15,Bad Shabbos,2024,https://boxd.it/EjsW
2025-11-15,Babygirl,2024,https://boxd.it/Fvai
2025-11-15,Black Hawk Down,2001,https://boxd.it/29rI
2025-11-16,The Human Condition I: No Greater Love,1959,https://boxd.it/1jAy
2025-11-16,The Human Condition II: Road to Eternity,1959,https://boxd.it/1dJa
2025-11-16,The Human Condition III: A Soldier's Prayer,1961,https://boxd.it/1dIQ
2025-11-16,Nouvelle Vague,2025,https://boxd.it/LLLQ
2025-11-17,When We Went MAD!,2025,https://boxd.it/PQMs
2025-11-18,Laggies,2014,https://boxd.it/7aRC
2025-11-20,The Squid and the Whale,2005,https://boxd.it/1VAG
2025-11-20,The Woman in Cabin 10,2025,https://boxd.it/NfTM
2025-11-21,One Battle After Another,2025,https://boxd.it/DUHM
2025-11-21,One of One,2025,https://boxd.it/WRni
2025-11-21,Bank of Dave,2023,https://boxd.it/zko2
2025-11-21,Being Canadian,2015,https://boxd.it/b4p6
2025-11-23,The Piano Accident,2025,https://boxd.it/O7k2
2025-11-23,Wicked: One Wonderful Night,2025,https://boxd.it/UV5o
2025-11-24,Hearts of Darkness: A Filmmaker's Apocalypse,1991,https://boxd.it/24ai
2025-11-24,Messy,2024,https://boxd.it/GZsy
2025-11-25,He's Just Not That Into You,2009,https://boxd.it/1WSG
2025-11-26,Alita: Battle Angel,2019,https://boxd.it/e0rS
2025-11-27,The Beast,2023,https://boxd.it/yqmk
2025-11-27,The Life of Chuck,2024,https://boxd.it/vMTu
2025-11-29,Her Smell,2018,https://boxd.it/iT5q
2025-11-29,Pink Floyd: Live at Pompeii,1972,https://boxd.it/1v90
2025-11-29,Good Fortune,2025,https://boxd.it/GavG
2025-11-29,Haunted Heart,2024,https://boxd.it/EqCO
2025-11-29,He Ain't Heavy,2024,https://boxd.it/JJvs
2025-11-29,Heaven Help Us,1985,https://boxd.it/10AY
2025-11-30,Louder Than Bombs,2015,https://boxd.it/4WEK
2025-11-30,Moon,2024,https://boxd.it/Irza
2025-12-01,Lilo & Stitch,2025,https://boxd.it/kbUe
2025-12-01,Symbiopsychotaxiplasm: Take One,1968,https://boxd.it/R6q
2025-12-01,Symbiopsychotaxiplasm: Take 2½,2005,https://boxd.it/R6g
2025-12-01,All the Money in the World,2017,https://boxd.it/fUsk
2025-12-02,World of Tomorrow,2015,https://boxd.it/9Gr6
2025-12-02,World of Tomorrow Episode Two: The Burden of Other People's Thoughts,2017,https://boxd.it/gU8m
2025-12-02,World of Tomorrow Episode Three: The Absent Destinations of David Prime,2020,https://boxd.it/rmsk
2025-12-03,The Colors of Evil,2012,https://boxd.it/4540
2025-12-03,The Black Imp,1905,https://boxd.it/Sca
2025-12-05,Blue Moon,2025,https://boxd.it/Nzwy
2025-12-06,A House of Dynamite,2025,https://boxd.it/NcXc
2025-12-06,Christmas Eve in Miller's Point,2024,https://boxd.it/ECbK
2025-12-06,Highball,2002,https://boxd.it/S4A
2025-12-07,Maria by Callas,2017,https://boxd.it/gGd8
2025-12-07,Causeway,2022,https://boxd.it/lWQq
2025-12-08,Sex in the Soviet Union,2025,https://boxd.it/NYgK
2025-12-09,Frankenstein,2025,https://boxd.it/Ecsg
2025-12-09,In the Land of Saints and Sinners,2023,https://boxd.it/CQsQ
2025-12-10,She's Funny That Way,2014,https://boxd.it/7dFk
2025-12-10,A West Wing Special to Benefit When We All Vote,2020,https://boxd.it/si4q
2025-12-10,Drop,2025,https://boxd.it/LyPq
2025-12-10,Eenie Meanie,2025,https://boxd.it/HxdC
2025-12-11,Waltzing with Brando,2024,https://boxd.it/l5xU
2025-12-11,Don't Come Upstairs,2025,https://boxd.it/XXKE
2025-12-13,Underwater,2020,https://boxd.it/fN4q
2025-12-13,Wonderwall,1968,https://boxd.it/13YO
2025-12-13,The Reinvention of Normal,2015,https://boxd.it/aYUC
2025-12-13,Jealousy,2013,https://boxd.it/6rpe
2025-12-14,Keep Calling,2020,https://boxd.it/wbz0
2025-12-14,The Way of the Dodo,2013,https://boxd.it/ojT2
2025-12-14,Tales from a Town Called Blackburn,2018,https://boxd.it/zm94
2025-12-15,The Weekend,2018,https://boxd.it/jApe
2025-12-15,Dracula,2025,https://boxd.it/Lng0
2025-12-15,The Uninvited,2024,https://boxd.it/G7zg
2025-12-17,You Can Count on Me,2000,https://boxd.it/1Omi
2025-12-18,Hana,2006,https://boxd.it/1Dly
2025-12-18,The Running Man,2025,https://boxd.it/u36A
2025-12-18,28 Years Later,2025,https://boxd.it/FEGM
2025-12-19,Wake Up Dead Man,2025,https://boxd.it/uAKS
2025-12-19,The Darktown Revue,1931,https://boxd.it/6f2C
2025-12-20,Now You See Me: Now You Don't,2025,https://boxd.it/f3i2
2025-12-21,High and Low,1963,https://boxd.it/1RSc
2025-12-21,Highest 2 Lowest,2025,https://boxd.it/LcIC
2025-12-22,Emily the Criminal,2022,https://boxd.it/wBOq
2025-12-22,The Recruit,2003,https://boxd.it/28oS
2025-12-23,Die My Love,2025,https://boxd.it/D5cI
2025-12-23,Sacramento,2024,https://boxd.it/vMTO
2025-12-24,Sigmund,1984,https://boxd.it/cfQu
2025-12-24,Berlin Horse,1970,https://boxd.it/7n1Y
2025-12-24,A Portrait of Ga,1952,https://boxd.it/7imW
2025-12-24,Baeus,1987,https://boxd.it/6DVQ
2025-12-24,Rumor Has It...,2005,https://boxd.it/26h6
2025-12-25,Bugonia,2025,https://boxd.it/qeWY
2025-12-25,No Hard Feelings,2023,https://boxd.it/xouu
2025-12-25,Kumail Nanjiani: Night Thoughts,2025,https://boxd.it/WVVS
2025-12-26,My Sister's Keeper,2009,https://boxd.it/1Xh2
2025-12-27,Close,2022,https://boxd.it/y4qa
2025-12-27,Companion,2025,https://boxd.it/F04o
2025-12-28,Jane Got a Gun,2015,https://boxd.it/5n2e
2025-12-28,Die Hart,2023,https://boxd.it/EKzq
2025-12-29,Moonland,1926,https://boxd.it/5Jcq
2025-12-29,Forklift Driver Klaus: The First Day on the Job,2001,https://boxd.it/1Y4S
2025-12-29,The Sleepover,2012,https://boxd.it/4wmK
2025-12-29,Autobiographical Scene Number 6882,2005,https://boxd.it/5A7G
2025-12-29,A Short Love Story in Stop Motion,2008,https://boxd.it/7fmY
2025-12-29,Despair,2010,https://boxd.it/7kQa
2025-12-29,The Cat with Hands,2001,https://boxd.it/LZ0
2025-12-29,Field Notes from Dimension X: Oasis,2009,https://boxd.it/4CpK
2025-12-29,Tomatos Another Day,1934,https://boxd.it/59nC
2025-12-29,The Fall of the House of Usher,1928,https://boxd.it/3Bzs
2025-12-31,Anna,2019,https://boxd.it/hqQq
2025-12-31,A Woman of Paris: A Drama of Fate,1923,https://boxd.it/1orQ
2025-12-31,The Firm,1989,https://boxd.it/1IRO
2025-12-31,Femmes Fatales,1976,https://boxd.it/6QQ
2026-01-01,McKellen: Playing the Part,2017,https://boxd.it/iOpg
2026-01-01,Train Dreams,2025,https://boxd.it/LdDo
2026-01-01,The Girl Is Mime,2009,https://boxd.it/4P4U
2026-01-02,The Movie Orgy,1968,https://boxd.it/48qy
2026-01-02,Attack of the 50 Foot Woman,1958,https://boxd.it/1Gq2
2026-01-02,Speed Crazy,1959,https://boxd.it/3DTE
2026-01-02,Survival Under Atomic Attack,1951,https://boxd.it/l7HW
2026-01-02,College Confidential,1960,https://boxd.it/2WIS
2026-01-02,The Great Adventures of Wild Bill Hickok,1938,https://boxd.it/7m9W
2026-01-02,One Million B.C.,1940,https://boxd.it/258W
2026-01-02,Zamba,1949,https://boxd.it/aPz6
2026-01-03,Commando Cody: Sky Marshal of the Universe,1953,https://boxd.it/uYEa
2026-01-03,Tarantula,1955,https://boxd.it/1ZdQ
2026-01-03,Earth vs. the Flying Saucers,1956,https://boxd.it/1Htw
2026-01-03,The Giant Claw,1957,https://boxd.it/1bmy
2026-01-03,Beginning of the End,1957,https://boxd.it/dyE
2026-01-03,The Amazing Colossal Man,1957,https://boxd.it/UZ4
2026-01-03,Teenagers from Outer Space,1959,https://boxd.it/1cJy
2026-01-03,The Giant Gila Monster,1959,https://boxd.it/1enO
2026-01-03,Killers of the Flower Moon,2023,https://boxd.it/gHp0
2026-01-03,River,2022,https://boxd.it/CsIK
2026-01-04,The Act of Killing,2012,https://boxd.it/44Cg
2026-01-05,A Girl Like Her,2015,https://boxd.it/aA56
2026-01-05,A Good Year,2006,https://boxd.it/1XXs
2026-01-05,Hackers: Wizards of the Electronic Age,1984,https://boxd.it/5o88
2026-01-06,"'night, Mother",1986,https://boxd.it/1dk0
2026-01-07,Evil Does Not Exist,2023,https://boxd.it/HJrc
2026-01-07,Exhibiting Forgiveness,2024,https://boxd.it/JFrc
2026-01-08,The Landlord,2007,https://boxd.it/TZi
2026-01-08,True Skin,2012,https://boxd.it/4rPM
2026-01-08,Abracadabra,1970,https://boxd.it/3c24
2026-01-08,Rock the Boat,1944,https://boxd.it/4CNC
2026-01-08,Asako I & II,2018,https://boxd.it/hyNk
2026-01-09,Oppressed Majority,2010,https://boxd.it/7u4A
2026-01-09,The Stairs,1969,https://boxd.it/9BfY
2026-01-09,Wheel of Fortune and Fantasy,2021,https://boxd.it/tWcm
2026-01-09,Being Eddie,2025,https://boxd.it/SN6O
2026-01-10,Happy Hour,2015,https://boxd.it/bXge
2026-01-11,Ash,2025,https://boxd.it/z5n4
2026-01-11,American Buffalo,1996,https://boxd.it/1iRo
2026-01-12,Someone's Gaze,2013,https://boxd.it/6BtK
2026-01-12,Tolerantia,2008,https://boxd.it/4LLq
2026-01-12,Post-It Love,2009,https://boxd.it/7xzG
2026-01-12,"It's Never Over, Jeff Buckley",2025,https://boxd.it/RSnI
2026-01-12,Richard Linklater: Dream Is Destiny,2016,https://boxd.it/d5uA
2026-01-13,Red Post on Escher Street,2020,https://boxd.it/pdpi
2026-01-14,Thy Kingdom Come,2018,https://boxd.it/i88M
2026-01-14,Mr. Burton,2025,https://boxd.it/LemS
2026-01-15,Brain Divided,2013,https://boxd.it/6rYS
2026-01-15,Hubert Bals Handshake,1989,https://boxd.it/7DGI
2026-01-15,Sovereign,2025,https://boxd.it/GIP6
2026-01-16,Warfare,2025,https://boxd.it/LbRo
2026-01-16,Civil War,2024,https://boxd.it/z1jW
2026-01-17,Jay Kelly,2025,https://boxd.it/EsWw
2026-01-18,Fantasmagorie,1908,https://boxd.it/30CY
2026-01-18,R'ha,2013,https://boxd.it/4Z46
2026-01-20,Margot at the Wedding,2007,https://boxd.it/1OX4
2026-01-20,You Are Alone,2005,https://boxd.it/1jSi
2026-01-20,Kicking and Screaming,1995,https://boxd.it/1pHK
2026-01-21,Greenberg,2010,https://boxd.it/1rt6
2026-01-21,TWST / Things We Said Today,2024,https://boxd.it/Oo20
2026-01-23,Bring Her Back,2025,https://boxd.it/Hxlc
2026-01-23,Caught Stealing,2025,https://boxd.it/LnyS
2026-01-23,Noise,2007,https://boxd.it/1LNg
2026-01-23,Phantom Parrot,2023,https://boxd.it/Ffoe
2026-01-25,One Last Evening,2023,https://boxd.it/Ebpq
2026-01-25,The Hot Touch,1981,https://boxd.it/cLLw
2026-01-26,Micky Flanagan: Peeping Behind the Curtain,2020,https://boxd.it/tuxG
2026-01-28,Cliff Walkers,2021,https://boxd.it/nJda
2026-01-30,Spare Change,2008,https://boxd.it/c3bu
2026-01-30,The Marathon,1988,https://boxd.it/ac6Y
2026-01-31,The Gendarme in New York,1965,https://boxd.it/23Ua
2026-01-31,The Thomas Beale Cipher,2010,https://boxd.it/sou
2026-02-02,U.F.Oh Yeah,2015,https://boxd.it/bR3S
2026-02-03,Mona Lisa,1973,https://boxd.it/8WIg
2026-02-03,Likeness,2013,https://boxd.it/6GHi
2026-02-03,Wicked: For Good,2025,https://boxd.it/AyfK
2026-02-04,Unorthodox,2020,https://boxd.it/pHfs
2026-02-04,Anna & Bella,1984,https://boxd.it/4de8
2026-02-05,La Palma,2024,https://boxd.it/RZIy
2026-02-05,Spenser Confidential,2020,https://boxd.it/log4
2026-02-06,Slimtime,2010,https://boxd.it/6gXk
2026-02-06,"Film in Which There Appear Edge Lettering, Sprocket Holes, Dirt Particles, Etc.",1966,https://boxd.it/3PX4
2026-02-07,One Rat Short,2006,https://boxd.it/16Mw
2026-02-08,David Blaine: Beyond Magic,2016,https://boxd.it/f5Fi
2026-02-08,Pillion,2025,https://boxd.it/N6Pw
2026-02-09,I Am Curious (Yellow),1967,https://boxd.it/Wg6
2026-02-09,I Am Curious (Blue),1968,https://boxd.it/OW4
2026-02-10,Ice Merchants,2022,https://boxd.it/Arx8
2026-02-10,The Muppet Show,2026,https://boxd.it/XGno
2026-02-10,Happyend,2024,https://boxd.it/rnUa
2026-02-11,Shiva Baby,2020,https://boxd.it/oIv0
2026-02-12,Red Rooms,2023,https://boxd.it/ym4c
2026-02-13,I Wish You All the Best,2024,https://boxd.it/CGvq
2026-02-13,Gladiator II,2024,https://boxd.it/kqQQ
2026-02-14,Entrapment,1999,https://boxd.it/282i
2026-02-14,Hairy Legs,2024,https://boxd.it/MFuG
2026-02-15,Babylon 5: The Gathering,1993,https://boxd.it/1V1m
2026-02-15,Babylon 5: In the Beginning,1998,https://boxd.it/1V1G
2026-02-15,Babylon 5: Thirdspace,1998,https://boxd.it/1V1w
2026-02-15,Overboard,1987,https://boxd.it/1VpS
2026-02-15,Jacob Collier: In the Room Where It Happens,2022,https://boxd.it/ASIW
2026-02-16,Freakier Friday,2025,https://boxd.it/GxwW
2026-02-16,Valentine's Day,2010,https://boxd.it/1gui
2026-02-17,Gordon Ramsay's American Road Trip,2021,https://boxd.it/Kz2s
2026-02-17,Ghost Town,2008,https://boxd.it/1Rd4
2026-02-19,F Valentine's Day,2026,https://boxd.it/10lKM
2026-02-19,Why Worry?,1923,https://boxd.it/ZAe
2026-02-20,Shell,2024,https://boxd.it/tCmQ
2026-02-20,Gayniggers from Outer Space,1993,https://boxd.it/1fBW
2026-02-20,Dear Imelda,2024,https://boxd.it/T0He
2026-02-20,Ritual in Transfigured Time,1946,https://boxd.it/3Af2
2026-02-22,Rental Family,2025,https://boxd.it/JQOw
2026-02-22,Next Goal Wins,2023,https://boxd.it/mZTu
2026-02-22,Eternity,2025,https://boxd.it/LYtK
2026-02-23,The Thing with Feathers,2025,https://boxd.it/GDVS
2026-02-23,The Telephone Book,1971,https://boxd.it/40sm
2026-02-23,The Sure Thing,1985,https://boxd.it/1Zqg
2026-02-24,The House Is Black,1963,https://boxd.it/STe
2026-02-24,Lucy Beaumont: Live From The Royal Court Theatre,2024,https://boxd.it/MO98
2026-02-25,Marty Supreme,2025,https://boxd.it/Off0
2026-02-25,Between Bears,2010,https://boxd.it/4Cji
2026-02-26,A Friend of Dorothy,2025,https://boxd.it/Uxo2
2026-02-26,Nick Cave's Veiled World,2025,https://boxd.it/Zp1k
2026-02-27,Spinal Tap II: The End Continues,2025,https://boxd.it/APzs
2026-02-27,Spin Me Round,2022,https://boxd.it/vasK
2026-02-28,The Finishing Line,1977,https://boxd.it/3fAI
2026-02-28,La petite Maison,1952,https://boxd.it/uQ6
2026-02-28,The Horribly Slow Murderer with the Extremely Inefficient Weapon,2008,https://boxd.it/1rnW
2026-03-01,Men,2022,https://boxd.it/tlc0
2026-03-01,Egghead Republic,2025,https://boxd.it/LXbq
2026-03-02,Dreams,2024,https://boxd.it/KFnQ
2026-03-02,Love,2024,https://boxd.it/KFoY
2026-03-03,Blackbird,1958,https://boxd.it/54r0
2026-03-03,Bunny,1998,https://boxd.it/I3s
2026-03-03,Epithet,2012,https://boxd.it/7FCI
2026-03-04,Nuremberg,2025,https://boxd.it/K6qU
2026-03-04,I'm Chevy Chase and You're Not,2025,https://boxd.it/Z5CU
2026-03-05,The Boy Who Turned Yellow,1972,https://boxd.it/7GFI
2026-03-05,Skyscraper Live,2026,https://boxd.it/ZAcy
2026-03-06,All That We Love,2024,https://boxd.it/MD26
2026-03-06,Fame Is the Name of the Game,1966,https://boxd.it/ap9m
2026-03-07,For Your Consideration,2006,https://boxd.it/1NmG
2026-03-07,What Really Happened to Baby Jane,1963,https://boxd.it/jetS
2026-03-07,Dust,2013,https://boxd.it/8WHC
2026-03-08,Tim Minchin and the Heritage Orchestra,2011,https://boxd.it/2OAw
2026-03-08,Alan Carr: Regional Trinket,2023,https://boxd.it/Kuuc
2026-03-10,F Marry Kill,2025,https://boxd.it/Rdvw
2026-03-10,Ned Rifle,2014,https://boxd.it/8Lea
2026-03-10,Pools,2024,https://boxd.it/w2U4
2026-03-11,Best Sellers,2021,https://boxd.it/oW0g
2026-03-11,Retouches,2008,https://boxd.it/7zuo
2026-03-12,Flirt,1995,https://boxd.it/LPa
2026-03-12,Honey Don't!,2025,https://boxd.it/Hurc
2026-03-13,"Black God, White Devil",1964,https://boxd.it/2fmY
2026-03-13,Winter Light,1963,https://boxd.it/1nrU
2026-03-14,Big Little Lies,2017,https://boxd.it/fYde
2026-03-14,Two Tons of Turquoise to Taos Tonight,1975,https://boxd.it/3LKg
2026-03-16,In the Name of the King: A Dungeon Siege Tale,2007,https://boxd.it/26Xc
2026-03-17,The Kill Team,2019,https://boxd.it/hChs
2026-03-18,A Perfect Murder,1998,https://boxd.it/27Ke
2026-03-19,The Age of Adaline,2015,https://boxd.it/9ghu
2026-03-19,Life on the Line,2015,https://boxd.it/dX8e
2026-03-20,The Women,2008,https://boxd.it/1P0s
2026-03-21,Dear John,2010,https://boxd.it/1zO2
2026-03-21,Admiral,2015,https://boxd.it/8rCm
2026-03-22,Justice League,2017,https://boxd.it/4w68
2026-03-22,The Butler,2013,https://boxd.it/4iti
2026-03-22,Lansky,2021,https://boxd.it/pUNM
2026-03-23,My Name Is Eftihia,2019,https://boxd.it/okR2
2026-03-24,The Good Girl,2002,https://boxd.it/1Xqo
2026-03-25,Domingo,2007,https://boxd.it/54rE
2026-03-25,1933,1967,https://boxd.it/aBjo
2026-03-26,Lesbian Space Princess,2025,https://boxd.it/PgP6
2026-03-26,Fire Down Below,1997,https://boxd.it/1Ong
2026-03-26,The Flower of the Lake,1999,https://boxd.it/Mfs
2026-03-27,The Tomorrow Man,2019,https://boxd.it/kIK2
2026-03-28,Dragons Forever,1988,https://boxd.it/1BtK
2026-03-29,Tired,2014,https://boxd.it/8OOK
2026-03-29,Light Is Calling,2004,https://boxd.it/4dsE
2026-03-29,Do You Do You Saint-Tropez,2021,https://boxd.it/mAZs
2026-03-30,Lone,2014,https://boxd.it/dyqW
2026-03-30,MIGRANTS,2020,https://boxd.it/oF4K
2026-03-31,The Silent City,2006,https://boxd.it/1en0
2026-03-31,The Queen's Gambit,2020,https://boxd.it/s1Ym
2026-04-02,Homefront,2013,https://boxd.it/67Wi
2026-04-02,Old,2021,https://boxd.it/npKI
2026-04-03,Survivor,2015,https://boxd.it/b0Zu
2026-04-03,Eraser,1996,https://boxd.it/1Z6U
2026-04-04,Haute Couture,2021,https://boxd.it/qWzk
2026-04-04,Jack Ryan: Shadow Recruit,2014,https://boxd.it/4pFq
2026-04-04,Street Kings,2008,https://boxd.it/28Yw
2026-04-04,Knockaround Guys,2001,https://boxd.it/20Ty
2026-04-04,Taris,1931,https://boxd.it/F4C
2026-04-04,When the Day Breaks,1999,https://boxd.it/50zk
2026-04-06,Marooned,2019,https://boxd.it/mqu0
2026-04-06,Two Knights of Vaudeville,1915,https://boxd.it/epho
2026-04-07,Arco,2025,https://boxd.it/uh7C
2026-04-07,Sarah Millican: Late Bloomer,2025,https://boxd.it/ZxNm
2026-04-08,Surviving Sex Trafficking,2021,https://boxd.it/AYwi
2026-04-08,Five Days Till Tomorrow,2022,https://boxd.it/LZU8
2026-04-09,Out-Takes from the Life of a Happy Man,2012,https://boxd.it/5LT2
2026-04-09,Zootopia 2,2025,https://boxd.it/F0vO
2026-04-09,The Wasteland,2014,https://boxd.it/8RXq
2026-04-10,Häxan,1922,https://boxd.it/n4O
2026-04-10,Dinner with Friends,2025,https://boxd.it/WtfE
2026-04-11,Daybreak Express,1957,https://boxd.it/28AY
2026-04-11,Wrong Reasons,2022,https://boxd.it/DWkA
2026-04-12,Jayne Mansfield's Car,2012,https://boxd.it/3icO
2026-04-12,Paradise Records,2025,https://boxd.it/OvtC
2026-04-13,The Microsoft Dilemma,2018,https://boxd.it/ijom
2026-04-13,The Wrong Guy,1997,https://boxd.it/1MsI
2026-04-14,The Year of the Deer,1995,https://boxd.it/7zjK
2026-04-14,2084: Video Clip for the Trade Unions' Reflection and Pleasure,1984,https://boxd.it/66pM
2026-04-15,Pictured,2014,https://boxd.it/dhco
2026-04-16,Closet Space,2016,https://boxd.it/dDrg
2026-04-16,Not Alone in Here,2020,https://boxd.it/qn8e
2026-04-17,Adicolor Yellow,2006,https://boxd.it/KhG
2026-04-17,Eva,2005,https://boxd.it/4dgy
2026-04-18,Elephants Dream,2006,https://boxd.it/1XSi
2026-04-18,How Wings Are Attached to the Backs of Angels,1996,https://boxd.it/5xic
2026-04-18,Two People Exchanging Saliva,2024,https://boxd.it/PM3e
2026-04-19,Rooty Toot Toot,1951,https://boxd.it/3xjg
2026-04-19,Somebody,2014,https://boxd.it/9g1Q
2026-04-20,Wolf Daddy,2005,https://boxd.it/3c6K
2026-04-20,Cargo,2013,https://boxd.it/5yVO
2026-04-21,Bill Bailey: Larks in Transit,2021,https://boxd.it/x1Yw
2026-04-21,Mind My Mind,2019,https://boxd.it/nC4K
2026-04-23,Invocation,2013,https://boxd.it/7awk
2026-04-23,Enigma: Nazo,1978,https://boxd.it/8s0o
2026-04-24,Filming 'The Trial',2002,https://boxd.it/5w7M
2026-04-24,I Am Steve McQueen,2014,https://boxd.it/8vUO
2026-04-24,Not So Fast,2014,https://boxd.it/dhce
2026-04-24,The Ravishing of Frank N. Stein,1982,https://boxd.it/6J3K
2026-04-25,Lavatory Lovestory,2006,https://boxd.it/4Ivk
2026-04-25,The Design,1981,https://boxd.it/8Axg
2026-04-26,Preparation for the Next Life,2025,https://boxd.it/O9Iq
2026-04-26,Prompt,2025,https://boxd.it/XEyY
2026-04-26,Power: The Downfall of Huw Edwards,2026,https://boxd.it/11AJ2
2026-04-27,Talk to Me,2022,https://boxd.it/C6uQ
2026-04-27,The Man Who Sleeps,1974,https://boxd.it/3xwE
2026-04-27,"The Pink Pill: Sex, Drugs and Who Has Control",2025,https://boxd.it/Y9ze
2026-04-28,Apricot,2009,https://boxd.it/3IZs
2026-04-28,The Sandman,1991,https://boxd.it/I7O
2026-04-29,Lemon,1969,https://boxd.it/4F2u
2026-04-29,The God,2003,https://boxd.it/Igm
2026-04-30,Island,1973,https://boxd.it/bhKc
2026-05-01,Daruma,2023,https://boxd.it/J0Ea
2026-05-01,Bridges-Go-Round 1,1958,https://boxd.it/55aE
2026-05-01,For the Birds,2000,https://boxd.it/1P6K
2026-05-02,Dog,2001,https://boxd.it/44Jm
2026-05-02,The Nose,1963,https://boxd.it/4dYq
2026-05-03,Color Theories by Julio Torres. A Guide to Seeing the World,2026,https://boxd.it/YEtQ
2026-05-03,Sound of the Surf,2022,https://boxd.it/verG
2026-05-04,Exit 8,2025,https://boxd.it/S9Kk
2026-05-04,Megadoc,2025,https://boxd.it/NeK0
2026-05-04,The Legend of the Scarecrow,2005,https://boxd.it/ba6Y
2026-05-05,The Book of Life,1998,https://boxd.it/1z78
2026-05-05,Nymphlight,1957,https://boxd.it/5Jse
2026-05-06,Sissy-Boy Slap-Party,2004,https://boxd.it/4zt0
2026-05-06,The Wind,1986,https://boxd.it/89dS
2026-05-08,My Suicide,2009,https://boxd.it/2QBw
2026-05-08,Syrinx,1965,https://boxd.it/6q4E
2026-05-08,Stanley Pickle,2010,https://boxd.it/4J66
2026-05-09,Apex,2026,https://boxd.it/OjMW
2026-05-09,Super Happy Forever,2024,https://boxd.it/NpKg
2026-05-10,Sweet Dreams,2008,https://boxd.it/8kqI
2026-05-10,The Lunch Date,1989,https://boxd.it/StA
2026-05-10,Manhatta,1921,https://boxd.it/3lOQ
2026-05-11,Project Hail Mary,2026,https://boxd.it/pEeQ
2026-05-12,The Drama,2026,https://boxd.it/OA2w
2026-05-13,Apple Thieves,2024,https://boxd.it/Q7kq
2026-05-13,The Million Dollar Bet,2024,https://boxd.it/QKne
2026-05-14,Museum,2026,https://boxd.it/11bOQ
2026-05-14,Two Days with My Father,2014,https://boxd.it/t45G
2026-05-15,Shoah,1985,https://boxd.it/XSK
2026-05-15,The Shape of Something Squashed,2014,https://boxd.it/kx3c
2026-05-15,Remarkably Bright Creatures,2026,https://boxd.it/OZJq
2026-05-16,The Moment,2026,https://boxd.it/SCkg
2026-05-16,Roofman,2025,https://boxd.it/LcIW
2026-05-17,Sidonie in Japan,2023,https://boxd.it/BYbQ
2026-05-17,Closed Mondays,1974,https://boxd.it/IR8
2026-05-17,The Close,2026,https://boxd.it/12L7U
2026-05-18,Writing Doom,2024,https://boxd.it/Ry34
2026-05-18,Emilie Muller,1993,https://boxd.it/ewEO
2026-05-18,The God Man,2025,https://boxd.it/UBlQ
2026-05-19,A Big Bold Beautiful Journey,2025,https://boxd.it/Lcle
2026-05-20,The Thinking Game,2024,https://boxd.it/MD7q
2026-05-20,Timepiece,2024,https://boxd.it/WlCU
2026-05-20,Black Box,2021,https://boxd.it/oGm6
2026-05-21,The Last Shift,2020,https://boxd.it/oijs
2026-05-21,"history of the entire world, i guess",2017,https://boxd.it/rQx0
2026-05-22,Over the Garden Wall 10th Anniversary Tribute,2024,https://boxd.it/QEDA
2026-05-22,The Solitary Gourmet,2024,https://boxd.it/ObtW
2026-05-23,Memorable,2019,https://boxd.it/mtl6
2026-05-23,Lust Weekend,1967,https://boxd.it/kOMI
2026-05-23,The Bizarre Ones,1968,https://boxd.it/aLgO
2026-05-24,Goodbye Jerome!,2021,https://boxd.it/yqt6
2026-05-24,Eusebeia,2025,https://boxd.it/UfLi
2026-05-24,Double King,2017,https://boxd.it/g2Sq
2026-05-25,Li'l Quinquin,2014,https://boxd.it/agCa
2026-05-25,EO,2022,https://boxd.it/txhc
2026-05-25,Lord of the Flies,1963,https://boxd.it/1Xqy
2026-05-26,Do I Know You From Somewhere?,2024,https://boxd.it/LDI0
2026-05-26,Dear Coward on the Moon,2017,https://boxd.it/jVRS
2026-05-27,Black Narcissus,1947,https://boxd.it/1Kce
2026-05-27,Life After Beth,2014,https://boxd.it/7bqM
2026-05-28,Killing Time at Home,2003,https://boxd.it/asju
2026-05-28,Junkopia,1981,https://boxd.it/44LC
2026-05-29,Misogynist,2013,https://boxd.it/awxA
2026-05-29,Rapsodeus,2013,https://boxd.it/5aP8
2026-05-29,Blackfly,1991,https://boxd.it/I3M
2026-05-30,Outcome,2026,https://boxd.it/DHU4
2026-05-30,Wicked Little Letters,2023,https://boxd.it/AQXU
2026-05-31,"Two Cars, One Night",2003,https://boxd.it/AiE
2026-05-31,Afternoon Class,2015,https://boxd.it/gh7k
2026-05-31,(OO),2017,https://boxd.it/jkzi
2026-06-02,Life Is Flashing Before Your Eyes,1984,https://boxd.it/3Av0
2026-06-02,The Big Snit,1985,https://boxd.it/IiW
2026-06-03,Butterfly of Love,2004,https://boxd.it/72bS
2026-06-03,The Little Mermaid,2011,https://boxd.it/6N6y
2026-06-04,Female Perversions,1996,https://boxd.it/2kii
2026-06-04,The Wonder Ring,1955,https://boxd.it/4Gem
2026-06-04,Zombie in a Penguin Suit,2011,https://boxd.it/44B8
2026-06-05,Humanist Vampire Seeking Consenting Suicidal Person,2023,https://boxd.it/Blzk
2026-06-05,We Were Dangerous,2024,https://boxd.it/KGFQ
2026-06-06,New Boy,2007,https://boxd.it/4zfi
2026-06-06,Flipped,2010,https://boxd.it/Tb8
2026-06-06,Flicker,2012,https://boxd.it/3TSC
2026-06-08,On Becoming a Guinea Fowl,2024,https://boxd.it/EXzS
2026-06-08,One Last Deal,2026,https://boxd.it/SSsq
2026-06-08,Monster Roll,2012,https://boxd.it/4Qjm
2026-06-08,A Castle Within a Castle,1954,https://boxd.it/55ow
2026-06-08,Marvel One-Shot: All Hail the King,2014,https://boxd.it/7suG
2026-06-10,Little Trouble Girls,2025,https://boxd.it/CyMy
2026-06-10,She and Her Cat,1999,https://boxd.it/1HvC
2026-06-10,Doll Face,2005,https://boxd.it/5A6I
2026-06-10,Propeller One-Way Night Coach,2026,https://boxd.it/121LE
2026-06-11,Address Is Approximate,2011,https://boxd.it/4DP0
2026-06-11,Pinched,2012,https://boxd.it/ckck
2026-06-11,Black Hole,2010,https://boxd.it/5MrI
2026-06-12,Five Minutes of Pure Cinema,1926,https://boxd.it/5Jaa
2026-06-13,Lot254,2012,https://boxd.it/7wSC
2026-06-13,The Cure: Anniversary 1978 - 2018 - (Live In Hyde Park),2018,https://boxd.it/mlVg
2026-06-14,2AM: The Smiling Man,2013,https://boxd.it/xDlC
2026-06-14,Time Trap,2014,https://boxd.it/9QsS
2026-06-15,PROXiMITY,2013,https://boxd.it/76SG
2026-06-15,SENTiNEL,2017,https://boxd.it/hONU
2026-06-16,National Theatre Live: Hangmen,2016,https://boxd.it/dsXU
2026-06-16,Death Does Not Exist,2025,https://boxd.it/BkJo
2026-06-17,Acid Rain,2019,https://boxd.it/l72a
2026-06-17,A Bird Hit My Window and Now I'm a Lesbian,2024,https://boxd.it/PRPi
2026-06-17,The Windshield Wiper,2021,https://boxd.it/mbcq
2026-06-17,Patty Is Such a Girly Name,2025,https://boxd.it/XO2I
2026-06-18,Prehistoric Beast,1984,https://boxd.it/76hA
2026-06-18,The Centrifuge Brain Project,2012,https://boxd.it/55Ta
2026-06-19,Coda,2013,https://boxd.it/9QNG
2026-06-19,Comingled Containers,1996,https://boxd.it/490Q
2026-06-20,The Snow Queen,1957,https://boxd.it/2oYM
2026-06-20,Atanarjuat: The Fast Runner,2001,https://boxd.it/1Qyq
2026-06-21,Out of a Forest,2010,https://boxd.it/6gwe
2026-06-21,Critical Care,1997,https://boxd.it/dYs
2026-06-22,Meetings with Remarkable Men,1979,https://boxd.it/3FyI
2026-06-22,Fantasy Life,2025,https://boxd.it/SBTY
2026-06-23,Office Romance,2026,https://boxd.it/Qkma
2026-06-23,The Tender Game,1958,https://boxd.it/55mq
2026-06-23,How to Make a Killing,2026,https://boxd.it/gLi8
2026-06-24,It's All Good,2018,https://boxd.it/lBck
2026-06-24,The Mastermind,2025,https://boxd.it/Q7ge
2026-06-25,Borrowed Time,2015,https://boxd.it/eTjY
2026-06-25,21-87,1963,https://boxd.it/5xGe
2026-06-26,Black Lotus,2023,https://boxd.it/BEe6
2026-06-26,Escape Plan: The Extractors,2019,https://boxd.it/hfiW
2026-06-27,Spider-Man: No Way Home,2021,https://boxd.it/nwRw
2026-06-30,Barbarian,2022,https://boxd.it/yohi
2026-06-30,Marmaduke,2010,https://boxd.it/15GW
2026-07-01,Only the Brave,2017,https://boxd.it/dRqw
2026-07-02,War,2007,https://boxd.it/1WhA
2026-07-02,A Very English Scandal,2018,https://boxd.it/j6CC
2026-07-02,Siberia,2018,https://boxd.it/fAos
2026-07-04,The Man Who Stole the Scream,2023,https://boxd.it/FtJg
2026-07-04,I Wanna Dance with Somebody,2022,https://boxd.it/q0Dy
2026-07-05,Vendetta,2022,https://boxd.it/xMoA
2026-07-06,In Her Shoes,2005,https://boxd.it/1SK4
2026-07-07,5 Flights Up,2014,https://boxd.it/8SUM
2026-07-07,The Mauritanian,2021,https://boxd.it/nWiM
2026-07-10,Problem Child,1990,https://boxd.it/1UH2
2026-07-10,Revolver,2005,https://boxd.it/1VeA
2026-07-10,Fall,2022,https://boxd.it/Bf6G
2026-07-11,The Glimmer Man,1996,https://boxd.it/1YcM
2026-07-12,Last Days in the Desert,2015,https://boxd.it/9X02
2026-07-13,The Boss Baby: Family Business,2021,https://boxd.it/goWY
2026-07-13,I Don't Know How She Does It,2011,https://boxd.it/2srs
2026-07-13,Where the Crawdads Sing,2022,https://boxd.it/psLS
2026-07-13,12 Strong,2018,https://boxd.it/fdnc
2026-07-13,Shooting Blanks,2023,https://boxd.it/GKpE
2026-07-14,Charming the Hearts of Men,2021,https://boxd.it/pUOA
2026-07-14,High Crimes,2002,https://boxd.it/1Tyo
2026-07-15,Copshop,2021,https://boxd.it/rIGe
2026-07-15,The Long Kiss Goodnight,1996,https://boxd.it/1TUa
2026-07-16,Fast and Sexy,1958,https://boxd.it/84PC
2026-07-18,Scars We Love,2024,https://boxd.it/MLVe
2026-07-18,Return to Sender,2015,https://boxd.it/aZk6
2026-07-19,Soundtrack to a Coup d'Etat,2024,https://boxd.it/K5gk
2026-07-19,The Narcissists,2017,https://boxd.it/gHs4
2026-07-20,The Super Mario Bros. Movie,2023,https://boxd.it/i8C8
2026-07-20,Love Potion No. 9,1992,https://boxd.it/1ufw
2026-07-22,Bandidas,2006,https://boxd.it/27JA
2026-07-23,The Poison Rose,2019,https://boxd.it/jhp0
2026-07-23,Conan the Barbarian,2011,https://boxd.it/18lW
2026-07-23,Artemis Fowl,2020,https://boxd.it/h3Vs
2026-07-24,21 Bridges,2019,https://boxd.it/juea
2026-07-24,Millions,2004,https://boxd.it/1QjK
2026-07-25,Invitation to a Murder,2023,https://boxd.it/Boou
2026-07-25,Weird: The Al Yankovic Story,2022,https://boxd.it/yYZA
2026-07-26,23 Skidoo,1964,https://boxd.it/51Xi
2026-07-26,Blind Spot,2011,https://boxd.it/4PAw
2026-07-27,American Made,2017,https://boxd.it/bb66
2026-07-27,Carolina Caroline,2025,https://boxd.it/OKiY
2026-07-29,"Marty, Life Is Short",2026,https://boxd.it/10s9y
2026-07-29,Juliet in Paris,1967,https://boxd.it/jEaM
2026-07-29,Mass State Lottery,2025,https://boxd.it/UfHq
2026-07-30,Eaten Horizons,1950,https://boxd.it/4Gdo
2026-07-30,Lupo the Butcher,1987,https://boxd.it/4F3s
2026-07-31,As Tears Go By,1988,https://boxd.it/1ybI
2026-07-31,Changing Lanes,2025,https://boxd.it/ZEto
2026-08-01,Nuts!,2016,https://boxd.it/d4Jk
2026-08-01,Schoolgirl Hitchhikers,1973,https://boxd.it/2PjQ
2026-08-01,Scrapper,2023,https://boxd.it/zht4
2026-08-02,Obsession,2025,https://boxd.it/PNqo
2026-08-02,Off the Air,2026,https://boxd.it/UWbC
2026-08-03,Operation Fortune: Ruse de Guerre,2023,https://boxd.it/rJXA
2026-08-04,Elite Squad,2007,https://boxd.it/20YI
2026-08-04,Elite Squad: The Enemy Within,2010,https://boxd.it/Jx4
2026-08-05,Chaos Walking,2021,https://boxd.it/ey2M
2026-08-05,Eno,2024,https://boxd.it/13lw2
2026-08-06,Lemonade Blessing,2025,https://boxd.it/S2S2
2026-08-06,Leila and the Wolves,1984,https://boxd.it/8j4w
2026-08-06,The Nymphets,2015,https://boxd.it/avmc
2026-08-07,The Shrouds,2024,https://boxd.it/AEZa
2026-08-08,Bitter Orange,2013,https://boxd.it/63Ya
2026-08-08,La Salla,1996,https://boxd.it/6uzc
2026-08-09,Netherbeast Incorporated,2007,https://boxd.it/1jU4
2026-08-09,Chris & Martina: The Final Set,2026,https://boxd.it/12EQo
2026-08-09,The Souffleur,2025,https://boxd.it/SvG0
2026-08-10,Disclosure Day,2026,https://boxd.it/MDJY
2026-08-10,Jimmy Carr: Natural Born Killer,2024,https://boxd.it/M7Ww
2026-08-11,Sympathy for Mr. Vengeance,2002,https://boxd.it/23WU
2026-08-11,Swingers,1996,https://boxd.it/1WNc
2026-08-12,Incendies,2010,https://boxd.it/Msm
2026-08-12,No Love Lost,2023,https://boxd.it/BnBC
2026-08-13,Lollipop,2024,https://boxd.it/G0Ms
2026-08-13,Long Shot,1978,https://boxd.it/dRue
2026-08-13,Lorne,2026,https://boxd.it/10ZI2
2026-08-14,Petite Maman,2021,https://boxd.it/s6je
2026-08-14,Little Amélie or the Character of Rain,2025,https://boxd.it/prg0
2026-08-15,Idem Paris,2013,https://boxd.it/5RMQ
2026-08-15,Angel,1957,https://boxd.it/7ioo
2026-08-16,The Paper Bag Plan,2024,https://boxd.it/LZTu
2026-08-17,"Good Luck, Have Fun, Don't Die",2025,https://boxd.it/Glua
2026-08-18,Carne,1991,https://boxd.it/28Ak
2026-08-19,A Light Through Coloured Glass,2022,https://boxd.it/DqES
2026-08-19,The Thistle in the Kiss,2025,https://boxd.it/FyGc
2026-08-19,Modern Whore,2025,https://boxd.it/KNQ2
2026-08-21,A Trip Elsewhere,2024,https://boxd.it/PTEm
2026-08-21,Dreaming Murakami,2017,https://boxd.it/i4e2
2026-08-21,Too Much Sleep,1997,https://boxd.it/46P2
2026-08-21,The Boy and the Heron,2023,https://boxd.it/ipeM
2026-08-22,The Devil Wears Prada 2,2026,https://boxd.it/Oags
2026-08-22,The Mountain,2018,https://boxd.it/ic8G
2026-08-22,Truly Naked,2026,https://boxd.it/MREI
2026-08-24,Dummy,2002,https://boxd.it/1HSG
2026-08-24,Our Gang,1922,https://boxd.it/5oiM
2026-08-24,Blue Eyed Girl,2025,https://boxd.it/HZ8q
2026-08-26,The Invite,2026,https://boxd.it/zRNY
2026-08-26,Risqué,2025,https://boxd.it/Whs2
2026-08-26,The Silent Hour,2024,https://boxd.it/DDqk
2026-08-26,Armand,2024,https://boxd.it/HhtO
2026-08-26,The Plagiarists,2019,https://boxd.it/lcQa
2026-08-27,Andy Warhol's Silver Flotations,1966,https://boxd.it/63jG
2026-08-27,Pigeon: Impossible,2009,https://boxd.it/LeS
2026-08-29,Strange Journey: The Story of Rocky Horror,2025,https://boxd.it/SCmc
2026-08-29,Tuesday,2023,https://boxd.it/vlQI
2026-08-30,David Hockney: A Bigger Picture,2009,https://boxd.it/fFUo
2026-08-30,Wooden Athelete,1912,https://boxd.it/mPXc
2026-08-30,Experimental Animation,1933,https://boxd.it/7hZI
2026-08-30,Man of Steel,2013,https://boxd.it/FRk
2026-08-31,Jurassic World,2015,https://boxd.it/4n0g
2026-09-01,Cream,2016,https://boxd.it/gq0M
2026-09-01,The Blue Umbrella,2013,https://boxd.it/61Wm
2026-09-02,The Million Dollar Hotel,2000,https://boxd.it/2aBk
2026-09-02,The Man Who Stole the Sun,1979,https://boxd.it/igK
2026-09-03,"Papers, Please",2018,https://boxd.it/hovA
2026-09-03,Twinless,2025,https://boxd.it/LkKc
2026-09-03,White Hot: The Rise & Fall of Abercrombie & Fitch,2022,https://boxd.it/zZ8O
2026-09-04,Mutiny,2026,https://boxd.it/Na66
2026-09-04,Fear of Flying,2024,https://boxd.it/MAP0
2026-09-05,The Odyssey,2026,https://boxd.it/QFQU
2026-09-05,Dinner for Few,2015,https://boxd.it/bIsa
2026-09-06,Horacio,2020,https://boxd.it/sYw2
2026-09-06,Cupid's Bow,2022,https://boxd.it/Dooo
2026-09-06,Pressure,2026,https://boxd.it/Oj4A
2026-09-06,I Love Boosters,2026,https://boxd.it/KBIU
2026-09-07,The Order,2024,https://boxd.it/EVrs
2026-09-07,Sweet Decision,2025,https://boxd.it/Z0D4
2026-09-08,Unsaved,2025,https://boxd.it/Wsh0
2026-09-08,The Three Wise Men,2024,https://boxd.it/O7WU
2026-09-08,ONE SECOND LATE,2026,https://boxd.it/12Mrw
2026-09-08,Silent Love,2014,https://boxd.it/pUmw
2026-09-10,Flying Padre,1951,https://boxd.it/OgM
2026-09-10,Day of the Fight,1951,https://boxd.it/Ohq
2026-09-10,The Seafarers,1953,https://boxd.it/PPy
2026-09-10,Fear and Desire,1952,https://boxd.it/1WVq
2026-09-12,Twin Peaks: The Return,2017,https://boxd.it/hN9O
2026-09-12,Cope,2025,https://boxd.it/SBXQ
2026-09-13,Lost Sheep,2023,https://boxd.it/KuT2
2026-09-13,The Place Beyond the Pines,2012,https://boxd.it/3mDu
2026-09-14,Nonnas,2025,https://boxd.it/HxlQ
2026-09-14,Villa Amore,2025,https://boxd.it/UHOk
2026-09-15,Your Studio and You,1995,https://boxd.it/IqQ
2026-09-15,For Goodness Sake II,1996,https://boxd.it/gFLI
2026-09-15,Themroc,1973,https://boxd.it/21c6
2026-09-16,Mothlight,1963,https://boxd.it/3mQe
2026-09-16,String Theory,2026,https://boxd.it/10Ii2
2026-09-17,Take Me Naked,1966,https://boxd.it/4wb8
2026-09-17,1995,2024,https://boxd.it/JwRg
2026-09-17,Jofroi,1933,https://boxd.it/2tI
2026-09-18,Perfect Days,2023,https://boxd.it/ATh8
2026-09-18,Scenes of Friendly Ties,2025,https://boxd.it/XBTO
2026-09-19,Trying,2021,https://boxd.it/RH3i
2026-09-21,The Lost Bus,2025,https://boxd.it/KYKE
2026-09-21,How to Lose a Guy in 10 Days,2003,https://boxd.it/1XwG
2026-09-21,Where Is the Money George?,2010,https://boxd.it/Byx2
2026-09-21,Frailty,2001,https://boxd.it/1Sqe
2026-09-22,26F Seeking Friend,2026,https://boxd.it/14xQg
2026-09-22,Stranger's Pawn,2025,https://boxd.it/WQMm
2026-09-22,The End of Oak Street,2026,https://boxd.it/FF9a
2026-09-22,For Worse,2025,https://boxd.it/SC1I
2026-09-22,Walter,2019,https://boxd.it/vZAg
2026-09-22,Walter,2016,https://boxd.it/s6WU
2026-09-23,I Want Your Sex,2026,https://boxd.it/N8by
2026-09-23,One Night Only,2026,https://boxd.it/T2gO
2026-09-24,My Summer of Love,2004,https://boxd.it/1XZI
2026-09-24,My Mother's Wedding,2023,https://boxd.it/BeEs
2026-09-25,Totally F***ed Up,1993,https://boxd.it/1fg0
2026-09-25,The Cat Came Back,1988,https://boxd.it/2Qys
2026-09-26,Silent River,2021,https://boxd.it/xRHs
2026-09-27,A Boat in the Garden,2024,https://boxd.it/lBY4
2026-09-27,Olympiacos: The Legend,2025,https://boxd.it/W92U
2026-09-27,80 for Brady,2023,https://boxd.it/zz3e
2026-09-28,Influenced,2024,https://boxd.it/W4bs
2026-09-28,The Old Crocodile,2005,https://boxd.it/32x2
2026-09-28,Eat Pray Love,2010,https://boxd.it/16Cc
2026-09-30,Teenage Sex and Death at Camp Miasma,2026,https://boxd.it/L9GS
2026-09-30,The Love Hypothesis,2026,https://boxd.it/D4qu
2026-09-30,Scary Movie,2026,https://boxd.it/MxEo
2026-09-30,The Gutter,2024,https://boxd.it/LczU
